<?xml version="1.0" encoding="UTF-8"?>
<gpx xmlns="http://www.topografix.com/GPX/1/1" xmlns:xsi="http://www.w3.org/2001/XMLSchema-instance" xsi:schemaLocation="http://www.topografix.com/GPX/1/1 http://www.topografix.com/GPX/1/1/gpx.xsd" version="1.1" creator="Martin Schneider">
  <wpt lat="25.125384" lon="121.466747">
    <ele>9.0</ele>
    <name>Start</name>
  </wpt>
  <wpt lat="25.166053" lon="121.56378">
    <ele>743.0</ele>
    <name>End</name>
  </wpt>
  <wpt lat="25.1410075" lon="121.4747918">
    <name>1</name>
    <desc>Trailhead</desc>
  </wpt>
  <wpt lat="25.1599891" lon="121.5006602">
    <name>2</name>
    <desc>Qingtian Temple</desc>
  </wpt>
  <wpt lat="25.1706796" lon="121.5081465">
    <name>3</name>
    <desc>Fork</desc>
  </wpt>
  <wpt lat="25.18593" lon="121.5252236">
    <name>4</name>
    <desc>Erziping</desc>
  </wpt>
  <wpt lat="25.1764908" lon="121.5468716">
    <name>5</name>
    <desc>Xiaoyoukeng</desc>
  </wpt>
  <wpt lat="25.1695092" lon="121.555574">
    <name>6</name>
    <desc>Qixing East Peak</desc>
  </wpt>
  <wpt lat="25.178856" lon="121.52203">
    <ele>1075.0</ele>
    <name>Summit Datunshan</name>
  </wpt>
  <wpt lat="25.170687" lon="121.553489">
    <ele>1097.0</ele>
    <name>Summit Qixingshan</name>
  </wpt>
  <trk>
    <name>1_Datunshan+2_Qixingshan</name>
    <trkseg>
      <trkpt lat="25.125384" lon="121.466747">
        <ele>9.0</ele>
      </trkpt>
      <trkpt lat="25.124983" lon="121.466466">
        <ele>10.0</ele>
      </trkpt>
      <trkpt lat="25.124747" lon="121.466281">
        <ele>11.0</ele>
      </trkpt>
      <trkpt lat="25.124811" lon="121.466079">
        <ele>12.0</ele>
      </trkpt>
      <trkpt lat="25.124868" lon="121.465965">
        <ele>13.0</ele>
      </trkpt>
      <trkpt lat="25.124859" lon="121.465803">
        <ele>14.0</ele>
      </trkpt>
      <trkpt lat="25.124919" lon="121.465724">
        <ele>16.0</ele>
      </trkpt>
      <trkpt lat="25.124997" lon="121.465724">
        <ele>16.0</ele>
      </trkpt>
      <trkpt lat="25.125167" lon="121.465783">
        <ele>16.0</ele>
      </trkpt>
      <trkpt lat="25.125615" lon="121.465818">
        <ele>18.0</ele>
      </trkpt>
      <trkpt lat="25.125909" lon="121.4657">
        <ele>22.0</ele>
      </trkpt>
      <trkpt lat="25.126029" lon="121.465525">
        <ele>25.0</ele>
      </trkpt>
      <trkpt lat="25.126086" lon="121.465438">
        <ele>27.0</ele>
      </trkpt>
      <trkpt lat="25.126207" lon="121.46547">
        <ele>27.0</ele>
      </trkpt>
      <trkpt lat="25.126178" lon="121.465565">
        <ele>25.0</ele>
      </trkpt>
      <trkpt lat="25.126339" lon="121.465671">
        <ele>24.0</ele>
      </trkpt>
      <trkpt lat="25.126476" lon="121.465796">
        <ele>22.0</ele>
      </trkpt>
      <trkpt lat="25.126747" lon="121.46613">
        <ele>19.0</ele>
      </trkpt>
      <trkpt lat="25.126797" lon="121.466082">
        <ele>20.0</ele>
      </trkpt>
      <trkpt lat="25.126752" lon="121.466029">
        <ele>20.0</ele>
      </trkpt>
      <trkpt lat="25.126755" lon="121.465982">
        <ele>21.0</ele>
      </trkpt>
      <trkpt lat="25.126806" lon="121.465936">
        <ele>22.0</ele>
      </trkpt>
      <trkpt lat="25.12705" lon="121.465811">
        <ele>25.0</ele>
      </trkpt>
      <trkpt lat="25.127284" lon="121.465712">
        <ele>28.0</ele>
      </trkpt>
      <trkpt lat="25.1274" lon="121.465685">
        <ele>29.0</ele>
      </trkpt>
      <trkpt lat="25.127593" lon="121.465681">
        <ele>31.0</ele>
      </trkpt>
      <trkpt lat="25.127892" lon="121.465718">
        <ele>33.0</ele>
      </trkpt>
      <trkpt lat="25.128446" lon="121.465847">
        <ele>37.0</ele>
      </trkpt>
      <trkpt lat="25.1289473" lon="121.4660042">
        <ele>36.0</ele>
      </trkpt>
      <trkpt lat="25.129143" lon="121.466066">
        <ele>35.0</ele>
      </trkpt>
      <trkpt lat="25.129157" lon="121.46607">
        <ele>35.0</ele>
      </trkpt>
      <trkpt lat="25.129283" lon="121.46609">
        <ele>36.0</ele>
      </trkpt>
      <trkpt lat="25.129679" lon="121.466089">
        <ele>39.0</ele>
      </trkpt>
      <trkpt lat="25.129822" lon="121.466067">
        <ele>40.0</ele>
      </trkpt>
      <trkpt lat="25.129839" lon="121.466101">
        <ele>40.0</ele>
      </trkpt>
      <trkpt lat="25.129822" lon="121.466067">
        <ele>40.0</ele>
      </trkpt>
      <trkpt lat="25.130003" lon="121.466041">
        <ele>42.0</ele>
      </trkpt>
      <trkpt lat="25.130009" lon="121.466127">
        <ele>41.0</ele>
      </trkpt>
      <trkpt lat="25.130234" lon="121.466255">
        <ele>42.0</ele>
      </trkpt>
      <trkpt lat="25.1306401" lon="121.466623">
        <ele>43.0</ele>
      </trkpt>
      <trkpt lat="25.130724" lon="121.466699">
        <ele>44.0</ele>
      </trkpt>
      <trkpt lat="25.131088" lon="121.467079">
        <ele>50.0</ele>
      </trkpt>
      <trkpt lat="25.131245" lon="121.467347">
        <ele>53.0</ele>
      </trkpt>
      <trkpt lat="25.131429" lon="121.467838">
        <ele>59.0</ele>
      </trkpt>
      <trkpt lat="25.131671" lon="121.46827">
        <ele>67.0</ele>
      </trkpt>
      <trkpt lat="25.131803" lon="121.468448">
        <ele>69.0</ele>
      </trkpt>
      <trkpt lat="25.131945" lon="121.4686">
        <ele>71.0</ele>
      </trkpt>
      <trkpt lat="25.132146" lon="121.46878">
        <ele>74.0</ele>
      </trkpt>
      <trkpt lat="25.132111" lon="121.468829">
        <ele>74.0</ele>
      </trkpt>
      <trkpt lat="25.132425" lon="121.469042">
        <ele>77.0</ele>
      </trkpt>
      <trkpt lat="25.132728" lon="121.4692">
        <ele>80.0</ele>
      </trkpt>
      <trkpt lat="25.133028" lon="121.469457">
        <ele>83.0</ele>
      </trkpt>
      <trkpt lat="25.134444" lon="121.47126">
        <ele>93.0</ele>
      </trkpt>
      <trkpt lat="25.134521" lon="121.471314">
        <ele>95.0</ele>
      </trkpt>
      <trkpt lat="25.134966" lon="121.471458">
        <ele>101.0</ele>
      </trkpt>
      <trkpt lat="25.135078" lon="121.471561">
        <ele>102.0</ele>
      </trkpt>
      <trkpt lat="25.13568" lon="121.47242">
        <ele>96.0</ele>
      </trkpt>
      <trkpt lat="25.135763" lon="121.472594">
        <ele>95.0</ele>
      </trkpt>
      <trkpt lat="25.135983" lon="121.473299">
        <ele>92.0</ele>
      </trkpt>
      <trkpt lat="25.136423" lon="121.473147">
        <ele>99.0</ele>
      </trkpt>
      <trkpt lat="25.136658" lon="121.47304">
        <ele>105.0</ele>
      </trkpt>
      <trkpt lat="25.136761" lon="121.472926">
        <ele>109.0</ele>
      </trkpt>
      <trkpt lat="25.136926" lon="121.47304">
        <ele>110.0</ele>
      </trkpt>
      <trkpt lat="25.13713" lon="121.473112">
        <ele>112.0</ele>
      </trkpt>
      <trkpt lat="25.137907" lon="121.473228">
        <ele>119.0</ele>
      </trkpt>
      <trkpt lat="25.138477" lon="121.473348">
        <ele>122.0</ele>
      </trkpt>
      <trkpt lat="25.138869" lon="121.473451">
        <ele>124.0</ele>
      </trkpt>
      <trkpt lat="25.138886" lon="121.473422">
        <ele>125.0</ele>
      </trkpt>
      <trkpt lat="25.138915" lon="121.47341">
        <ele>125.0</ele>
      </trkpt>
      <trkpt lat="25.138946" lon="121.473418">
        <ele>125.0</ele>
      </trkpt>
      <trkpt lat="25.138966" lon="121.473445">
        <ele>125.0</ele>
      </trkpt>
      <trkpt lat="25.139171" lon="121.473443">
        <ele>127.0</ele>
      </trkpt>
      <trkpt lat="25.139373" lon="121.473481">
        <ele>127.0</ele>
      </trkpt>
      <trkpt lat="25.139721" lon="121.47366">
        <ele>127.0</ele>
      </trkpt>
      <trkpt lat="25.139892" lon="121.473564">
        <ele>128.0</ele>
      </trkpt>
      <trkpt lat="25.140002" lon="121.473706">
        <ele>128.0</ele>
      </trkpt>
      <trkpt lat="25.140282" lon="121.473877">
        <ele>127.0</ele>
      </trkpt>
      <trkpt lat="25.140696" lon="121.474313">
        <ele>129.0</ele>
      </trkpt>
      <trkpt lat="25.140862" lon="121.474544">
        <ele>132.0</ele>
      </trkpt>
      <trkpt lat="25.141008" lon="121.474711">
        <ele>136.0</ele>
      </trkpt>
      <trkpt lat="25.141015" lon="121.474747">
        <ele>137.0</ele>
      </trkpt>
      <trkpt lat="25.140998" lon="121.474765">
        <ele>137.0</ele>
      </trkpt>
      <trkpt lat="25.141045" lon="121.474852">
        <ele>139.0</ele>
      </trkpt>
      <trkpt lat="25.140998" lon="121.474765">
        <ele>137.0</ele>
      </trkpt>
      <trkpt lat="25.141045" lon="121.474852">
        <ele>139.0</ele>
      </trkpt>
      <trkpt lat="25.141134" lon="121.474943">
        <ele>143.0</ele>
      </trkpt>
      <trkpt lat="25.14116" lon="121.475009">
        <ele>145.0</ele>
      </trkpt>
      <trkpt lat="25.141239" lon="121.475077">
        <ele>147.0</ele>
      </trkpt>
      <trkpt lat="25.141313" lon="121.4751">
        <ele>149.0</ele>
      </trkpt>
      <trkpt lat="25.141365" lon="121.475141">
        <ele>151.0</ele>
      </trkpt>
      <trkpt lat="25.141446" lon="121.475114">
        <ele>153.0</ele>
      </trkpt>
      <trkpt lat="25.141529" lon="121.475141">
        <ele>155.0</ele>
      </trkpt>
      <trkpt lat="25.141582" lon="121.475123">
        <ele>156.0</ele>
      </trkpt>
      <trkpt lat="25.141632" lon="121.475137">
        <ele>158.0</ele>
      </trkpt>
      <trkpt lat="25.141689" lon="121.475186">
        <ele>160.0</ele>
      </trkpt>
      <trkpt lat="25.141724" lon="121.475255">
        <ele>162.0</ele>
      </trkpt>
      <trkpt lat="25.141808" lon="121.475275">
        <ele>163.0</ele>
      </trkpt>
      <trkpt lat="25.14188" lon="121.475337">
        <ele>166.0</ele>
      </trkpt>
      <trkpt lat="25.141995" lon="121.475547">
        <ele>173.0</ele>
      </trkpt>
      <trkpt lat="25.142072" lon="121.475547">
        <ele>174.0</ele>
      </trkpt>
      <trkpt lat="25.142089" lon="121.475583">
        <ele>176.0</ele>
      </trkpt>
      <trkpt lat="25.142209" lon="121.475658">
        <ele>180.0</ele>
      </trkpt>
      <trkpt lat="25.142225" lon="121.475751">
        <ele>184.0</ele>
      </trkpt>
      <trkpt lat="25.142251" lon="121.475801">
        <ele>186.0</ele>
      </trkpt>
      <trkpt lat="25.142309" lon="121.475815">
        <ele>188.0</ele>
      </trkpt>
      <trkpt lat="25.142374" lon="121.475863">
        <ele>190.0</ele>
      </trkpt>
      <trkpt lat="25.142506" lon="121.476134">
        <ele>199.0</ele>
      </trkpt>
      <trkpt lat="25.142477" lon="121.476221">
        <ele>200.0</ele>
      </trkpt>
      <trkpt lat="25.142488" lon="121.476257">
        <ele>201.0</ele>
      </trkpt>
      <trkpt lat="25.142559" lon="121.476286">
        <ele>202.0</ele>
      </trkpt>
      <trkpt lat="25.14261" lon="121.476371">
        <ele>204.0</ele>
      </trkpt>
      <trkpt lat="25.142699" lon="121.476436">
        <ele>207.0</ele>
      </trkpt>
      <trkpt lat="25.142763" lon="121.476521">
        <ele>209.0</ele>
      </trkpt>
      <trkpt lat="25.14286" lon="121.476609">
        <ele>212.0</ele>
      </trkpt>
      <trkpt lat="25.142889" lon="121.476685">
        <ele>214.0</ele>
      </trkpt>
      <trkpt lat="25.143019" lon="121.476819">
        <ele>217.0</ele>
      </trkpt>
      <trkpt lat="25.143104" lon="121.477278">
        <ele>222.0</ele>
      </trkpt>
      <trkpt lat="25.143147" lon="121.477439">
        <ele>224.0</ele>
      </trkpt>
      <trkpt lat="25.143225" lon="121.477415">
        <ele>225.0</ele>
      </trkpt>
      <trkpt lat="25.143397" lon="121.477443">
        <ele>227.0</ele>
      </trkpt>
      <trkpt lat="25.14362" lon="121.477454">
        <ele>229.0</ele>
      </trkpt>
      <trkpt lat="25.143805" lon="121.477397">
        <ele>230.0</ele>
      </trkpt>
      <trkpt lat="25.143902" lon="121.477383">
        <ele>231.0</ele>
      </trkpt>
      <trkpt lat="25.144094" lon="121.477441">
        <ele>233.0</ele>
      </trkpt>
      <trkpt lat="25.144505" lon="121.47764">
        <ele>232.0</ele>
      </trkpt>
      <trkpt lat="25.144688" lon="121.47779">
        <ele>232.0</ele>
      </trkpt>
      <trkpt lat="25.145033" lon="121.478177">
        <ele>232.0</ele>
      </trkpt>
      <trkpt lat="25.145084" lon="121.478306">
        <ele>232.0</ele>
      </trkpt>
      <trkpt lat="25.145096" lon="121.478421">
        <ele>230.0</ele>
      </trkpt>
      <trkpt lat="25.14514" lon="121.478541">
        <ele>229.0</ele>
      </trkpt>
      <trkpt lat="25.145487" lon="121.47888">
        <ele>227.0</ele>
      </trkpt>
      <trkpt lat="25.145921" lon="121.479502">
        <ele>223.0</ele>
      </trkpt>
      <trkpt lat="25.146297" lon="121.479855">
        <ele>219.0</ele>
      </trkpt>
      <trkpt lat="25.146459" lon="121.480032">
        <ele>219.0</ele>
      </trkpt>
      <trkpt lat="25.146733" lon="121.480455">
        <ele>221.0</ele>
      </trkpt>
      <trkpt lat="25.146977" lon="121.480637">
        <ele>222.0</ele>
      </trkpt>
      <trkpt lat="25.147262" lon="121.480907">
        <ele>223.0</ele>
      </trkpt>
      <trkpt lat="25.147504" lon="121.481092">
        <ele>224.0</ele>
      </trkpt>
      <trkpt lat="25.147673" lon="121.48135">
        <ele>225.0</ele>
      </trkpt>
      <trkpt lat="25.147745" lon="121.481398">
        <ele>226.0</ele>
      </trkpt>
      <trkpt lat="25.147802" lon="121.481492">
        <ele>227.0</ele>
      </trkpt>
      <trkpt lat="25.147827" lon="121.481458">
        <ele>227.0</ele>
      </trkpt>
      <trkpt lat="25.147877" lon="121.481444">
        <ele>227.0</ele>
      </trkpt>
      <trkpt lat="25.147932" lon="121.481454">
        <ele>228.0</ele>
      </trkpt>
      <trkpt lat="25.148018" lon="121.481657">
        <ele>230.0</ele>
      </trkpt>
      <trkpt lat="25.148101" lon="121.481695">
        <ele>231.0</ele>
      </trkpt>
      <trkpt lat="25.148223" lon="121.481692">
        <ele>232.0</ele>
      </trkpt>
      <trkpt lat="25.148324" lon="121.481712">
        <ele>233.0</ele>
      </trkpt>
      <trkpt lat="25.148399" lon="121.481774">
        <ele>233.0</ele>
      </trkpt>
      <trkpt lat="25.148582" lon="121.481811">
        <ele>234.0</ele>
      </trkpt>
      <trkpt lat="25.148684" lon="121.481955">
        <ele>234.0</ele>
      </trkpt>
      <trkpt lat="25.148686" lon="121.482009">
        <ele>234.0</ele>
      </trkpt>
      <trkpt lat="25.148703" lon="121.482032">
        <ele>234.0</ele>
      </trkpt>
      <trkpt lat="25.148908" lon="121.482042">
        <ele>236.0</ele>
      </trkpt>
      <trkpt lat="25.148943" lon="121.48206">
        <ele>237.0</ele>
      </trkpt>
      <trkpt lat="25.148971" lon="121.482028">
        <ele>237.0</ele>
      </trkpt>
      <trkpt lat="25.149037" lon="121.482045">
        <ele>238.0</ele>
      </trkpt>
      <trkpt lat="25.14918" lon="121.482142">
        <ele>239.0</ele>
      </trkpt>
      <trkpt lat="25.149206" lon="121.482178">
        <ele>239.0</ele>
      </trkpt>
      <trkpt lat="25.149321" lon="121.482236">
        <ele>240.0</ele>
      </trkpt>
      <trkpt lat="25.149415" lon="121.482195">
        <ele>240.0</ele>
      </trkpt>
      <trkpt lat="25.149473" lon="121.482277">
        <ele>241.0</ele>
      </trkpt>
      <trkpt lat="25.149552" lon="121.482264">
        <ele>242.0</ele>
      </trkpt>
      <trkpt lat="25.149597" lon="121.4823">
        <ele>242.0</ele>
      </trkpt>
      <trkpt lat="25.149684" lon="121.482317">
        <ele>243.0</ele>
      </trkpt>
      <trkpt lat="25.149752" lon="121.48236">
        <ele>244.0</ele>
      </trkpt>
      <trkpt lat="25.149835" lon="121.48237">
        <ele>245.0</ele>
      </trkpt>
      <trkpt lat="25.14992" lon="121.482405">
        <ele>247.0</ele>
      </trkpt>
      <trkpt lat="25.150001" lon="121.482494">
        <ele>249.0</ele>
      </trkpt>
      <trkpt lat="25.150069" lon="121.482616">
        <ele>248.0</ele>
      </trkpt>
      <trkpt lat="25.150128" lon="121.482638">
        <ele>248.0</ele>
      </trkpt>
      <trkpt lat="25.150247" lon="121.482725">
        <ele>249.0</ele>
      </trkpt>
      <trkpt lat="25.15033" lon="121.482755">
        <ele>249.0</ele>
      </trkpt>
      <trkpt lat="25.150362" lon="121.482863">
        <ele>249.0</ele>
      </trkpt>
      <trkpt lat="25.150426" lon="121.482965">
        <ele>250.0</ele>
      </trkpt>
      <trkpt lat="25.150463" lon="121.48299">
        <ele>250.0</ele>
      </trkpt>
      <trkpt lat="25.150491" lon="121.483055">
        <ele>250.0</ele>
      </trkpt>
      <trkpt lat="25.150561" lon="121.483145">
        <ele>252.0</ele>
      </trkpt>
      <trkpt lat="25.150609" lon="121.483173">
        <ele>252.0</ele>
      </trkpt>
      <trkpt lat="25.150637" lon="121.483264">
        <ele>253.0</ele>
      </trkpt>
      <trkpt lat="25.15064" lon="121.48333">
        <ele>254.0</ele>
      </trkpt>
      <trkpt lat="25.150663" lon="121.483381">
        <ele>254.0</ele>
      </trkpt>
      <trkpt lat="25.150728" lon="121.483442">
        <ele>255.0</ele>
      </trkpt>
      <trkpt lat="25.15075" lon="121.483548">
        <ele>255.0</ele>
      </trkpt>
      <trkpt lat="25.150812" lon="121.483567">
        <ele>256.0</ele>
      </trkpt>
      <trkpt lat="25.150865" lon="121.483565">
        <ele>257.0</ele>
      </trkpt>
      <trkpt lat="25.15092" lon="121.483711">
        <ele>256.0</ele>
      </trkpt>
      <trkpt lat="25.150974" lon="121.483766">
        <ele>256.0</ele>
      </trkpt>
      <trkpt lat="25.150997" lon="121.48388">
        <ele>256.0</ele>
      </trkpt>
      <trkpt lat="25.15109" lon="121.484079">
        <ele>256.0</ele>
      </trkpt>
      <trkpt lat="25.151283" lon="121.484376">
        <ele>257.0</ele>
      </trkpt>
      <trkpt lat="25.151402" lon="121.484497">
        <ele>257.0</ele>
      </trkpt>
      <trkpt lat="25.15156" lon="121.484518">
        <ele>257.0</ele>
      </trkpt>
      <trkpt lat="25.151617" lon="121.484572">
        <ele>257.0</ele>
      </trkpt>
      <trkpt lat="25.151708" lon="121.484577">
        <ele>258.0</ele>
      </trkpt>
      <trkpt lat="25.151784" lon="121.484612">
        <ele>258.0</ele>
      </trkpt>
      <trkpt lat="25.151708" lon="121.484577">
        <ele>258.0</ele>
      </trkpt>
      <trkpt lat="25.151617" lon="121.484572">
        <ele>257.0</ele>
      </trkpt>
      <trkpt lat="25.15156" lon="121.484518">
        <ele>257.0</ele>
      </trkpt>
      <trkpt lat="25.151402" lon="121.484497">
        <ele>257.0</ele>
      </trkpt>
      <trkpt lat="25.151283" lon="121.484376">
        <ele>257.0</ele>
      </trkpt>
      <trkpt lat="25.15109" lon="121.484079">
        <ele>256.0</ele>
      </trkpt>
      <trkpt lat="25.150997" lon="121.48388">
        <ele>256.0</ele>
      </trkpt>
      <trkpt lat="25.150974" lon="121.483766">
        <ele>256.0</ele>
      </trkpt>
      <trkpt lat="25.15092" lon="121.483711">
        <ele>256.0</ele>
      </trkpt>
      <trkpt lat="25.150865" lon="121.483565">
        <ele>257.0</ele>
      </trkpt>
      <trkpt lat="25.150812" lon="121.483567">
        <ele>256.0</ele>
      </trkpt>
      <trkpt lat="25.15075" lon="121.483548">
        <ele>255.0</ele>
      </trkpt>
      <trkpt lat="25.150728" lon="121.483442">
        <ele>255.0</ele>
      </trkpt>
      <trkpt lat="25.150663" lon="121.483381">
        <ele>254.0</ele>
      </trkpt>
      <trkpt lat="25.15064" lon="121.48333">
        <ele>254.0</ele>
      </trkpt>
      <trkpt lat="25.150637" lon="121.483264">
        <ele>253.0</ele>
      </trkpt>
      <trkpt lat="25.150609" lon="121.483173">
        <ele>252.0</ele>
      </trkpt>
      <trkpt lat="25.150561" lon="121.483145">
        <ele>252.0</ele>
      </trkpt>
      <trkpt lat="25.150491" lon="121.483055">
        <ele>250.0</ele>
      </trkpt>
      <trkpt lat="25.150463" lon="121.48299">
        <ele>250.0</ele>
      </trkpt>
      <trkpt lat="25.150426" lon="121.482965">
        <ele>250.0</ele>
      </trkpt>
      <trkpt lat="25.150362" lon="121.482863">
        <ele>249.0</ele>
      </trkpt>
      <trkpt lat="25.15033" lon="121.482755">
        <ele>249.0</ele>
      </trkpt>
      <trkpt lat="25.150247" lon="121.482725">
        <ele>249.0</ele>
      </trkpt>
      <trkpt lat="25.150128" lon="121.482638">
        <ele>248.0</ele>
      </trkpt>
      <trkpt lat="25.150069" lon="121.482616">
        <ele>248.0</ele>
      </trkpt>
      <trkpt lat="25.150001" lon="121.482494">
        <ele>249.0</ele>
      </trkpt>
      <trkpt lat="25.14992" lon="121.482405">
        <ele>247.0</ele>
      </trkpt>
      <trkpt lat="25.149835" lon="121.48237">
        <ele>245.0</ele>
      </trkpt>
      <trkpt lat="25.149752" lon="121.48236">
        <ele>244.0</ele>
      </trkpt>
      <trkpt lat="25.149684" lon="121.482317">
        <ele>243.0</ele>
      </trkpt>
      <trkpt lat="25.149597" lon="121.4823">
        <ele>242.0</ele>
      </trkpt>
      <trkpt lat="25.149552" lon="121.482264">
        <ele>242.0</ele>
      </trkpt>
      <trkpt lat="25.149473" lon="121.482277">
        <ele>241.0</ele>
      </trkpt>
      <trkpt lat="25.149415" lon="121.482195">
        <ele>240.0</ele>
      </trkpt>
      <trkpt lat="25.149321" lon="121.482236">
        <ele>240.0</ele>
      </trkpt>
      <trkpt lat="25.149206" lon="121.482178">
        <ele>239.0</ele>
      </trkpt>
      <trkpt lat="25.14918" lon="121.482142">
        <ele>239.0</ele>
      </trkpt>
      <trkpt lat="25.149037" lon="121.482045">
        <ele>238.0</ele>
      </trkpt>
      <trkpt lat="25.148971" lon="121.482028">
        <ele>237.0</ele>
      </trkpt>
      <trkpt lat="25.148943" lon="121.48206">
        <ele>237.0</ele>
      </trkpt>
      <trkpt lat="25.148908" lon="121.482042">
        <ele>236.0</ele>
      </trkpt>
      <trkpt lat="25.148703" lon="121.482032">
        <ele>234.0</ele>
      </trkpt>
      <trkpt lat="25.148686" lon="121.482009">
        <ele>234.0</ele>
      </trkpt>
      <trkpt lat="25.148684" lon="121.481955">
        <ele>234.0</ele>
      </trkpt>
      <trkpt lat="25.148582" lon="121.481811">
        <ele>234.0</ele>
      </trkpt>
      <trkpt lat="25.148399" lon="121.481774">
        <ele>233.0</ele>
      </trkpt>
      <trkpt lat="25.148324" lon="121.481712">
        <ele>233.0</ele>
      </trkpt>
      <trkpt lat="25.148223" lon="121.481692">
        <ele>232.0</ele>
      </trkpt>
      <trkpt lat="25.148101" lon="121.481695">
        <ele>231.0</ele>
      </trkpt>
      <trkpt lat="25.148018" lon="121.481657">
        <ele>230.0</ele>
      </trkpt>
      <trkpt lat="25.147932" lon="121.481454">
        <ele>228.0</ele>
      </trkpt>
      <trkpt lat="25.148018" lon="121.481657">
        <ele>230.0</ele>
      </trkpt>
      <trkpt lat="25.148101" lon="121.481695">
        <ele>231.0</ele>
      </trkpt>
      <trkpt lat="25.148223" lon="121.481692">
        <ele>232.0</ele>
      </trkpt>
      <trkpt lat="25.148324" lon="121.481712">
        <ele>233.0</ele>
      </trkpt>
      <trkpt lat="25.148399" lon="121.481774">
        <ele>233.0</ele>
      </trkpt>
      <trkpt lat="25.148582" lon="121.481811">
        <ele>234.0</ele>
      </trkpt>
      <trkpt lat="25.148684" lon="121.481955">
        <ele>234.0</ele>
      </trkpt>
      <trkpt lat="25.148686" lon="121.482009">
        <ele>234.0</ele>
      </trkpt>
      <trkpt lat="25.148703" lon="121.482032">
        <ele>234.0</ele>
      </trkpt>
      <trkpt lat="25.148908" lon="121.482042">
        <ele>236.0</ele>
      </trkpt>
      <trkpt lat="25.148943" lon="121.48206">
        <ele>237.0</ele>
      </trkpt>
      <trkpt lat="25.148971" lon="121.482028">
        <ele>237.0</ele>
      </trkpt>
      <trkpt lat="25.149037" lon="121.482045">
        <ele>238.0</ele>
      </trkpt>
      <trkpt lat="25.14918" lon="121.482142">
        <ele>239.0</ele>
      </trkpt>
      <trkpt lat="25.149206" lon="121.482178">
        <ele>239.0</ele>
      </trkpt>
      <trkpt lat="25.149321" lon="121.482236">
        <ele>240.0</ele>
      </trkpt>
      <trkpt lat="25.149415" lon="121.482195">
        <ele>240.0</ele>
      </trkpt>
      <trkpt lat="25.149473" lon="121.482277">
        <ele>241.0</ele>
      </trkpt>
      <trkpt lat="25.149552" lon="121.482264">
        <ele>242.0</ele>
      </trkpt>
      <trkpt lat="25.149597" lon="121.4823">
        <ele>242.0</ele>
      </trkpt>
      <trkpt lat="25.149684" lon="121.482317">
        <ele>243.0</ele>
      </trkpt>
      <trkpt lat="25.149752" lon="121.48236">
        <ele>244.0</ele>
      </trkpt>
      <trkpt lat="25.149835" lon="121.48237">
        <ele>245.0</ele>
      </trkpt>
      <trkpt lat="25.14992" lon="121.482405">
        <ele>247.0</ele>
      </trkpt>
      <trkpt lat="25.150001" lon="121.482494">
        <ele>249.0</ele>
      </trkpt>
      <trkpt lat="25.150069" lon="121.482616">
        <ele>248.0</ele>
      </trkpt>
      <trkpt lat="25.150128" lon="121.482638">
        <ele>248.0</ele>
      </trkpt>
      <trkpt lat="25.150247" lon="121.482725">
        <ele>249.0</ele>
      </trkpt>
      <trkpt lat="25.15033" lon="121.482755">
        <ele>249.0</ele>
      </trkpt>
      <trkpt lat="25.150362" lon="121.482863">
        <ele>249.0</ele>
      </trkpt>
      <trkpt lat="25.150426" lon="121.482965">
        <ele>250.0</ele>
      </trkpt>
      <trkpt lat="25.150463" lon="121.48299">
        <ele>250.0</ele>
      </trkpt>
      <trkpt lat="25.150491" lon="121.483055">
        <ele>250.0</ele>
      </trkpt>
      <trkpt lat="25.150561" lon="121.483145">
        <ele>252.0</ele>
      </trkpt>
      <trkpt lat="25.150609" lon="121.483173">
        <ele>252.0</ele>
      </trkpt>
      <trkpt lat="25.150637" lon="121.483264">
        <ele>253.0</ele>
      </trkpt>
      <trkpt lat="25.15064" lon="121.48333">
        <ele>254.0</ele>
      </trkpt>
      <trkpt lat="25.150663" lon="121.483381">
        <ele>254.0</ele>
      </trkpt>
      <trkpt lat="25.150728" lon="121.483442">
        <ele>255.0</ele>
      </trkpt>
      <trkpt lat="25.15075" lon="121.483548">
        <ele>255.0</ele>
      </trkpt>
      <trkpt lat="25.150812" lon="121.483567">
        <ele>256.0</ele>
      </trkpt>
      <trkpt lat="25.150865" lon="121.483565">
        <ele>257.0</ele>
      </trkpt>
      <trkpt lat="25.15092" lon="121.483711">
        <ele>256.0</ele>
      </trkpt>
      <trkpt lat="25.150974" lon="121.483766">
        <ele>256.0</ele>
      </trkpt>
      <trkpt lat="25.150997" lon="121.48388">
        <ele>256.0</ele>
      </trkpt>
      <trkpt lat="25.15109" lon="121.484079">
        <ele>256.0</ele>
      </trkpt>
      <trkpt lat="25.151283" lon="121.484376">
        <ele>257.0</ele>
      </trkpt>
      <trkpt lat="25.151402" lon="121.484497">
        <ele>257.0</ele>
      </trkpt>
      <trkpt lat="25.15156" lon="121.484518">
        <ele>257.0</ele>
      </trkpt>
      <trkpt lat="25.151617" lon="121.484572">
        <ele>257.0</ele>
      </trkpt>
      <trkpt lat="25.151708" lon="121.484577">
        <ele>258.0</ele>
      </trkpt>
      <trkpt lat="25.151784" lon="121.484612">
        <ele>258.0</ele>
      </trkpt>
      <trkpt lat="25.151755" lon="121.484657">
        <ele>258.0</ele>
      </trkpt>
      <trkpt lat="25.151739" lon="121.484722">
        <ele>258.0</ele>
      </trkpt>
      <trkpt lat="25.151755" lon="121.484657">
        <ele>258.0</ele>
      </trkpt>
      <trkpt lat="25.151784" lon="121.484612">
        <ele>258.0</ele>
      </trkpt>
      <trkpt lat="25.151819" lon="121.48456">
        <ele>258.0</ele>
      </trkpt>
      <trkpt lat="25.152227" lon="121.484391">
        <ele>258.0</ele>
      </trkpt>
      <trkpt lat="25.152348" lon="121.484321">
        <ele>258.0</ele>
      </trkpt>
      <trkpt lat="25.152493" lon="121.484281">
        <ele>259.0</ele>
      </trkpt>
      <trkpt lat="25.152567" lon="121.48422">
        <ele>260.0</ele>
      </trkpt>
      <trkpt lat="25.152759" lon="121.484143">
        <ele>262.0</ele>
      </trkpt>
      <trkpt lat="25.152801" lon="121.484138">
        <ele>262.0</ele>
      </trkpt>
      <trkpt lat="25.152867" lon="121.484163">
        <ele>263.0</ele>
      </trkpt>
      <trkpt lat="25.153059" lon="121.484277">
        <ele>264.0</ele>
      </trkpt>
      <trkpt lat="25.153523" lon="121.484676">
        <ele>266.0</ele>
      </trkpt>
      <trkpt lat="25.153608" lon="121.484704">
        <ele>266.0</ele>
      </trkpt>
      <trkpt lat="25.153922" lon="121.484825">
        <ele>265.0</ele>
      </trkpt>
      <trkpt lat="25.1541" lon="121.485092">
        <ele>264.0</ele>
      </trkpt>
      <trkpt lat="25.154174" lon="121.484973">
        <ele>264.0</ele>
      </trkpt>
      <trkpt lat="25.154312" lon="121.485055">
        <ele>263.0</ele>
      </trkpt>
      <trkpt lat="25.154489" lon="121.485116">
        <ele>262.0</ele>
      </trkpt>
      <trkpt lat="25.154838" lon="121.48518">
        <ele>259.0</ele>
      </trkpt>
      <trkpt lat="25.155301" lon="121.485229">
        <ele>258.0</ele>
      </trkpt>
      <trkpt lat="25.155451" lon="121.485186">
        <ele>258.0</ele>
      </trkpt>
      <trkpt lat="25.1556845" lon="121.4850905">
        <ele>258.0</ele>
      </trkpt>
      <trkpt lat="25.155923" lon="121.484993">
        <ele>258.0</ele>
      </trkpt>
      <trkpt lat="25.155816" lon="121.485035">
        <ele>258.0</ele>
      </trkpt>
      <trkpt lat="25.155914" lon="121.485659">
        <ele>259.0</ele>
      </trkpt>
      <trkpt lat="25.156118" lon="121.486529">
        <ele>261.0</ele>
      </trkpt>
      <trkpt lat="25.156128" lon="121.486689">
        <ele>261.0</ele>
      </trkpt>
      <trkpt lat="25.156055" lon="121.486855">
        <ele>262.0</ele>
      </trkpt>
      <trkpt lat="25.154952" lon="121.48744">
        <ele>266.0</ele>
      </trkpt>
      <trkpt lat="25.154629" lon="121.487595">
        <ele>267.0</ele>
      </trkpt>
      <trkpt lat="25.154572" lon="121.487578">
        <ele>267.0</ele>
      </trkpt>
      <trkpt lat="25.154501" lon="121.487453">
        <ele>267.0</ele>
      </trkpt>
      <trkpt lat="25.154332" lon="121.487523">
        <ele>267.0</ele>
      </trkpt>
      <trkpt lat="25.154279" lon="121.487595">
        <ele>267.0</ele>
      </trkpt>
      <trkpt lat="25.15411" lon="121.487721">
        <ele>266.0</ele>
      </trkpt>
      <trkpt lat="25.15383" lon="121.487974">
        <ele>260.0</ele>
      </trkpt>
      <trkpt lat="25.153909" lon="121.48809">
        <ele>260.0</ele>
      </trkpt>
      <trkpt lat="25.154144" lon="121.488349">
        <ele>264.0</ele>
      </trkpt>
      <trkpt lat="25.154644" lon="121.48858">
        <ele>264.0</ele>
      </trkpt>
      <trkpt lat="25.154876" lon="121.488717">
        <ele>268.0</ele>
      </trkpt>
      <trkpt lat="25.15518" lon="121.489037">
        <ele>274.0</ele>
      </trkpt>
      <trkpt lat="25.155611" lon="121.489543">
        <ele>284.0</ele>
      </trkpt>
      <trkpt lat="25.15564" lon="121.489595">
        <ele>285.0</ele>
      </trkpt>
      <trkpt lat="25.155695" lon="121.489815">
        <ele>287.0</ele>
      </trkpt>
      <trkpt lat="25.15584" lon="121.490106">
        <ele>296.0</ele>
      </trkpt>
      <trkpt lat="25.155858" lon="121.490281">
        <ele>294.0</ele>
      </trkpt>
      <trkpt lat="25.155837" lon="121.49037">
        <ele>291.0</ele>
      </trkpt>
      <trkpt lat="25.15587" lon="121.490425">
        <ele>292.0</ele>
      </trkpt>
      <trkpt lat="25.1559" lon="121.490582">
        <ele>292.0</ele>
      </trkpt>
      <trkpt lat="25.155964" lon="121.490674">
        <ele>295.0</ele>
      </trkpt>
      <trkpt lat="25.156167" lon="121.490821">
        <ele>308.0</ele>
      </trkpt>
      <trkpt lat="25.156337" lon="121.491075">
        <ele>309.0</ele>
      </trkpt>
      <trkpt lat="25.156396" lon="121.491278">
        <ele>305.0</ele>
      </trkpt>
      <trkpt lat="25.156448" lon="121.491337">
        <ele>306.0</ele>
      </trkpt>
      <trkpt lat="25.156516" lon="121.491659">
        <ele>297.0</ele>
      </trkpt>
      <trkpt lat="25.1565" lon="121.49178">
        <ele>292.0</ele>
      </trkpt>
      <trkpt lat="25.156507" lon="121.491827">
        <ele>291.0</ele>
      </trkpt>
      <trkpt lat="25.156542" lon="121.491859">
        <ele>292.0</ele>
      </trkpt>
      <trkpt lat="25.156646" lon="121.491858">
        <ele>299.0</ele>
      </trkpt>
      <trkpt lat="25.156705" lon="121.49189">
        <ele>301.0</ele>
      </trkpt>
      <trkpt lat="25.156765" lon="121.491981">
        <ele>302.0</ele>
      </trkpt>
      <trkpt lat="25.156825" lon="121.492237">
        <ele>296.0</ele>
      </trkpt>
      <trkpt lat="25.156864" lon="121.492296">
        <ele>296.0</ele>
      </trkpt>
      <trkpt lat="25.157012" lon="121.492348">
        <ele>303.0</ele>
      </trkpt>
      <trkpt lat="25.157133" lon="121.492414">
        <ele>308.0</ele>
      </trkpt>
      <trkpt lat="25.15719" lon="121.492558">
        <ele>306.0</ele>
      </trkpt>
      <trkpt lat="25.157457" lon="121.49306">
        <ele>301.0</ele>
      </trkpt>
      <trkpt lat="25.157468" lon="121.493112">
        <ele>299.0</ele>
      </trkpt>
      <trkpt lat="25.157431" lon="121.49342">
        <ele>289.0</ele>
      </trkpt>
      <trkpt lat="25.157443" lon="121.493523">
        <ele>290.0</ele>
      </trkpt>
      <trkpt lat="25.157501" lon="121.493599">
        <ele>292.0</ele>
      </trkpt>
      <trkpt lat="25.157781" lon="121.493736">
        <ele>299.0</ele>
      </trkpt>
      <trkpt lat="25.157875" lon="121.49383">
        <ele>300.0</ele>
      </trkpt>
      <trkpt lat="25.157886" lon="121.493817">
        <ele>300.0</ele>
      </trkpt>
      <trkpt lat="25.15792" lon="121.493849">
        <ele>301.0</ele>
      </trkpt>
      <trkpt lat="25.15795" lon="121.493848">
        <ele>301.0</ele>
      </trkpt>
      <trkpt lat="25.157975" lon="121.493824">
        <ele>302.0</ele>
      </trkpt>
      <trkpt lat="25.157967" lon="121.493773">
        <ele>303.0</ele>
      </trkpt>
      <trkpt lat="25.157925" lon="121.493727">
        <ele>302.0</ele>
      </trkpt>
      <trkpt lat="25.157978" lon="121.493658">
        <ele>304.0</ele>
      </trkpt>
      <trkpt lat="25.158057" lon="121.49361">
        <ele>307.0</ele>
      </trkpt>
      <trkpt lat="25.158085" lon="121.493563">
        <ele>309.0</ele>
      </trkpt>
      <trkpt lat="25.158166" lon="121.49351">
        <ele>312.0</ele>
      </trkpt>
      <trkpt lat="25.158281" lon="121.493612">
        <ele>314.0</ele>
      </trkpt>
      <trkpt lat="25.158434" lon="121.493598">
        <ele>319.0</ele>
      </trkpt>
      <trkpt lat="25.158718" lon="121.493755">
        <ele>326.0</ele>
      </trkpt>
      <trkpt lat="25.158883" lon="121.49377">
        <ele>332.0</ele>
      </trkpt>
      <trkpt lat="25.159014" lon="121.493862">
        <ele>334.0</ele>
      </trkpt>
      <trkpt lat="25.159132" lon="121.49389">
        <ele>338.0</ele>
      </trkpt>
      <trkpt lat="25.159176" lon="121.493937">
        <ele>338.0</ele>
      </trkpt>
      <trkpt lat="25.159224" lon="121.493962">
        <ele>339.0</ele>
      </trkpt>
      <trkpt lat="25.159356" lon="121.494112">
        <ele>339.0</ele>
      </trkpt>
      <trkpt lat="25.159437" lon="121.494171">
        <ele>340.0</ele>
      </trkpt>
      <trkpt lat="25.159621" lon="121.494193">
        <ele>345.0</ele>
      </trkpt>
      <trkpt lat="25.159727" lon="121.494182">
        <ele>349.0</ele>
      </trkpt>
      <trkpt lat="25.159975" lon="121.494313">
        <ele>353.0</ele>
      </trkpt>
      <trkpt lat="25.159999" lon="121.494312">
        <ele>354.0</ele>
      </trkpt>
      <trkpt lat="25.160054" lon="121.494236">
        <ele>358.0</ele>
      </trkpt>
      <trkpt lat="25.160097" lon="121.494235">
        <ele>360.0</ele>
      </trkpt>
      <trkpt lat="25.160157" lon="121.494269">
        <ele>361.0</ele>
      </trkpt>
      <trkpt lat="25.160488" lon="121.494629">
        <ele>364.0</ele>
      </trkpt>
      <trkpt lat="25.160611" lon="121.494797">
        <ele>365.0</ele>
      </trkpt>
      <trkpt lat="25.16065" lon="121.494933">
        <ele>363.0</ele>
      </trkpt>
      <trkpt lat="25.160661" lon="121.495047">
        <ele>361.0</ele>
      </trkpt>
      <trkpt lat="25.16075" lon="121.495343">
        <ele>361.0</ele>
      </trkpt>
      <trkpt lat="25.160778" lon="121.495385">
        <ele>361.0</ele>
      </trkpt>
      <trkpt lat="25.160809" lon="121.495566">
        <ele>360.0</ele>
      </trkpt>
      <trkpt lat="25.160869" lon="121.495557">
        <ele>363.0</ele>
      </trkpt>
      <trkpt lat="25.160898" lon="121.495644">
        <ele>363.0</ele>
      </trkpt>
      <trkpt lat="25.16101" lon="121.495541">
        <ele>370.0</ele>
      </trkpt>
      <trkpt lat="25.161088" lon="121.495559">
        <ele>373.0</ele>
      </trkpt>
      <trkpt lat="25.161156" lon="121.495604">
        <ele>375.0</ele>
      </trkpt>
      <trkpt lat="25.161239" lon="121.495639">
        <ele>379.0</ele>
      </trkpt>
      <trkpt lat="25.161399" lon="121.495787">
        <ele>383.0</ele>
      </trkpt>
      <trkpt lat="25.161578" lon="121.495907">
        <ele>391.0</ele>
      </trkpt>
      <trkpt lat="25.161731" lon="121.496033">
        <ele>398.0</ele>
      </trkpt>
      <trkpt lat="25.161888" lon="121.496067">
        <ele>407.0</ele>
      </trkpt>
      <trkpt lat="25.16192" lon="121.496088">
        <ele>409.0</ele>
      </trkpt>
      <trkpt lat="25.161968" lon="121.496163">
        <ele>412.0</ele>
      </trkpt>
      <trkpt lat="25.162005" lon="121.496184">
        <ele>414.0</ele>
      </trkpt>
      <trkpt lat="25.162177" lon="121.49619">
        <ele>423.0</ele>
      </trkpt>
      <trkpt lat="25.162203" lon="121.496269">
        <ele>426.0</ele>
      </trkpt>
      <trkpt lat="25.162205" lon="121.496348">
        <ele>427.0</ele>
      </trkpt>
      <trkpt lat="25.162164" lon="121.496535">
        <ele>426.0</ele>
      </trkpt>
      <trkpt lat="25.161991" lon="121.496743">
        <ele>420.0</ele>
      </trkpt>
      <trkpt lat="25.161924" lon="121.496923">
        <ele>422.0</ele>
      </trkpt>
      <trkpt lat="25.161897" lon="121.497082">
        <ele>425.0</ele>
      </trkpt>
      <trkpt lat="25.161751" lon="121.497386">
        <ele>425.0</ele>
      </trkpt>
      <trkpt lat="25.161563" lon="121.4976">
        <ele>419.0</ele>
      </trkpt>
      <trkpt lat="25.161476" lon="121.498108">
        <ele>418.0</ele>
      </trkpt>
      <trkpt lat="25.161472" lon="121.498289">
        <ele>419.0</ele>
      </trkpt>
      <trkpt lat="25.161607" lon="121.498519">
        <ele>423.0</ele>
      </trkpt>
      <trkpt lat="25.161619" lon="121.498575">
        <ele>424.0</ele>
      </trkpt>
      <trkpt lat="25.16159" lon="121.498774">
        <ele>425.0</ele>
      </trkpt>
      <trkpt lat="25.161535" lon="121.498857">
        <ele>426.0</ele>
      </trkpt>
      <trkpt lat="25.161425" lon="121.498925">
        <ele>425.0</ele>
      </trkpt>
      <trkpt lat="25.161241" lon="121.499003">
        <ele>425.0</ele>
      </trkpt>
      <trkpt lat="25.161158" lon="121.499019">
        <ele>425.0</ele>
      </trkpt>
      <trkpt lat="25.160922" lon="121.498968">
        <ele>422.0</ele>
      </trkpt>
      <trkpt lat="25.160867" lon="121.49894">
        <ele>421.0</ele>
      </trkpt>
      <trkpt lat="25.160775" lon="121.498837">
        <ele>418.0</ele>
      </trkpt>
      <trkpt lat="25.160739" lon="121.498876">
        <ele>419.0</ele>
      </trkpt>
      <trkpt lat="25.160776" lon="121.498903">
        <ele>420.0</ele>
      </trkpt>
      <trkpt lat="25.160785" lon="121.498934">
        <ele>420.0</ele>
      </trkpt>
      <trkpt lat="25.160781" lon="121.498998">
        <ele>421.0</ele>
      </trkpt>
      <trkpt lat="25.160804" lon="121.49905">
        <ele>423.0</ele>
      </trkpt>
      <trkpt lat="25.160799" lon="121.499195">
        <ele>426.0</ele>
      </trkpt>
      <trkpt lat="25.160725" lon="121.499277">
        <ele>427.0</ele>
      </trkpt>
      <trkpt lat="25.160438" lon="121.499508">
        <ele>430.0</ele>
      </trkpt>
      <trkpt lat="25.160507" lon="121.499666">
        <ele>434.0</ele>
      </trkpt>
      <trkpt lat="25.160613" lon="121.499799">
        <ele>438.0</ele>
      </trkpt>
      <trkpt lat="25.160492" lon="121.500078">
        <ele>442.0</ele>
      </trkpt>
      <trkpt lat="25.160425" lon="121.500197">
        <ele>444.0</ele>
      </trkpt>
      <trkpt lat="25.160075" lon="121.50054">
        <ele>442.0</ele>
      </trkpt>
      <trkpt lat="25.160104" lon="121.500569">
        <ele>443.0</ele>
      </trkpt>
      <trkpt lat="25.160111" lon="121.500611">
        <ele>444.0</ele>
      </trkpt>
      <trkpt lat="25.160092" lon="121.500649">
        <ele>444.0</ele>
      </trkpt>
      <trkpt lat="25.160056" lon="121.500666">
        <ele>444.0</ele>
      </trkpt>
      <trkpt lat="25.160025" lon="121.50076">
        <ele>444.0</ele>
      </trkpt>
      <trkpt lat="25.160238" lon="121.500988">
        <ele>455.0</ele>
      </trkpt>
      <trkpt lat="25.160302" lon="121.501115">
        <ele>460.0</ele>
      </trkpt>
      <trkpt lat="25.160302" lon="121.501202">
        <ele>462.0</ele>
      </trkpt>
      <trkpt lat="25.160332" lon="121.501199">
        <ele>463.0</ele>
      </trkpt>
      <trkpt lat="25.160367" lon="121.501162">
        <ele>464.0</ele>
      </trkpt>
      <trkpt lat="25.160554" lon="121.501051">
        <ele>468.0</ele>
      </trkpt>
      <trkpt lat="25.160957" lon="121.500919">
        <ele>478.0</ele>
      </trkpt>
      <trkpt lat="25.161008" lon="121.500937">
        <ele>480.0</ele>
      </trkpt>
      <trkpt lat="25.161037" lon="121.500971">
        <ele>483.0</ele>
      </trkpt>
      <trkpt lat="25.161072" lon="121.50107">
        <ele>488.0</ele>
      </trkpt>
      <trkpt lat="25.161176" lon="121.501102">
        <ele>493.0</ele>
      </trkpt>
      <trkpt lat="25.161387" lon="121.501106">
        <ele>501.0</ele>
      </trkpt>
      <trkpt lat="25.161499" lon="121.501087">
        <ele>505.0</ele>
      </trkpt>
      <trkpt lat="25.161638" lon="121.501086">
        <ele>510.0</ele>
      </trkpt>
      <trkpt lat="25.161902" lon="121.501044">
        <ele>515.0</ele>
      </trkpt>
      <trkpt lat="25.161981" lon="121.501015">
        <ele>515.0</ele>
      </trkpt>
      <trkpt lat="25.162086" lon="121.500923">
        <ele>515.0</ele>
      </trkpt>
      <trkpt lat="25.162178" lon="121.500887">
        <ele>516.0</ele>
      </trkpt>
      <trkpt lat="25.162469" lon="121.500862">
        <ele>523.0</ele>
      </trkpt>
      <trkpt lat="25.162686" lon="121.500877">
        <ele>524.0</ele>
      </trkpt>
      <trkpt lat="25.162757" lon="121.500942">
        <ele>525.0</ele>
      </trkpt>
      <trkpt lat="25.162866" lon="121.501112">
        <ele>529.0</ele>
      </trkpt>
      <trkpt lat="25.162965" lon="121.501319">
        <ele>534.0</ele>
      </trkpt>
      <trkpt lat="25.162988" lon="121.501439">
        <ele>538.0</ele>
      </trkpt>
      <trkpt lat="25.162995" lon="121.501622">
        <ele>542.0</ele>
      </trkpt>
      <trkpt lat="25.16295" lon="121.501834">
        <ele>549.0</ele>
      </trkpt>
      <trkpt lat="25.16292" lon="121.5019">
        <ele>552.0</ele>
      </trkpt>
      <trkpt lat="25.162753" lon="121.502106">
        <ele>559.0</ele>
      </trkpt>
      <trkpt lat="25.16276" lon="121.502241">
        <ele>563.0</ele>
      </trkpt>
      <trkpt lat="25.162828" lon="121.502365">
        <ele>568.0</ele>
      </trkpt>
      <trkpt lat="25.16288" lon="121.502416">
        <ele>570.0</ele>
      </trkpt>
      <trkpt lat="25.163152" lon="121.502562">
        <ele>576.0</ele>
      </trkpt>
      <trkpt lat="25.163302" lon="121.502666">
        <ele>580.0</ele>
      </trkpt>
      <trkpt lat="25.16339" lon="121.502788">
        <ele>584.0</ele>
      </trkpt>
      <trkpt lat="25.163442" lon="121.502907">
        <ele>588.0</ele>
      </trkpt>
      <trkpt lat="25.163555" lon="121.50308">
        <ele>595.0</ele>
      </trkpt>
      <trkpt lat="25.163851" lon="121.503372">
        <ele>608.0</ele>
      </trkpt>
      <trkpt lat="25.16391" lon="121.503447">
        <ele>609.0</ele>
      </trkpt>
      <trkpt lat="25.164098" lon="121.50361">
        <ele>615.0</ele>
      </trkpt>
      <trkpt lat="25.164131" lon="121.503689">
        <ele>617.0</ele>
      </trkpt>
      <trkpt lat="25.164207" lon="121.503777">
        <ele>619.0</ele>
      </trkpt>
      <trkpt lat="25.16434" lon="121.503889">
        <ele>622.0</ele>
      </trkpt>
      <trkpt lat="25.164599" lon="121.504161">
        <ele>633.0</ele>
      </trkpt>
      <trkpt lat="25.164673" lon="121.504277">
        <ele>636.0</ele>
      </trkpt>
      <trkpt lat="25.164825" lon="121.504416">
        <ele>642.0</ele>
      </trkpt>
      <trkpt lat="25.164958" lon="121.504599">
        <ele>649.0</ele>
      </trkpt>
      <trkpt lat="25.165106" lon="121.504711">
        <ele>653.0</ele>
      </trkpt>
      <trkpt lat="25.165282" lon="121.504942">
        <ele>659.0</ele>
      </trkpt>
      <trkpt lat="25.165302" lon="121.504985">
        <ele>661.0</ele>
      </trkpt>
      <trkpt lat="25.165348" lon="121.505082">
        <ele>664.0</ele>
      </trkpt>
      <trkpt lat="25.165371" lon="121.505074">
        <ele>664.0</ele>
      </trkpt>
      <trkpt lat="25.165348" lon="121.505082">
        <ele>664.0</ele>
      </trkpt>
      <trkpt lat="25.165418" lon="121.505343">
        <ele>672.0</ele>
      </trkpt>
      <trkpt lat="25.165474" lon="121.505443">
        <ele>675.0</ele>
      </trkpt>
      <trkpt lat="25.165604" lon="121.505527">
        <ele>680.0</ele>
      </trkpt>
      <trkpt lat="25.166133" lon="121.506051">
        <ele>706.0</ele>
      </trkpt>
      <trkpt lat="25.166198" lon="121.506196">
        <ele>710.0</ele>
      </trkpt>
      <trkpt lat="25.16626" lon="121.506249">
        <ele>713.0</ele>
      </trkpt>
      <trkpt lat="25.166272" lon="121.506276">
        <ele>714.0</ele>
      </trkpt>
      <trkpt lat="25.166289" lon="121.506507">
        <ele>718.0</ele>
      </trkpt>
      <trkpt lat="25.166417" lon="121.50671">
        <ele>726.0</ele>
      </trkpt>
      <trkpt lat="25.16653" lon="121.507043">
        <ele>732.0</ele>
      </trkpt>
      <trkpt lat="25.166762" lon="121.506999">
        <ele>739.0</ele>
      </trkpt>
      <trkpt lat="25.166785" lon="121.507014">
        <ele>740.0</ele>
      </trkpt>
      <trkpt lat="25.16686" lon="121.507161">
        <ele>743.0</ele>
      </trkpt>
      <trkpt lat="25.166881" lon="121.507213">
        <ele>744.0</ele>
      </trkpt>
      <trkpt lat="25.166928" lon="121.50732">
        <ele>746.0</ele>
      </trkpt>
      <trkpt lat="25.166963" lon="121.507363">
        <ele>747.0</ele>
      </trkpt>
      <trkpt lat="25.16746" lon="121.507637">
        <ele>763.0</ele>
      </trkpt>
      <trkpt lat="25.167535" lon="121.507637">
        <ele>764.0</ele>
      </trkpt>
      <trkpt lat="25.167679" lon="121.50774">
        <ele>768.0</ele>
      </trkpt>
      <trkpt lat="25.167831" lon="121.507781">
        <ele>771.0</ele>
      </trkpt>
      <trkpt lat="25.167906" lon="121.507845">
        <ele>772.0</ele>
      </trkpt>
      <trkpt lat="25.168123" lon="121.507926">
        <ele>776.0</ele>
      </trkpt>
      <trkpt lat="25.168438" lon="121.507907">
        <ele>780.0</ele>
      </trkpt>
      <trkpt lat="25.168565" lon="121.507896">
        <ele>780.0</ele>
      </trkpt>
      <trkpt lat="25.168735" lon="121.507851">
        <ele>781.0</ele>
      </trkpt>
      <trkpt lat="25.169352" lon="121.50776">
        <ele>785.0</ele>
      </trkpt>
      <trkpt lat="25.169705" lon="121.507759">
        <ele>790.0</ele>
      </trkpt>
      <trkpt lat="25.16982" lon="121.507784">
        <ele>792.0</ele>
      </trkpt>
      <trkpt lat="25.170124" lon="121.507903">
        <ele>795.0</ele>
      </trkpt>
      <trkpt lat="25.170497" lon="121.508025">
        <ele>797.0</ele>
      </trkpt>
      <trkpt lat="25.170632" lon="121.508091">
        <ele>797.0</ele>
      </trkpt>
      <trkpt lat="25.170708" lon="121.508111">
        <ele>797.0</ele>
      </trkpt>
      <trkpt lat="25.170632" lon="121.508091">
        <ele>797.0</ele>
      </trkpt>
      <trkpt lat="25.170591" lon="121.508064">
        <ele>797.0</ele>
      </trkpt>
      <trkpt lat="25.170632" lon="121.508091">
        <ele>797.0</ele>
      </trkpt>
      <trkpt lat="25.170708" lon="121.508111">
        <ele>797.0</ele>
      </trkpt>
      <trkpt lat="25.17062" lon="121.50874">
        <ele>800.0</ele>
      </trkpt>
      <trkpt lat="25.170481" lon="121.50898">
        <ele>804.0</ele>
      </trkpt>
      <trkpt lat="25.170442" lon="121.509019">
        <ele>804.0</ele>
      </trkpt>
      <trkpt lat="25.170435" lon="121.509081">
        <ele>805.0</ele>
      </trkpt>
      <trkpt lat="25.170489" lon="121.509134">
        <ele>806.0</ele>
      </trkpt>
      <trkpt lat="25.170458" lon="121.509278">
        <ele>811.0</ele>
      </trkpt>
      <trkpt lat="25.170534" lon="121.509377">
        <ele>814.0</ele>
      </trkpt>
      <trkpt lat="25.170584" lon="121.509695">
        <ele>826.0</ele>
      </trkpt>
      <trkpt lat="25.170607" lon="121.50976">
        <ele>829.0</ele>
      </trkpt>
      <trkpt lat="25.170567" lon="121.509812">
        <ele>831.0</ele>
      </trkpt>
      <trkpt lat="25.170557" lon="121.509856">
        <ele>832.0</ele>
      </trkpt>
      <trkpt lat="25.17051" lon="121.509891">
        <ele>834.0</ele>
      </trkpt>
      <trkpt lat="25.170411" lon="121.510047">
        <ele>840.0</ele>
      </trkpt>
      <trkpt lat="25.170372" lon="121.510279">
        <ele>852.0</ele>
      </trkpt>
      <trkpt lat="25.170426" lon="121.510355">
        <ele>856.0</ele>
      </trkpt>
      <trkpt lat="25.170481" lon="121.510366">
        <ele>856.0</ele>
      </trkpt>
      <trkpt lat="25.170504" lon="121.510397">
        <ele>858.0</ele>
      </trkpt>
      <trkpt lat="25.17055" lon="121.510392">
        <ele>858.0</ele>
      </trkpt>
      <trkpt lat="25.170587" lon="121.510637">
        <ele>870.0</ele>
      </trkpt>
      <trkpt lat="25.170619" lon="121.510671">
        <ele>872.0</ele>
      </trkpt>
      <trkpt lat="25.170633" lon="121.510719">
        <ele>874.0</ele>
      </trkpt>
      <trkpt lat="25.170616" lon="121.510761">
        <ele>876.0</ele>
      </trkpt>
      <trkpt lat="25.170668" lon="121.510946">
        <ele>884.0</ele>
      </trkpt>
      <trkpt lat="25.170664" lon="121.511096">
        <ele>890.0</ele>
      </trkpt>
      <trkpt lat="25.170645" lon="121.511125">
        <ele>891.0</ele>
      </trkpt>
      <trkpt lat="25.170679" lon="121.511209">
        <ele>895.0</ele>
      </trkpt>
      <trkpt lat="25.170634" lon="121.511277">
        <ele>897.0</ele>
      </trkpt>
      <trkpt lat="25.170607" lon="121.511388">
        <ele>902.0</ele>
      </trkpt>
      <trkpt lat="25.17062" lon="121.511498">
        <ele>906.0</ele>
      </trkpt>
      <trkpt lat="25.170582" lon="121.51162">
        <ele>911.0</ele>
      </trkpt>
      <trkpt lat="25.170613" lon="121.511787">
        <ele>916.0</ele>
      </trkpt>
      <trkpt lat="25.170481" lon="121.512355">
        <ele>928.0</ele>
      </trkpt>
      <trkpt lat="25.170527" lon="121.512499">
        <ele>933.0</ele>
      </trkpt>
      <trkpt lat="25.170565" lon="121.512567">
        <ele>935.0</ele>
      </trkpt>
      <trkpt lat="25.170621" lon="121.512621">
        <ele>937.0</ele>
      </trkpt>
      <trkpt lat="25.170649" lon="121.512744">
        <ele>940.0</ele>
      </trkpt>
      <trkpt lat="25.170824" lon="121.513051">
        <ele>952.0</ele>
      </trkpt>
      <trkpt lat="25.170843" lon="121.513156">
        <ele>955.0</ele>
      </trkpt>
      <trkpt lat="25.170879" lon="121.513235">
        <ele>956.0</ele>
      </trkpt>
      <trkpt lat="25.170921" lon="121.513285">
        <ele>957.0</ele>
      </trkpt>
      <trkpt lat="25.170919" lon="121.513326">
        <ele>958.0</ele>
      </trkpt>
      <trkpt lat="25.170967" lon="121.513354">
        <ele>957.0</ele>
      </trkpt>
      <trkpt lat="25.170971" lon="121.513422">
        <ele>955.0</ele>
      </trkpt>
      <trkpt lat="25.171023" lon="121.513425">
        <ele>955.0</ele>
      </trkpt>
      <trkpt lat="25.171049" lon="121.513452">
        <ele>954.0</ele>
      </trkpt>
      <trkpt lat="25.171039" lon="121.51351">
        <ele>952.0</ele>
      </trkpt>
      <trkpt lat="25.171074" lon="121.513594">
        <ele>950.0</ele>
      </trkpt>
      <trkpt lat="25.171033" lon="121.513636">
        <ele>949.0</ele>
      </trkpt>
      <trkpt lat="25.171051" lon="121.513675">
        <ele>948.0</ele>
      </trkpt>
      <trkpt lat="25.17106" lon="121.513845">
        <ele>944.0</ele>
      </trkpt>
      <trkpt lat="25.17097" lon="121.513985">
        <ele>940.0</ele>
      </trkpt>
      <trkpt lat="25.170987" lon="121.514">
        <ele>940.0</ele>
      </trkpt>
      <trkpt lat="25.170954" lon="121.514016">
        <ele>939.0</ele>
      </trkpt>
      <trkpt lat="25.170925" lon="121.514092">
        <ele>937.0</ele>
      </trkpt>
      <trkpt lat="25.170602" lon="121.514401">
        <ele>917.0</ele>
      </trkpt>
      <trkpt lat="25.17059" lon="121.514463">
        <ele>914.0</ele>
      </trkpt>
      <trkpt lat="25.170506" lon="121.514516">
        <ele>910.0</ele>
      </trkpt>
      <trkpt lat="25.170476" lon="121.514632">
        <ele>905.0</ele>
      </trkpt>
      <trkpt lat="25.170495" lon="121.514802">
        <ele>901.0</ele>
      </trkpt>
      <trkpt lat="25.17054" lon="121.51486">
        <ele>901.0</ele>
      </trkpt>
      <trkpt lat="25.170565" lon="121.514951">
        <ele>899.0</ele>
      </trkpt>
      <trkpt lat="25.170563" lon="121.514992">
        <ele>898.0</ele>
      </trkpt>
      <trkpt lat="25.170427" lon="121.515215">
        <ele>896.0</ele>
      </trkpt>
      <trkpt lat="25.170391" lon="121.515237">
        <ele>896.0</ele>
      </trkpt>
      <trkpt lat="25.170326" lon="121.515318">
        <ele>896.0</ele>
      </trkpt>
      <trkpt lat="25.170269" lon="121.51542">
        <ele>897.0</ele>
      </trkpt>
      <trkpt lat="25.170187" lon="121.515513">
        <ele>898.0</ele>
      </trkpt>
      <trkpt lat="25.170156" lon="121.515572">
        <ele>899.0</ele>
      </trkpt>
      <trkpt lat="25.170123" lon="121.515595">
        <ele>899.0</ele>
      </trkpt>
      <trkpt lat="25.170063" lon="121.515601">
        <ele>899.0</ele>
      </trkpt>
      <trkpt lat="25.169925" lon="121.515731">
        <ele>898.0</ele>
      </trkpt>
      <trkpt lat="25.169807" lon="121.515812">
        <ele>895.0</ele>
      </trkpt>
      <trkpt lat="25.169651" lon="121.515984">
        <ele>893.0</ele>
      </trkpt>
      <trkpt lat="25.169555" lon="121.516217">
        <ele>896.0</ele>
      </trkpt>
      <trkpt lat="25.169542" lon="121.51631">
        <ele>898.0</ele>
      </trkpt>
      <trkpt lat="25.169488" lon="121.516439">
        <ele>899.0</ele>
      </trkpt>
      <trkpt lat="25.169428" lon="121.516646">
        <ele>902.0</ele>
      </trkpt>
      <trkpt lat="25.169332" lon="121.516853">
        <ele>903.0</ele>
      </trkpt>
      <trkpt lat="25.169373" lon="121.516949">
        <ele>907.0</ele>
      </trkpt>
      <trkpt lat="25.169485" lon="121.517017">
        <ele>913.0</ele>
      </trkpt>
      <trkpt lat="25.169499" lon="121.517051">
        <ele>914.0</ele>
      </trkpt>
      <trkpt lat="25.169493" lon="121.517082">
        <ele>915.0</ele>
      </trkpt>
      <trkpt lat="25.169545" lon="121.517126">
        <ele>918.0</ele>
      </trkpt>
      <trkpt lat="25.16965" lon="121.517162">
        <ele>923.0</ele>
      </trkpt>
      <trkpt lat="25.16968" lon="121.517222">
        <ele>926.0</ele>
      </trkpt>
      <trkpt lat="25.169679" lon="121.517257">
        <ele>927.0</ele>
      </trkpt>
      <trkpt lat="25.169731" lon="121.517285">
        <ele>929.0</ele>
      </trkpt>
      <trkpt lat="25.169877" lon="121.517494">
        <ele>940.0</ele>
      </trkpt>
      <trkpt lat="25.169782" lon="121.51763">
        <ele>936.0</ele>
      </trkpt>
      <trkpt lat="25.169763" lon="121.517909">
        <ele>935.0</ele>
      </trkpt>
      <trkpt lat="25.169733" lon="121.517943">
        <ele>934.0</ele>
      </trkpt>
      <trkpt lat="25.169723" lon="121.518024">
        <ele>934.0</ele>
      </trkpt>
      <trkpt lat="25.169669" lon="121.518088">
        <ele>932.0</ele>
      </trkpt>
      <trkpt lat="25.169692" lon="121.518122">
        <ele>933.0</ele>
      </trkpt>
      <trkpt lat="25.169649" lon="121.518207">
        <ele>932.0</ele>
      </trkpt>
      <trkpt lat="25.169647" lon="121.518261">
        <ele>932.0</ele>
      </trkpt>
      <trkpt lat="25.169668" lon="121.518306">
        <ele>933.0</ele>
      </trkpt>
      <trkpt lat="25.169646" lon="121.518355">
        <ele>932.0</ele>
      </trkpt>
      <trkpt lat="25.169648" lon="121.518524">
        <ele>932.0</ele>
      </trkpt>
      <trkpt lat="25.16969" lon="121.518638">
        <ele>933.0</ele>
      </trkpt>
      <trkpt lat="25.169684" lon="121.518731">
        <ele>933.0</ele>
      </trkpt>
      <trkpt lat="25.169653" lon="121.518826">
        <ele>932.0</ele>
      </trkpt>
      <trkpt lat="25.169675" lon="121.518914">
        <ele>932.0</ele>
      </trkpt>
      <trkpt lat="25.169773" lon="121.519051">
        <ele>932.0</ele>
      </trkpt>
      <trkpt lat="25.169817" lon="121.519221">
        <ele>931.0</ele>
      </trkpt>
      <trkpt lat="25.16987" lon="121.519234">
        <ele>930.0</ele>
      </trkpt>
      <trkpt lat="25.169917" lon="121.519403">
        <ele>927.0</ele>
      </trkpt>
      <trkpt lat="25.169919" lon="121.519475">
        <ele>926.0</ele>
      </trkpt>
      <trkpt lat="25.169894" lon="121.519554">
        <ele>925.0</ele>
      </trkpt>
      <trkpt lat="25.169918" lon="121.519617">
        <ele>924.0</ele>
      </trkpt>
      <trkpt lat="25.169875" lon="121.519707">
        <ele>923.0</ele>
      </trkpt>
      <trkpt lat="25.169858" lon="121.519789">
        <ele>921.0</ele>
      </trkpt>
      <trkpt lat="25.16987" lon="121.519848">
        <ele>920.0</ele>
      </trkpt>
      <trkpt lat="25.169856" lon="121.519877">
        <ele>920.0</ele>
      </trkpt>
      <trkpt lat="25.169852" lon="121.519959">
        <ele>919.0</ele>
      </trkpt>
      <trkpt lat="25.16987" lon="121.520007">
        <ele>918.0</ele>
      </trkpt>
      <trkpt lat="25.169857" lon="121.520045">
        <ele>917.0</ele>
      </trkpt>
      <trkpt lat="25.169867" lon="121.520192">
        <ele>912.0</ele>
      </trkpt>
      <trkpt lat="25.170037" lon="121.520444">
        <ele>904.0</ele>
      </trkpt>
      <trkpt lat="25.170088" lon="121.520443">
        <ele>903.0</ele>
      </trkpt>
      <trkpt lat="25.17051" lon="121.520716">
        <ele>891.0</ele>
      </trkpt>
      <trkpt lat="25.170649" lon="121.520755">
        <ele>889.0</ele>
      </trkpt>
      <trkpt lat="25.170686" lon="121.520789">
        <ele>889.0</ele>
      </trkpt>
      <trkpt lat="25.170768" lon="121.520815">
        <ele>888.0</ele>
      </trkpt>
      <trkpt lat="25.170912" lon="121.520839">
        <ele>887.0</ele>
      </trkpt>
      <trkpt lat="25.170988" lon="121.520828">
        <ele>887.0</ele>
      </trkpt>
      <trkpt lat="25.171322" lon="121.520667">
        <ele>886.0</ele>
      </trkpt>
      <trkpt lat="25.1714608" lon="121.5209287">
        <ele>888.0</ele>
      </trkpt>
      <trkpt lat="25.1715967" lon="121.5207356">
        <ele>885.0</ele>
      </trkpt>
      <trkpt lat="25.171707" lon="121.5206417">
        <ele>885.0</ele>
      </trkpt>
      <trkpt lat="25.171854" lon="121.5205801">
        <ele>887.0</ele>
      </trkpt>
      <trkpt lat="25.171922" lon="121.5207732">
        <ele>891.0</ele>
      </trkpt>
      <trkpt lat="25.172169" lon="121.521506">
        <ele>915.0</ele>
      </trkpt>
      <trkpt lat="25.172188" lon="121.521569">
        <ele>917.0</ele>
      </trkpt>
      <trkpt lat="25.17228" lon="121.521695">
        <ele>924.0</ele>
      </trkpt>
      <trkpt lat="25.17238" lon="121.52174">
        <ele>928.0</ele>
      </trkpt>
      <trkpt lat="25.172465" lon="121.521745">
        <ele>931.0</ele>
      </trkpt>
      <trkpt lat="25.17253" lon="121.521774">
        <ele>934.0</ele>
      </trkpt>
      <trkpt lat="25.1725557" lon="121.521832">
        <ele>937.0</ele>
      </trkpt>
      <trkpt lat="25.172558" lon="121.5220284">
        <ele>942.0</ele>
      </trkpt>
      <trkpt lat="25.172663" lon="121.52199">
        <ele>946.0</ele>
      </trkpt>
      <trkpt lat="25.172728" lon="121.522022">
        <ele>950.0</ele>
      </trkpt>
      <trkpt lat="25.172753" lon="121.522077">
        <ele>953.0</ele>
      </trkpt>
      <trkpt lat="25.172745" lon="121.52223">
        <ele>957.0</ele>
      </trkpt>
      <trkpt lat="25.172755" lon="121.5223">
        <ele>959.0</ele>
      </trkpt>
      <trkpt lat="25.172901" lon="121.522474">
        <ele>971.0</ele>
      </trkpt>
      <trkpt lat="25.172943" lon="121.522484">
        <ele>974.0</ele>
      </trkpt>
      <trkpt lat="25.172972" lon="121.52247">
        <ele>975.0</ele>
      </trkpt>
      <trkpt lat="25.173013" lon="121.522367">
        <ele>974.0</ele>
      </trkpt>
      <trkpt lat="25.173136" lon="121.522221">
        <ele>977.0</ele>
      </trkpt>
      <trkpt lat="25.173357" lon="121.522305">
        <ele>991.0</ele>
      </trkpt>
      <trkpt lat="25.173426" lon="121.522277">
        <ele>994.0</ele>
      </trkpt>
      <trkpt lat="25.173597" lon="121.522149">
        <ele>1000.0</ele>
      </trkpt>
      <trkpt lat="25.173804" lon="121.521939">
        <ele>1006.0</ele>
      </trkpt>
      <trkpt lat="25.173852" lon="121.521976">
        <ele>1010.0</ele>
      </trkpt>
      <trkpt lat="25.173935" lon="121.522088">
        <ele>1018.0</ele>
      </trkpt>
      <trkpt lat="25.173993" lon="121.522111">
        <ele>1022.0</ele>
      </trkpt>
      <trkpt lat="25.174247" lon="121.522285">
        <ele>1040.0</ele>
      </trkpt>
      <trkpt lat="25.174307" lon="121.522301">
        <ele>1043.0</ele>
      </trkpt>
      <trkpt lat="25.174503" lon="121.522425">
        <ele>1054.0</ele>
      </trkpt>
      <trkpt lat="25.174624" lon="121.522569">
        <ele>1059.0</ele>
      </trkpt>
      <trkpt lat="25.174822" lon="121.522622">
        <ele>1066.0</ele>
      </trkpt>
      <trkpt lat="25.174927" lon="121.522459">
        <ele>1073.0</ele>
      </trkpt>
      <trkpt lat="25.175158" lon="121.522274">
        <ele>1073.0</ele>
      </trkpt>
      <trkpt lat="25.175241" lon="121.522232">
        <ele>1073.0</ele>
      </trkpt>
      <trkpt lat="25.175338" lon="121.522215">
        <ele>1074.0</ele>
      </trkpt>
      <trkpt lat="25.175501" lon="121.522249">
        <ele>1076.0</ele>
      </trkpt>
      <trkpt lat="25.17583" lon="121.52228">
        <ele>1079.0</ele>
      </trkpt>
      <trkpt lat="25.175888" lon="121.522277">
        <ele>1079.0</ele>
      </trkpt>
      <trkpt lat="25.175957" lon="121.522242">
        <ele>1079.0</ele>
      </trkpt>
      <trkpt lat="25.176025" lon="121.522127">
        <ele>1079.0</ele>
      </trkpt>
      <trkpt lat="25.176079" lon="121.521993">
        <ele>1078.0</ele>
      </trkpt>
      <trkpt lat="25.176205" lon="121.521471">
        <ele>1071.0</ele>
      </trkpt>
      <trkpt lat="25.176254" lon="121.521371">
        <ele>1068.0</ele>
      </trkpt>
      <trkpt lat="25.176426" lon="121.521436">
        <ele>1072.0</ele>
      </trkpt>
      <trkpt lat="25.176577" lon="121.521465">
        <ele>1074.0</ele>
      </trkpt>
      <trkpt lat="25.176767" lon="121.521525">
        <ele>1076.0</ele>
      </trkpt>
      <trkpt lat="25.176904" lon="121.521596">
        <ele>1077.0</ele>
      </trkpt>
      <trkpt lat="25.177187" lon="121.521792">
        <ele>1077.0</ele>
      </trkpt>
      <trkpt lat="25.177345" lon="121.52186">
        <ele>1077.0</ele>
      </trkpt>
      <trkpt lat="25.177659" lon="121.521904">
        <ele>1076.0</ele>
      </trkpt>
      <trkpt lat="25.177795" lon="121.52197">
        <ele>1076.0</ele>
      </trkpt>
      <trkpt lat="25.177968" lon="121.522168">
        <ele>1079.0</ele>
      </trkpt>
      <trkpt lat="25.178025" lon="121.522294">
        <ele>1080.0</ele>
      </trkpt>
      <trkpt lat="25.178052" lon="121.522454">
        <ele>1082.0</ele>
      </trkpt>
      <trkpt lat="25.178203" lon="121.522455">
        <ele>1081.0</ele>
      </trkpt>
      <trkpt lat="25.178396" lon="121.522421">
        <ele>1080.0</ele>
      </trkpt>
      <trkpt lat="25.178856" lon="121.52203">
        <ele>1075.0</ele>
      </trkpt>
      <trkpt lat="25.179362" lon="121.522263">
        <ele>1071.0</ele>
      </trkpt>
      <trkpt lat="25.179465" lon="121.522285">
        <ele>1069.0</ele>
      </trkpt>
      <trkpt lat="25.179553" lon="121.522206">
        <ele>1066.0</ele>
      </trkpt>
      <trkpt lat="25.179879" lon="121.522592">
        <ele>1062.0</ele>
      </trkpt>
      <trkpt lat="25.18011" lon="121.522977">
        <ele>1047.0</ele>
      </trkpt>
      <trkpt lat="25.180291" lon="121.52315">
        <ele>1039.0</ele>
      </trkpt>
      <trkpt lat="25.180546" lon="121.523344">
        <ele>1032.0</ele>
      </trkpt>
      <trkpt lat="25.180648" lon="121.523423">
        <ele>1027.0</ele>
      </trkpt>
      <trkpt lat="25.18068" lon="121.523538">
        <ele>1022.0</ele>
      </trkpt>
      <trkpt lat="25.180725" lon="121.523625">
        <ele>1018.0</ele>
      </trkpt>
      <trkpt lat="25.181025" lon="121.523984">
        <ele>1002.0</ele>
      </trkpt>
      <trkpt lat="25.181294" lon="121.524262">
        <ele>990.0</ele>
      </trkpt>
      <trkpt lat="25.181588" lon="121.524483">
        <ele>979.0</ele>
      </trkpt>
      <trkpt lat="25.181759" lon="121.524643">
        <ele>970.0</ele>
      </trkpt>
      <trkpt lat="25.182074" lon="121.524998">
        <ele>950.0</ele>
      </trkpt>
      <trkpt lat="25.182436" lon="121.525336">
        <ele>932.0</ele>
      </trkpt>
      <trkpt lat="25.182736" lon="121.525645">
        <ele>923.0</ele>
      </trkpt>
      <trkpt lat="25.182917" lon="121.525861">
        <ele>918.0</ele>
      </trkpt>
      <trkpt lat="25.182998" lon="121.526011">
        <ele>914.0</ele>
      </trkpt>
      <trkpt lat="25.1831" lon="121.5264">
        <ele>905.0</ele>
      </trkpt>
      <trkpt lat="25.183152" lon="121.526917">
        <ele>894.0</ele>
      </trkpt>
      <trkpt lat="25.183141" lon="121.527112">
        <ele>889.0</ele>
      </trkpt>
      <trkpt lat="25.183102" lon="121.527341">
        <ele>884.0</ele>
      </trkpt>
      <trkpt lat="25.18307" lon="121.52781">
        <ele>869.0</ele>
      </trkpt>
      <trkpt lat="25.183069" lon="121.528046">
        <ele>861.0</ele>
      </trkpt>
      <trkpt lat="25.183097" lon="121.528211">
        <ele>855.0</ele>
      </trkpt>
      <trkpt lat="25.183128" lon="121.528268">
        <ele>853.0</ele>
      </trkpt>
      <trkpt lat="25.183177" lon="121.528446">
        <ele>848.0</ele>
      </trkpt>
      <trkpt lat="25.183173" lon="121.528542">
        <ele>846.0</ele>
      </trkpt>
      <trkpt lat="25.183132" lon="121.528831">
        <ele>840.0</ele>
      </trkpt>
      <trkpt lat="25.183057" lon="121.529089">
        <ele>834.0</ele>
      </trkpt>
      <trkpt lat="25.183073" lon="121.529134">
        <ele>833.0</ele>
      </trkpt>
      <trkpt lat="25.18314" lon="121.529155">
        <ele>833.0</ele>
      </trkpt>
      <trkpt lat="25.183271" lon="121.529247">
        <ele>833.0</ele>
      </trkpt>
      <trkpt lat="25.183198" lon="121.52951">
        <ele>835.0</ele>
      </trkpt>
      <trkpt lat="25.183114" lon="121.529699">
        <ele>835.0</ele>
      </trkpt>
      <trkpt lat="25.182745" lon="121.530101">
        <ele>837.0</ele>
      </trkpt>
      <trkpt lat="25.182597" lon="121.530235">
        <ele>837.0</ele>
      </trkpt>
      <trkpt lat="25.182549" lon="121.530251">
        <ele>837.0</ele>
      </trkpt>
      <trkpt lat="25.182393" lon="121.530285">
        <ele>835.0</ele>
      </trkpt>
      <trkpt lat="25.182305" lon="121.530336">
        <ele>833.0</ele>
      </trkpt>
      <trkpt lat="25.182221" lon="121.530418">
        <ele>832.0</ele>
      </trkpt>
      <trkpt lat="25.182177" lon="121.530454">
        <ele>831.0</ele>
      </trkpt>
      <trkpt lat="25.18215" lon="121.530445">
        <ele>830.0</ele>
      </trkpt>
      <trkpt lat="25.182126" lon="121.530404">
        <ele>829.0</ele>
      </trkpt>
      <trkpt lat="25.18205" lon="121.530515">
        <ele>828.0</ele>
      </trkpt>
      <trkpt lat="25.182068" lon="121.530533">
        <ele>828.0</ele>
      </trkpt>
      <trkpt lat="25.182069" lon="121.530691">
        <ele>829.0</ele>
      </trkpt>
      <trkpt lat="25.182004" lon="121.531269">
        <ele>833.0</ele>
      </trkpt>
      <trkpt lat="25.181902" lon="121.531534">
        <ele>830.0</ele>
      </trkpt>
      <trkpt lat="25.181761" lon="121.531675">
        <ele>823.0</ele>
      </trkpt>
      <trkpt lat="25.181675" lon="121.531938">
        <ele>819.0</ele>
      </trkpt>
      <trkpt lat="25.181604" lon="121.532048">
        <ele>816.0</ele>
      </trkpt>
      <trkpt lat="25.1816" lon="121.532076">
        <ele>816.0</ele>
      </trkpt>
      <trkpt lat="25.181629" lon="121.532173">
        <ele>818.0</ele>
      </trkpt>
      <trkpt lat="25.181627" lon="121.532299">
        <ele>819.0</ele>
      </trkpt>
      <trkpt lat="25.181655" lon="121.532363">
        <ele>821.0</ele>
      </trkpt>
      <trkpt lat="25.181683" lon="121.532565">
        <ele>823.0</ele>
      </trkpt>
      <trkpt lat="25.181741" lon="121.532724">
        <ele>826.0</ele>
      </trkpt>
      <trkpt lat="25.181691" lon="121.533028">
        <ele>822.0</ele>
      </trkpt>
      <trkpt lat="25.181711" lon="121.533283">
        <ele>822.0</ele>
      </trkpt>
      <trkpt lat="25.181695" lon="121.533414">
        <ele>821.0</ele>
      </trkpt>
      <trkpt lat="25.181707" lon="121.533539">
        <ele>822.0</ele>
      </trkpt>
      <trkpt lat="25.181669" lon="121.533681">
        <ele>819.0</ele>
      </trkpt>
      <trkpt lat="25.181701" lon="121.533929">
        <ele>821.0</ele>
      </trkpt>
      <trkpt lat="25.181625" lon="121.53412">
        <ele>817.0</ele>
      </trkpt>
      <trkpt lat="25.181588" lon="121.534321">
        <ele>818.0</ele>
      </trkpt>
      <trkpt lat="25.181472" lon="121.534542">
        <ele>815.0</ele>
      </trkpt>
      <trkpt lat="25.181425" lon="121.534788">
        <ele>816.0</ele>
      </trkpt>
      <trkpt lat="25.181354" lon="121.534985">
        <ele>815.0</ele>
      </trkpt>
      <trkpt lat="25.181121" lon="121.535358">
        <ele>816.0</ele>
      </trkpt>
      <trkpt lat="25.180944" lon="121.535504">
        <ele>811.0</ele>
      </trkpt>
      <trkpt lat="25.180867" lon="121.535612">
        <ele>811.0</ele>
      </trkpt>
      <trkpt lat="25.180807" lon="121.535646">
        <ele>808.0</ele>
      </trkpt>
      <trkpt lat="25.18056" lon="121.535922">
        <ele>806.0</ele>
      </trkpt>
      <trkpt lat="25.18034" lon="121.536225">
        <ele>806.0</ele>
      </trkpt>
      <trkpt lat="25.180207" lon="121.536447">
        <ele>807.0</ele>
      </trkpt>
      <trkpt lat="25.180078" lon="121.536587">
        <ele>803.0</ele>
      </trkpt>
      <trkpt lat="25.179993" lon="121.536895">
        <ele>803.0</ele>
      </trkpt>
      <trkpt lat="25.179884" lon="121.537137">
        <ele>800.0</ele>
      </trkpt>
      <trkpt lat="25.179878" lon="121.53721">
        <ele>800.0</ele>
      </trkpt>
      <trkpt lat="25.179861" lon="121.537304">
        <ele>800.0</ele>
      </trkpt>
      <trkpt lat="25.179825" lon="121.53737">
        <ele>799.0</ele>
      </trkpt>
      <trkpt lat="25.179745" lon="121.537416">
        <ele>794.0</ele>
      </trkpt>
      <trkpt lat="25.179739" lon="121.537445">
        <ele>794.0</ele>
      </trkpt>
      <trkpt lat="25.179763" lon="121.537502">
        <ele>796.0</ele>
      </trkpt>
      <trkpt lat="25.17982" lon="121.537572">
        <ele>798.0</ele>
      </trkpt>
      <trkpt lat="25.179938" lon="121.537638">
        <ele>803.0</ele>
      </trkpt>
      <trkpt lat="25.180092" lon="121.537882">
        <ele>808.0</ele>
      </trkpt>
      <trkpt lat="25.180158" lon="121.538019">
        <ele>809.0</ele>
      </trkpt>
      <trkpt lat="25.180233" lon="121.538163">
        <ele>811.0</ele>
      </trkpt>
      <trkpt lat="25.180276" lon="121.53816">
        <ele>814.0</ele>
      </trkpt>
      <trkpt lat="25.18025" lon="121.538196">
        <ele>811.0</ele>
      </trkpt>
      <trkpt lat="25.180311" lon="121.538398">
        <ele>809.0</ele>
      </trkpt>
      <trkpt lat="25.180393" lon="121.53857">
        <ele>807.0</ele>
      </trkpt>
      <trkpt lat="25.180532" lon="121.538786">
        <ele>805.0</ele>
      </trkpt>
      <trkpt lat="25.180714" lon="121.539191">
        <ele>794.0</ele>
      </trkpt>
      <trkpt lat="25.18082" lon="121.539312">
        <ele>796.0</ele>
      </trkpt>
      <trkpt lat="25.180882" lon="121.539353">
        <ele>798.0</ele>
      </trkpt>
      <trkpt lat="25.181119" lon="121.539456">
        <ele>807.0</ele>
      </trkpt>
      <trkpt lat="25.181146" lon="121.539432">
        <ele>809.0</ele>
      </trkpt>
      <trkpt lat="25.181159" lon="121.539465">
        <ele>809.0</ele>
      </trkpt>
      <trkpt lat="25.181219" lon="121.5395">
        <ele>811.0</ele>
      </trkpt>
      <trkpt lat="25.181365" lon="121.539666">
        <ele>816.0</ele>
      </trkpt>
      <trkpt lat="25.181412" lon="121.539795">
        <ele>816.0</ele>
      </trkpt>
      <trkpt lat="25.181346" lon="121.539921">
        <ele>810.0</ele>
      </trkpt>
      <trkpt lat="25.18131" lon="121.540113">
        <ele>807.0</ele>
      </trkpt>
      <trkpt lat="25.181236" lon="121.540239">
        <ele>804.0</ele>
      </trkpt>
      <trkpt lat="25.181094" lon="121.540326">
        <ele>795.0</ele>
      </trkpt>
      <trkpt lat="25.180892" lon="121.540542">
        <ele>783.0</ele>
      </trkpt>
      <trkpt lat="25.180749" lon="121.540812">
        <ele>776.0</ele>
      </trkpt>
      <trkpt lat="25.180754" lon="121.540859">
        <ele>777.0</ele>
      </trkpt>
      <trkpt lat="25.180824" lon="121.540982">
        <ele>783.0</ele>
      </trkpt>
      <trkpt lat="25.180835" lon="121.541033">
        <ele>784.0</ele>
      </trkpt>
      <trkpt lat="25.180821" lon="121.541224">
        <ele>787.0</ele>
      </trkpt>
      <trkpt lat="25.180853" lon="121.541383">
        <ele>792.0</ele>
      </trkpt>
      <trkpt lat="25.180813" lon="121.541474">
        <ele>791.0</ele>
      </trkpt>
      <trkpt lat="25.180775" lon="121.541566">
        <ele>790.0</ele>
      </trkpt>
      <trkpt lat="25.180748" lon="121.541586">
        <ele>789.0</ele>
      </trkpt>
      <trkpt lat="25.180598" lon="121.541594">
        <ele>781.0</ele>
      </trkpt>
      <trkpt lat="25.180537" lon="121.541655">
        <ele>778.0</ele>
      </trkpt>
      <trkpt lat="25.180501" lon="121.541665">
        <ele>777.0</ele>
      </trkpt>
      <trkpt lat="25.180352" lon="121.541803">
        <ele>772.0</ele>
      </trkpt>
      <trkpt lat="25.180237" lon="121.542167">
        <ele>776.0</ele>
      </trkpt>
      <trkpt lat="25.18023" lon="121.542268">
        <ele>778.0</ele>
      </trkpt>
      <trkpt lat="25.180211" lon="121.542321">
        <ele>779.0</ele>
      </trkpt>
      <trkpt lat="25.180184" lon="121.542357">
        <ele>778.0</ele>
      </trkpt>
      <trkpt lat="25.180141" lon="121.542478">
        <ele>779.0</ele>
      </trkpt>
      <trkpt lat="25.180051" lon="121.542548">
        <ele>775.0</ele>
      </trkpt>
      <trkpt lat="25.180011" lon="121.542517">
        <ele>772.0</ele>
      </trkpt>
      <trkpt lat="25.179945" lon="121.542505">
        <ele>769.0</ele>
      </trkpt>
      <trkpt lat="25.179888" lon="121.542517">
        <ele>766.0</ele>
      </trkpt>
      <trkpt lat="25.179766" lon="121.542674">
        <ele>763.0</ele>
      </trkpt>
      <trkpt lat="25.179766" lon="121.542674">
        <ele>763.0</ele>
      </trkpt>
      <trkpt lat="25.179634" lon="121.543075">
        <ele>764.0</ele>
      </trkpt>
      <trkpt lat="25.179685" lon="121.543096">
        <ele>767.0</ele>
      </trkpt>
      <trkpt lat="25.179728" lon="121.543113">
        <ele>769.0</ele>
      </trkpt>
      <trkpt lat="25.179777" lon="121.543133">
        <ele>772.0</ele>
      </trkpt>
      <trkpt lat="25.179765" lon="121.54316">
        <ele>772.0</ele>
      </trkpt>
      <trkpt lat="25.179772" lon="121.54321">
        <ele>773.0</ele>
      </trkpt>
      <trkpt lat="25.179738" lon="121.543276">
        <ele>773.0</ele>
      </trkpt>
      <trkpt lat="25.179675" lon="121.543329">
        <ele>770.0</ele>
      </trkpt>
      <trkpt lat="25.179657" lon="121.54344">
        <ele>771.0</ele>
      </trkpt>
      <trkpt lat="25.179649" lon="121.543599">
        <ele>772.0</ele>
      </trkpt>
      <trkpt lat="25.179616" lon="121.543706">
        <ele>772.0</ele>
      </trkpt>
      <trkpt lat="25.179616" lon="121.543706">
        <ele>772.0</ele>
      </trkpt>
      <trkpt lat="25.179536" lon="121.543971">
        <ele>771.0</ele>
      </trkpt>
      <trkpt lat="25.179555" lon="121.544061">
        <ele>773.0</ele>
      </trkpt>
      <trkpt lat="25.179534" lon="121.544336">
        <ele>773.0</ele>
      </trkpt>
      <trkpt lat="25.17948" lon="121.544496">
        <ele>771.0</ele>
      </trkpt>
      <trkpt lat="25.17948" lon="121.544813">
        <ele>771.0</ele>
      </trkpt>
      <trkpt lat="25.179504" lon="121.544881">
        <ele>772.0</ele>
      </trkpt>
      <trkpt lat="25.179589" lon="121.544949">
        <ele>775.0</ele>
      </trkpt>
      <trkpt lat="25.179589" lon="121.544949">
        <ele>775.0</ele>
      </trkpt>
      <trkpt lat="25.179644" lon="121.544993">
        <ele>777.0</ele>
      </trkpt>
      <trkpt lat="25.179719" lon="121.545148">
        <ele>781.0</ele>
      </trkpt>
      <trkpt lat="25.179715" lon="121.545277">
        <ele>782.0</ele>
      </trkpt>
      <trkpt lat="25.179505" lon="121.545494">
        <ele>779.0</ele>
      </trkpt>
      <trkpt lat="25.179414" lon="121.545706">
        <ele>780.0</ele>
      </trkpt>
      <trkpt lat="25.179357" lon="121.545728">
        <ele>780.0</ele>
      </trkpt>
      <trkpt lat="25.179298" lon="121.54573">
        <ele>779.0</ele>
      </trkpt>
      <trkpt lat="25.179267" lon="121.545838">
        <ele>781.0</ele>
      </trkpt>
      <trkpt lat="25.179196" lon="121.545831">
        <ele>779.0</ele>
      </trkpt>
      <trkpt lat="25.179205" lon="121.545923">
        <ele>783.0</ele>
      </trkpt>
      <trkpt lat="25.179219" lon="121.545938">
        <ele>783.0</ele>
      </trkpt>
      <trkpt lat="25.179334" lon="121.545934">
        <ele>784.0</ele>
      </trkpt>
      <trkpt lat="25.17937" lon="121.545973">
        <ele>786.0</ele>
      </trkpt>
      <trkpt lat="25.179537" lon="121.545976">
        <ele>787.0</ele>
      </trkpt>
      <trkpt lat="25.179696" lon="121.546024">
        <ele>790.0</ele>
      </trkpt>
      <trkpt lat="25.179696" lon="121.546024">
        <ele>790.0</ele>
      </trkpt>
      <trkpt lat="25.179773" lon="121.545966">
        <ele>789.0</ele>
      </trkpt>
      <trkpt lat="25.179849" lon="121.545948">
        <ele>790.0</ele>
      </trkpt>
      <trkpt lat="25.179839" lon="121.546065">
        <ele>791.0</ele>
      </trkpt>
      <trkpt lat="25.179787" lon="121.546138">
        <ele>791.0</ele>
      </trkpt>
      <trkpt lat="25.179767" lon="121.546136">
        <ele>791.0</ele>
      </trkpt>
      <trkpt lat="25.179718" lon="121.546239">
        <ele>793.0</ele>
      </trkpt>
      <trkpt lat="25.179629" lon="121.546406">
        <ele>796.0</ele>
      </trkpt>
      <trkpt lat="25.17963" lon="121.546446">
        <ele>797.0</ele>
      </trkpt>
      <trkpt lat="25.179654" lon="121.546503">
        <ele>797.0</ele>
      </trkpt>
      <trkpt lat="25.179708" lon="121.546541">
        <ele>797.0</ele>
      </trkpt>
      <trkpt lat="25.179764" lon="121.546611">
        <ele>797.0</ele>
      </trkpt>
      <trkpt lat="25.179203" lon="121.546745">
        <ele>811.0</ele>
      </trkpt>
      <trkpt lat="25.179088" lon="121.546747">
        <ele>812.0</ele>
      </trkpt>
      <trkpt lat="25.17904" lon="121.546753">
        <ele>813.0</ele>
      </trkpt>
      <trkpt lat="25.17904" lon="121.546753">
        <ele>813.0</ele>
      </trkpt>
      <trkpt lat="25.178785" lon="121.546789">
        <ele>815.0</ele>
      </trkpt>
      <trkpt lat="25.178713" lon="121.546829">
        <ele>816.0</ele>
      </trkpt>
      <trkpt lat="25.178661" lon="121.546759">
        <ele>816.0</ele>
      </trkpt>
      <trkpt lat="25.178423" lon="121.546701">
        <ele>818.0</ele>
      </trkpt>
      <trkpt lat="25.178346" lon="121.546659">
        <ele>819.0</ele>
      </trkpt>
      <trkpt lat="25.178297" lon="121.546596">
        <ele>817.0</ele>
      </trkpt>
      <trkpt lat="25.17803" lon="121.546549">
        <ele>817.0</ele>
      </trkpt>
      <trkpt lat="25.177856" lon="121.546406">
        <ele>815.0</ele>
      </trkpt>
      <trkpt lat="25.177602" lon="121.546372">
        <ele>817.0</ele>
      </trkpt>
      <trkpt lat="25.177567" lon="121.546352">
        <ele>817.0</ele>
      </trkpt>
      <trkpt lat="25.177578" lon="121.546312">
        <ele>816.0</ele>
      </trkpt>
      <trkpt lat="25.177529" lon="121.546299">
        <ele>817.0</ele>
      </trkpt>
      <trkpt lat="25.177523" lon="121.546267">
        <ele>817.0</ele>
      </trkpt>
      <trkpt lat="25.177488" lon="121.546252">
        <ele>817.0</ele>
      </trkpt>
      <trkpt lat="25.1774" lon="121.546202">
        <ele>815.0</ele>
      </trkpt>
      <trkpt lat="25.177313" lon="121.546127">
        <ele>813.0</ele>
      </trkpt>
      <trkpt lat="25.17728" lon="121.546073">
        <ele>812.0</ele>
      </trkpt>
      <trkpt lat="25.17726" lon="121.546035">
        <ele>811.0</ele>
      </trkpt>
      <trkpt lat="25.177223" lon="121.546036">
        <ele>811.0</ele>
      </trkpt>
      <trkpt lat="25.177142" lon="121.546091">
        <ele>810.0</ele>
      </trkpt>
      <trkpt lat="25.177142" lon="121.546091">
        <ele>810.0</ele>
      </trkpt>
      <trkpt lat="25.177099" lon="121.54613">
        <ele>810.0</ele>
      </trkpt>
      <trkpt lat="25.176804" lon="121.546282">
        <ele>809.0</ele>
      </trkpt>
      <trkpt lat="25.176598" lon="121.546499">
        <ele>810.0</ele>
      </trkpt>
      <trkpt lat="25.176557" lon="121.546556">
        <ele>810.0</ele>
      </trkpt>
      <trkpt lat="25.176579" lon="121.546595">
        <ele>812.0</ele>
      </trkpt>
      <trkpt lat="25.176554" lon="121.546625">
        <ele>811.0</ele>
      </trkpt>
      <trkpt lat="25.176483" lon="121.546635">
        <ele>809.0</ele>
      </trkpt>
      <trkpt lat="25.176483" lon="121.546635">
        <ele>809.0</ele>
      </trkpt>
      <trkpt lat="25.176474" lon="121.546689">
        <ele>810.0</ele>
      </trkpt>
      <trkpt lat="25.176436" lon="121.546706">
        <ele>809.0</ele>
      </trkpt>
      <trkpt lat="25.176434" lon="121.546732">
        <ele>809.0</ele>
      </trkpt>
      <trkpt lat="25.176451" lon="121.54677">
        <ele>810.0</ele>
      </trkpt>
      <trkpt lat="25.176374" lon="121.546812">
        <ele>808.0</ele>
      </trkpt>
      <trkpt lat="25.176391" lon="121.546853">
        <ele>809.0</ele>
      </trkpt>
      <trkpt lat="25.176436" lon="121.546951">
        <ele>811.0</ele>
      </trkpt>
      <trkpt lat="25.176464" lon="121.547011">
        <ele>812.0</ele>
      </trkpt>
      <trkpt lat="25.176533" lon="121.546976">
        <ele>813.0</ele>
      </trkpt>
      <trkpt lat="25.176561" lon="121.547042">
        <ele>814.0</ele>
      </trkpt>
      <trkpt lat="25.176785" lon="121.547386">
        <ele>815.0</ele>
      </trkpt>
      <trkpt lat="25.176843" lon="121.547469">
        <ele>815.0</ele>
      </trkpt>
      <trkpt lat="25.176843" lon="121.547469">
        <ele>815.0</ele>
      </trkpt>
      <trkpt lat="25.176859" lon="121.547509">
        <ele>815.0</ele>
      </trkpt>
      <trkpt lat="25.176827" lon="121.547649">
        <ele>816.0</ele>
      </trkpt>
      <trkpt lat="25.176843" lon="121.547817">
        <ele>817.0</ele>
      </trkpt>
      <trkpt lat="25.176883" lon="121.54792">
        <ele>817.0</ele>
      </trkpt>
      <trkpt lat="25.176863" lon="121.547974">
        <ele>818.0</ele>
      </trkpt>
      <trkpt lat="25.176822" lon="121.548039">
        <ele>819.0</ele>
      </trkpt>
      <trkpt lat="25.17654" lon="121.548123">
        <ele>824.0</ele>
      </trkpt>
      <trkpt lat="25.17654" lon="121.548123">
        <ele>824.0</ele>
      </trkpt>
      <trkpt lat="25.176421" lon="121.548129">
        <ele>826.0</ele>
      </trkpt>
      <trkpt lat="25.176281" lon="121.548099">
        <ele>828.0</ele>
      </trkpt>
      <trkpt lat="25.176151" lon="121.548102">
        <ele>830.0</ele>
      </trkpt>
      <trkpt lat="25.17601" lon="121.548142">
        <ele>834.0</ele>
      </trkpt>
      <trkpt lat="25.17601" lon="121.548142">
        <ele>834.0</ele>
      </trkpt>
      <trkpt lat="25.17595" lon="121.548182">
        <ele>836.0</ele>
      </trkpt>
      <trkpt lat="25.175904" lon="121.548238">
        <ele>839.0</ele>
      </trkpt>
      <trkpt lat="25.175883" lon="121.5483">
        <ele>842.0</ele>
      </trkpt>
      <trkpt lat="25.175847" lon="121.548332">
        <ele>844.0</ele>
      </trkpt>
      <trkpt lat="25.175809" lon="121.548334">
        <ele>845.0</ele>
      </trkpt>
      <trkpt lat="25.175777" lon="121.548359">
        <ele>847.0</ele>
      </trkpt>
      <trkpt lat="25.175654" lon="121.548378">
        <ele>852.0</ele>
      </trkpt>
      <trkpt lat="25.175634" lon="121.548399">
        <ele>854.0</ele>
      </trkpt>
      <trkpt lat="25.175634" lon="121.548399">
        <ele>854.0</ele>
      </trkpt>
      <trkpt lat="25.175572" lon="121.548466">
        <ele>858.0</ele>
      </trkpt>
      <trkpt lat="25.175523" lon="121.548491">
        <ele>861.0</ele>
      </trkpt>
      <trkpt lat="25.175477" lon="121.548504">
        <ele>863.0</ele>
      </trkpt>
      <trkpt lat="25.175417" lon="121.548497">
        <ele>865.0</ele>
      </trkpt>
      <trkpt lat="25.175324" lon="121.548532">
        <ele>870.0</ele>
      </trkpt>
      <trkpt lat="25.175208" lon="121.548551">
        <ele>875.0</ele>
      </trkpt>
      <trkpt lat="25.175136" lon="121.548522">
        <ele>877.0</ele>
      </trkpt>
      <trkpt lat="25.175068" lon="121.548517">
        <ele>879.0</ele>
      </trkpt>
      <trkpt lat="25.175023" lon="121.548555">
        <ele>882.0</ele>
      </trkpt>
      <trkpt lat="25.174934" lon="121.548531">
        <ele>884.0</ele>
      </trkpt>
      <trkpt lat="25.174789" lon="121.548457">
        <ele>887.0</ele>
      </trkpt>
      <trkpt lat="25.17461" lon="121.548485">
        <ele>894.0</ele>
      </trkpt>
      <trkpt lat="25.17459" lon="121.548475">
        <ele>894.0</ele>
      </trkpt>
      <trkpt lat="25.17459" lon="121.548475">
        <ele>894.0</ele>
      </trkpt>
      <trkpt lat="25.174423" lon="121.548429">
        <ele>899.0</ele>
      </trkpt>
      <trkpt lat="25.174306" lon="121.548443">
        <ele>903.0</ele>
      </trkpt>
      <trkpt lat="25.17424" lon="121.548412">
        <ele>904.0</ele>
      </trkpt>
      <trkpt lat="25.174196" lon="121.54843">
        <ele>907.0</ele>
      </trkpt>
      <trkpt lat="25.174073" lon="121.548544">
        <ele>915.0</ele>
      </trkpt>
      <trkpt lat="25.173999" lon="121.548528">
        <ele>917.0</ele>
      </trkpt>
      <trkpt lat="25.173974" lon="121.548582">
        <ele>920.0</ele>
      </trkpt>
      <trkpt lat="25.173836" lon="121.548654">
        <ele>927.0</ele>
      </trkpt>
      <trkpt lat="25.17374" lon="121.548562">
        <ele>928.0</ele>
      </trkpt>
      <trkpt lat="25.173561" lon="121.548575">
        <ele>935.0</ele>
      </trkpt>
      <trkpt lat="25.173523" lon="121.548652">
        <ele>937.0</ele>
      </trkpt>
      <trkpt lat="25.173523" lon="121.548652">
        <ele>937.0</ele>
      </trkpt>
      <trkpt lat="25.173516" lon="121.548735">
        <ele>939.0</ele>
      </trkpt>
      <trkpt lat="25.173471" lon="121.548767">
        <ele>941.0</ele>
      </trkpt>
      <trkpt lat="25.173439" lon="121.548764">
        <ele>942.0</ele>
      </trkpt>
      <trkpt lat="25.17342" lon="121.548839">
        <ele>943.0</ele>
      </trkpt>
      <trkpt lat="25.173377" lon="121.548847">
        <ele>944.0</ele>
      </trkpt>
      <trkpt lat="25.173339" lon="121.548874">
        <ele>946.0</ele>
      </trkpt>
      <trkpt lat="25.173353" lon="121.548917">
        <ele>946.0</ele>
      </trkpt>
      <trkpt lat="25.173319" lon="121.548911">
        <ele>946.0</ele>
      </trkpt>
      <trkpt lat="25.173178" lon="121.548938">
        <ele>949.0</ele>
      </trkpt>
      <trkpt lat="25.173161" lon="121.548916">
        <ele>949.0</ele>
      </trkpt>
      <trkpt lat="25.173095" lon="121.549006">
        <ele>952.0</ele>
      </trkpt>
      <trkpt lat="25.17306" lon="121.549001">
        <ele>952.0</ele>
      </trkpt>
      <trkpt lat="25.172947" lon="121.549056">
        <ele>956.0</ele>
      </trkpt>
      <trkpt lat="25.172921" lon="121.549059">
        <ele>956.0</ele>
      </trkpt>
      <trkpt lat="25.172883" lon="121.549022">
        <ele>956.0</ele>
      </trkpt>
      <trkpt lat="25.172795" lon="121.548997">
        <ele>957.0</ele>
      </trkpt>
      <trkpt lat="25.172785" lon="121.548982">
        <ele>957.0</ele>
      </trkpt>
      <trkpt lat="25.17283" lon="121.548911">
        <ele>955.0</ele>
      </trkpt>
      <trkpt lat="25.172932" lon="121.548853">
        <ele>952.0</ele>
      </trkpt>
      <trkpt lat="25.172851" lon="121.548823">
        <ele>953.0</ele>
      </trkpt>
      <trkpt lat="25.172764" lon="121.548835">
        <ele>955.0</ele>
      </trkpt>
      <trkpt lat="25.172641" lon="121.548899">
        <ele>958.0</ele>
      </trkpt>
      <trkpt lat="25.172474" lon="121.54894">
        <ele>962.0</ele>
      </trkpt>
      <trkpt lat="25.17242" lon="121.548971">
        <ele>962.0</ele>
      </trkpt>
      <trkpt lat="25.17242" lon="121.548971">
        <ele>962.0</ele>
      </trkpt>
      <trkpt lat="25.172318" lon="121.549031">
        <ele>964.0</ele>
      </trkpt>
      <trkpt lat="25.172149" lon="121.549059">
        <ele>964.0</ele>
      </trkpt>
      <trkpt lat="25.17203" lon="121.54912">
        <ele>965.0</ele>
      </trkpt>
      <trkpt lat="25.171822" lon="121.549083">
        <ele>964.0</ele>
      </trkpt>
      <trkpt lat="25.171726" lon="121.549092">
        <ele>965.0</ele>
      </trkpt>
      <trkpt lat="25.171577" lon="121.54907">
        <ele>966.0</ele>
      </trkpt>
      <trkpt lat="25.171478" lon="121.549022">
        <ele>967.0</ele>
      </trkpt>
      <trkpt lat="25.171407" lon="121.548959">
        <ele>966.0</ele>
      </trkpt>
      <trkpt lat="25.171304" lon="121.548905">
        <ele>967.0</ele>
      </trkpt>
      <trkpt lat="25.171179" lon="121.548946">
        <ele>970.0</ele>
      </trkpt>
      <trkpt lat="25.171161" lon="121.549015">
        <ele>973.0</ele>
      </trkpt>
      <trkpt lat="25.171125" lon="121.549029">
        <ele>974.0</ele>
      </trkpt>
      <trkpt lat="25.171095" lon="121.549067">
        <ele>976.0</ele>
      </trkpt>
      <trkpt lat="25.17109" lon="121.549102">
        <ele>977.0</ele>
      </trkpt>
      <trkpt lat="25.170998" lon="121.54909">
        <ele>978.0</ele>
      </trkpt>
      <trkpt lat="25.170946" lon="121.549116">
        <ele>981.0</ele>
      </trkpt>
      <trkpt lat="25.170972" lon="121.549153">
        <ele>981.0</ele>
      </trkpt>
      <trkpt lat="25.170977" lon="121.549271">
        <ele>985.0</ele>
      </trkpt>
      <trkpt lat="25.170977" lon="121.549271">
        <ele>985.0</ele>
      </trkpt>
      <trkpt lat="25.170976" lon="121.54933">
        <ele>987.0</ele>
      </trkpt>
      <trkpt lat="25.170957" lon="121.549351">
        <ele>988.0</ele>
      </trkpt>
      <trkpt lat="25.170888" lon="121.549375">
        <ele>990.0</ele>
      </trkpt>
      <trkpt lat="25.170759" lon="121.549546">
        <ele>998.0</ele>
      </trkpt>
      <trkpt lat="25.170712" lon="121.549658">
        <ele>1002.0</ele>
      </trkpt>
      <trkpt lat="25.17074" lon="121.549766">
        <ele>1006.0</ele>
      </trkpt>
      <trkpt lat="25.170678" lon="121.549857">
        <ele>1010.0</ele>
      </trkpt>
      <trkpt lat="25.170725" lon="121.549905">
        <ele>1011.0</ele>
      </trkpt>
      <trkpt lat="25.170738" lon="121.549956">
        <ele>1012.0</ele>
      </trkpt>
      <trkpt lat="25.170687" lon="121.550077">
        <ele>1017.0</ele>
      </trkpt>
      <trkpt lat="25.170646" lon="121.550133">
        <ele>1020.0</ele>
      </trkpt>
      <trkpt lat="25.170558" lon="121.550207">
        <ele>1024.0</ele>
      </trkpt>
      <trkpt lat="25.170492" lon="121.550327">
        <ele>1030.0</ele>
      </trkpt>
      <trkpt lat="25.170504" lon="121.550516">
        <ele>1037.0</ele>
      </trkpt>
      <trkpt lat="25.170484" lon="121.550575">
        <ele>1039.0</ele>
      </trkpt>
      <trkpt lat="25.17044" lon="121.550637">
        <ele>1042.0</ele>
      </trkpt>
      <trkpt lat="25.170395" lon="121.550637">
        <ele>1043.0</ele>
      </trkpt>
      <trkpt lat="25.170235" lon="121.550554">
        <ele>1042.0</ele>
      </trkpt>
      <trkpt lat="25.170235" lon="121.550554">
        <ele>1042.0</ele>
      </trkpt>
      <trkpt lat="25.170193" lon="121.550535">
        <ele>1042.0</ele>
      </trkpt>
      <trkpt lat="25.170106" lon="121.550501">
        <ele>1042.0</ele>
      </trkpt>
      <trkpt lat="25.169982" lon="121.550495">
        <ele>1043.0</ele>
      </trkpt>
      <trkpt lat="25.169953" lon="121.550529">
        <ele>1044.0</ele>
      </trkpt>
      <trkpt lat="25.169886" lon="121.550685">
        <ele>1049.0</ele>
      </trkpt>
      <trkpt lat="25.169779" lon="121.550796">
        <ele>1053.0</ele>
      </trkpt>
      <trkpt lat="25.1698" lon="121.55089">
        <ele>1055.0</ele>
      </trkpt>
      <trkpt lat="25.169868" lon="121.550977">
        <ele>1056.0</ele>
      </trkpt>
      <trkpt lat="25.169896" lon="121.551026">
        <ele>1057.0</ele>
      </trkpt>
      <trkpt lat="25.169964" lon="121.55129">
        <ele>1059.0</ele>
      </trkpt>
      <trkpt lat="25.169952" lon="121.551333">
        <ele>1059.0</ele>
      </trkpt>
      <trkpt lat="25.169904" lon="121.55137">
        <ele>1060.0</ele>
      </trkpt>
      <trkpt lat="25.169868" lon="121.551485">
        <ele>1061.0</ele>
      </trkpt>
      <trkpt lat="25.169791" lon="121.551641">
        <ele>1063.0</ele>
      </trkpt>
      <trkpt lat="25.169767" lon="121.551768">
        <ele>1064.0</ele>
      </trkpt>
      <trkpt lat="25.169763" lon="121.551876">
        <ele>1064.0</ele>
      </trkpt>
      <trkpt lat="25.169791" lon="121.552048">
        <ele>1065.0</ele>
      </trkpt>
      <trkpt lat="25.169749" lon="121.552141">
        <ele>1065.0</ele>
      </trkpt>
      <trkpt lat="25.169774" lon="121.552304">
        <ele>1066.0</ele>
      </trkpt>
      <trkpt lat="25.169804" lon="121.552323">
        <ele>1066.0</ele>
      </trkpt>
      <trkpt lat="25.169804" lon="121.552323">
        <ele>1066.0</ele>
      </trkpt>
      <trkpt lat="25.169841" lon="121.552346">
        <ele>1066.0</ele>
      </trkpt>
      <trkpt lat="25.169907" lon="121.552335">
        <ele>1067.0</ele>
      </trkpt>
      <trkpt lat="25.169962" lon="121.552299">
        <ele>1067.0</ele>
      </trkpt>
      <trkpt lat="25.170028" lon="121.552318">
        <ele>1068.0</ele>
      </trkpt>
      <trkpt lat="25.170067" lon="121.552343">
        <ele>1068.0</ele>
      </trkpt>
      <trkpt lat="25.170082" lon="121.55239">
        <ele>1068.0</ele>
      </trkpt>
      <trkpt lat="25.170033" lon="121.552532">
        <ele>1070.0</ele>
      </trkpt>
      <trkpt lat="25.170034" lon="121.552587">
        <ele>1071.0</ele>
      </trkpt>
      <trkpt lat="25.170062" lon="121.552623">
        <ele>1072.0</ele>
      </trkpt>
      <trkpt lat="25.170142" lon="121.552588">
        <ele>1072.0</ele>
      </trkpt>
      <trkpt lat="25.170182" lon="121.55258">
        <ele>1072.0</ele>
      </trkpt>
      <trkpt lat="25.170256" lon="121.552601">
        <ele>1073.0</ele>
      </trkpt>
      <trkpt lat="25.170463" lon="121.552519">
        <ele>1072.0</ele>
      </trkpt>
      <trkpt lat="25.170517" lon="121.55247">
        <ele>1071.0</ele>
      </trkpt>
      <trkpt lat="25.170603" lon="121.552433">
        <ele>1071.0</ele>
      </trkpt>
      <trkpt lat="25.170634" lon="121.552424">
        <ele>1071.0</ele>
      </trkpt>
      <trkpt lat="25.170687" lon="121.552503">
        <ele>1073.0</ele>
      </trkpt>
      <trkpt lat="25.170721" lon="121.55268">
        <ele>1079.0</ele>
      </trkpt>
      <trkpt lat="25.170717" lon="121.552731">
        <ele>1081.0</ele>
      </trkpt>
      <trkpt lat="25.170691" lon="121.55276">
        <ele>1081.0</ele>
      </trkpt>
      <trkpt lat="25.170624" lon="121.552777">
        <ele>1081.0</ele>
      </trkpt>
      <trkpt lat="25.17056" lon="121.552921">
        <ele>1085.0</ele>
      </trkpt>
      <trkpt lat="25.1705" lon="121.553">
        <ele>1086.0</ele>
      </trkpt>
      <trkpt lat="25.17046" lon="121.553092">
        <ele>1088.0</ele>
      </trkpt>
      <trkpt lat="25.17046" lon="121.553092">
        <ele>1088.0</ele>
      </trkpt>
      <trkpt lat="25.170382" lon="121.553269">
        <ele>1091.0</ele>
      </trkpt>
      <trkpt lat="25.170387" lon="121.553288">
        <ele>1092.0</ele>
      </trkpt>
      <trkpt lat="25.170404" lon="121.553289">
        <ele>1092.0</ele>
      </trkpt>
      <trkpt lat="25.170487" lon="121.553202">
        <ele>1091.0</ele>
      </trkpt>
      <trkpt lat="25.170579" lon="121.55314">
        <ele>1091.0</ele>
      </trkpt>
      <trkpt lat="25.170624" lon="121.553216">
        <ele>1094.0</ele>
      </trkpt>
      <trkpt lat="25.170621" lon="121.553234">
        <ele>1095.0</ele>
      </trkpt>
      <trkpt lat="25.170635" lon="121.553244">
        <ele>1095.0</ele>
      </trkpt>
      <trkpt lat="25.170664" lon="121.553226">
        <ele>1095.0</ele>
      </trkpt>
      <trkpt lat="25.1707" lon="121.553316">
        <ele>1099.0</ele>
      </trkpt>
      <trkpt lat="25.170757" lon="121.553329">
        <ele>1100.0</ele>
      </trkpt>
      <trkpt lat="25.170765" lon="121.553363">
        <ele>1100.0</ele>
      </trkpt>
      <trkpt lat="25.170807" lon="121.55337">
        <ele>1101.0</ele>
      </trkpt>
      <trkpt lat="25.170821" lon="121.553392">
        <ele>1101.0</ele>
      </trkpt>
      <trkpt lat="25.170768" lon="121.553429">
        <ele>1100.0</ele>
      </trkpt>
      <trkpt lat="25.170771" lon="121.553458">
        <ele>1099.0</ele>
      </trkpt>
      <trkpt lat="25.170741" lon="121.553506">
        <ele>1098.0</ele>
      </trkpt>
      <trkpt lat="25.170711" lon="121.553512">
        <ele>1098.0</ele>
      </trkpt>
      <trkpt lat="25.170687" lon="121.553489">
        <ele>1097.0</ele>
      </trkpt>
      <trkpt lat="25.170489" lon="121.553634">
        <ele>1093.0</ele>
      </trkpt>
      <trkpt lat="25.170471" lon="121.553797">
        <ele>1091.0</ele>
      </trkpt>
      <trkpt lat="25.170431" lon="121.553856">
        <ele>1091.0</ele>
      </trkpt>
      <trkpt lat="25.170391" lon="121.553993">
        <ele>1089.0</ele>
      </trkpt>
      <trkpt lat="25.170357" lon="121.554024">
        <ele>1089.0</ele>
      </trkpt>
      <trkpt lat="25.170299" lon="121.554015">
        <ele>1088.0</ele>
      </trkpt>
      <trkpt lat="25.170228" lon="121.554042">
        <ele>1088.0</ele>
      </trkpt>
      <trkpt lat="25.170159" lon="121.554039">
        <ele>1087.0</ele>
      </trkpt>
      <trkpt lat="25.17012" lon="121.554139">
        <ele>1087.0</ele>
      </trkpt>
      <trkpt lat="25.170048" lon="121.554218">
        <ele>1086.0</ele>
      </trkpt>
      <trkpt lat="25.170048" lon="121.554218">
        <ele>1086.0</ele>
      </trkpt>
      <trkpt lat="25.170027" lon="121.554291">
        <ele>1085.0</ele>
      </trkpt>
      <trkpt lat="25.169984" lon="121.554351">
        <ele>1084.0</ele>
      </trkpt>
      <trkpt lat="25.169949" lon="121.554351">
        <ele>1083.0</ele>
      </trkpt>
      <trkpt lat="25.16984" lon="121.554406">
        <ele>1082.0</ele>
      </trkpt>
      <trkpt lat="25.16979" lon="121.554496">
        <ele>1081.0</ele>
      </trkpt>
      <trkpt lat="25.16975" lon="121.554517">
        <ele>1081.0</ele>
      </trkpt>
      <trkpt lat="25.169665" lon="121.554667">
        <ele>1080.0</ele>
      </trkpt>
      <trkpt lat="25.16969" lon="121.554742">
        <ele>1080.0</ele>
      </trkpt>
      <trkpt lat="25.169686" lon="121.554785">
        <ele>1080.0</ele>
      </trkpt>
      <trkpt lat="25.169721" lon="121.55493">
        <ele>1080.0</ele>
      </trkpt>
      <trkpt lat="25.169617" lon="121.555118">
        <ele>1082.0</ele>
      </trkpt>
      <trkpt lat="25.169579" lon="121.555151">
        <ele>1082.0</ele>
      </trkpt>
      <trkpt lat="25.169576" lon="121.555248">
        <ele>1082.0</ele>
      </trkpt>
      <trkpt lat="25.169526" lon="121.555372">
        <ele>1083.0</ele>
      </trkpt>
      <trkpt lat="25.16952" lon="121.555443">
        <ele>1083.0</ele>
      </trkpt>
      <trkpt lat="25.169536" lon="121.555491">
        <ele>1083.0</ele>
      </trkpt>
      <trkpt lat="25.169526" lon="121.555541">
        <ele>1083.0</ele>
      </trkpt>
      <trkpt lat="25.169504" lon="121.555598">
        <ele>1083.0</ele>
      </trkpt>
      <trkpt lat="25.169461" lon="121.555569">
        <ele>1083.0</ele>
      </trkpt>
      <trkpt lat="25.169433" lon="121.555557">
        <ele>1084.0</ele>
      </trkpt>
      <trkpt lat="25.169424" lon="121.555533">
        <ele>1084.0</ele>
      </trkpt>
      <trkpt lat="25.169373" lon="121.555518">
        <ele>1085.0</ele>
      </trkpt>
      <trkpt lat="25.169351" lon="121.555529">
        <ele>1085.0</ele>
      </trkpt>
      <trkpt lat="25.169335" lon="121.555511">
        <ele>1085.0</ele>
      </trkpt>
      <trkpt lat="25.169314" lon="121.555522">
        <ele>1085.0</ele>
      </trkpt>
      <trkpt lat="25.169286" lon="121.555493">
        <ele>1086.0</ele>
      </trkpt>
      <trkpt lat="25.169207" lon="121.555476">
        <ele>1087.0</ele>
      </trkpt>
      <trkpt lat="25.16912" lon="121.555405">
        <ele>1086.0</ele>
      </trkpt>
      <trkpt lat="25.169054" lon="121.5554">
        <ele>1085.0</ele>
      </trkpt>
      <trkpt lat="25.168999" lon="121.555368">
        <ele>1083.0</ele>
      </trkpt>
      <trkpt lat="25.168926" lon="121.555386">
        <ele>1082.0</ele>
      </trkpt>
      <trkpt lat="25.168784" lon="121.555375">
        <ele>1079.0</ele>
      </trkpt>
      <trkpt lat="25.168711" lon="121.555406">
        <ele>1077.0</ele>
      </trkpt>
      <trkpt lat="25.168659" lon="121.555497">
        <ele>1076.0</ele>
      </trkpt>
      <trkpt lat="25.168647" lon="121.555591">
        <ele>1075.0</ele>
      </trkpt>
      <trkpt lat="25.168632" lon="121.555619">
        <ele>1075.0</ele>
      </trkpt>
      <trkpt lat="25.168535" lon="121.55564">
        <ele>1072.0</ele>
      </trkpt>
      <trkpt lat="25.168525" lon="121.555612">
        <ele>1072.0</ele>
      </trkpt>
      <trkpt lat="25.168496" lon="121.555608">
        <ele>1071.0</ele>
      </trkpt>
      <trkpt lat="25.168461" lon="121.555642">
        <ele>1070.0</ele>
      </trkpt>
      <trkpt lat="25.168423" lon="121.555758">
        <ele>1069.0</ele>
      </trkpt>
      <trkpt lat="25.168431" lon="121.55584">
        <ele>1068.0</ele>
      </trkpt>
      <trkpt lat="25.168485" lon="121.555857">
        <ele>1069.0</ele>
      </trkpt>
      <trkpt lat="25.168465" lon="121.555892">
        <ele>1067.0</ele>
      </trkpt>
      <trkpt lat="25.168343" lon="121.555947">
        <ele>1062.0</ele>
      </trkpt>
      <trkpt lat="25.168303" lon="121.555881">
        <ele>1062.0</ele>
      </trkpt>
      <trkpt lat="25.168249" lon="121.555876">
        <ele>1059.0</ele>
      </trkpt>
      <trkpt lat="25.168263" lon="121.555916">
        <ele>1058.0</ele>
      </trkpt>
      <trkpt lat="25.168301" lon="121.555946">
        <ele>1060.0</ele>
      </trkpt>
      <trkpt lat="25.168278" lon="121.555968">
        <ele>1057.0</ele>
      </trkpt>
      <trkpt lat="25.168218" lon="121.555982">
        <ele>1053.0</ele>
      </trkpt>
      <trkpt lat="25.16831" lon="121.556081">
        <ele>1055.0</ele>
      </trkpt>
      <trkpt lat="25.168296" lon="121.556093">
        <ele>1054.0</ele>
      </trkpt>
      <trkpt lat="25.168198" lon="121.55606">
        <ele>1049.0</ele>
      </trkpt>
      <trkpt lat="25.168222" lon="121.556096">
        <ele>1049.0</ele>
      </trkpt>
      <trkpt lat="25.168202" lon="121.556158">
        <ele>1045.0</ele>
      </trkpt>
      <trkpt lat="25.168121" lon="121.556138">
        <ele>1041.0</ele>
      </trkpt>
      <trkpt lat="25.168146" lon="121.556173">
        <ele>1041.0</ele>
      </trkpt>
      <trkpt lat="25.168149" lon="121.556243">
        <ele>1039.0</ele>
      </trkpt>
      <trkpt lat="25.16807" lon="121.556227">
        <ele>1035.0</ele>
      </trkpt>
      <trkpt lat="25.168068" lon="121.556287">
        <ele>1032.0</ele>
      </trkpt>
      <trkpt lat="25.167888" lon="121.556288">
        <ele>1021.0</ele>
      </trkpt>
      <trkpt lat="25.167889" lon="121.55641">
        <ele>1018.0</ele>
      </trkpt>
      <trkpt lat="25.167865" lon="121.556433">
        <ele>1015.0</ele>
      </trkpt>
      <trkpt lat="25.167825" lon="121.556418">
        <ele>1013.0</ele>
      </trkpt>
      <trkpt lat="25.167812" lon="121.556373">
        <ele>1014.0</ele>
      </trkpt>
      <trkpt lat="25.16776" lon="121.556352">
        <ele>1012.0</ele>
      </trkpt>
      <trkpt lat="25.167712" lon="121.556394">
        <ele>1007.0</ele>
      </trkpt>
      <trkpt lat="25.167667" lon="121.556399">
        <ele>1005.0</ele>
      </trkpt>
      <trkpt lat="25.167666" lon="121.556438">
        <ele>1004.0</ele>
      </trkpt>
      <trkpt lat="25.167642" lon="121.556456">
        <ele>1002.0</ele>
      </trkpt>
      <trkpt lat="25.167581" lon="121.556418">
        <ele>999.0</ele>
      </trkpt>
      <trkpt lat="25.167513" lon="121.556401">
        <ele>995.0</ele>
      </trkpt>
      <trkpt lat="25.167431" lon="121.556425">
        <ele>991.0</ele>
      </trkpt>
      <trkpt lat="25.167437" lon="121.556448">
        <ele>990.0</ele>
      </trkpt>
      <trkpt lat="25.167396" lon="121.556504">
        <ele>987.0</ele>
      </trkpt>
      <trkpt lat="25.167338" lon="121.55647">
        <ele>985.0</ele>
      </trkpt>
      <trkpt lat="25.167298" lon="121.556539">
        <ele>981.0</ele>
      </trkpt>
      <trkpt lat="25.167285" lon="121.556537">
        <ele>981.0</ele>
      </trkpt>
      <trkpt lat="25.167231" lon="121.556433">
        <ele>980.0</ele>
      </trkpt>
      <trkpt lat="25.167231" lon="121.556456">
        <ele>980.0</ele>
      </trkpt>
      <trkpt lat="25.167213" lon="121.556476">
        <ele>978.0</ele>
      </trkpt>
      <trkpt lat="25.16719" lon="121.556455">
        <ele>978.0</ele>
      </trkpt>
      <trkpt lat="25.167182" lon="121.556481">
        <ele>977.0</ele>
      </trkpt>
      <trkpt lat="25.16716" lon="121.55647">
        <ele>976.0</ele>
      </trkpt>
      <trkpt lat="25.167136" lon="121.556485">
        <ele>974.0</ele>
      </trkpt>
      <trkpt lat="25.167085" lon="121.556534">
        <ele>971.0</ele>
      </trkpt>
      <trkpt lat="25.167041" lon="121.556551">
        <ele>968.0</ele>
      </trkpt>
      <trkpt lat="25.166959" lon="121.556634">
        <ele>963.0</ele>
      </trkpt>
      <trkpt lat="25.166962" lon="121.556652">
        <ele>962.0</ele>
      </trkpt>
      <trkpt lat="25.166932" lon="121.556659">
        <ele>961.0</ele>
      </trkpt>
      <trkpt lat="25.16677" lon="121.55663">
        <ele>954.0</ele>
      </trkpt>
      <trkpt lat="25.166713" lon="121.55658">
        <ele>952.0</ele>
      </trkpt>
      <trkpt lat="25.166676" lon="121.556557">
        <ele>950.0</ele>
      </trkpt>
      <trkpt lat="25.166663" lon="121.556527">
        <ele>950.0</ele>
      </trkpt>
      <trkpt lat="25.166635" lon="121.556521">
        <ele>949.0</ele>
      </trkpt>
      <trkpt lat="25.166532" lon="121.556565">
        <ele>945.0</ele>
      </trkpt>
      <trkpt lat="25.166482" lon="121.556571">
        <ele>943.0</ele>
      </trkpt>
      <trkpt lat="25.166394" lon="121.556613">
        <ele>939.0</ele>
      </trkpt>
      <trkpt lat="25.166352" lon="121.55668">
        <ele>937.0</ele>
      </trkpt>
      <trkpt lat="25.166216" lon="121.556806">
        <ele>931.0</ele>
      </trkpt>
      <trkpt lat="25.166176" lon="121.556824">
        <ele>930.0</ele>
      </trkpt>
      <trkpt lat="25.166115" lon="121.556824">
        <ele>928.0</ele>
      </trkpt>
      <trkpt lat="25.166019" lon="121.556875">
        <ele>925.0</ele>
      </trkpt>
      <trkpt lat="25.165961" lon="121.556871">
        <ele>923.0</ele>
      </trkpt>
      <trkpt lat="25.165955" lon="121.556888">
        <ele>923.0</ele>
      </trkpt>
      <trkpt lat="25.166042" lon="121.556982">
        <ele>925.0</ele>
      </trkpt>
      <trkpt lat="25.166083" lon="121.557148">
        <ele>925.0</ele>
      </trkpt>
      <trkpt lat="25.166078" lon="121.557216">
        <ele>924.0</ele>
      </trkpt>
      <trkpt lat="25.165935" lon="121.557375">
        <ele>920.0</ele>
      </trkpt>
      <trkpt lat="25.165877" lon="121.557389">
        <ele>918.0</ele>
      </trkpt>
      <trkpt lat="25.165766" lon="121.557372">
        <ele>915.0</ele>
      </trkpt>
      <trkpt lat="25.165745" lon="121.557382">
        <ele>915.0</ele>
      </trkpt>
      <trkpt lat="25.165745" lon="121.557382">
        <ele>915.0</ele>
      </trkpt>
      <trkpt lat="25.165607" lon="121.557445">
        <ele>911.0</ele>
      </trkpt>
      <trkpt lat="25.165548" lon="121.557446">
        <ele>909.0</ele>
      </trkpt>
      <trkpt lat="25.165452" lon="121.557392">
        <ele>906.0</ele>
      </trkpt>
      <trkpt lat="25.165414" lon="121.557422">
        <ele>905.0</ele>
      </trkpt>
      <trkpt lat="25.165329" lon="121.557431">
        <ele>902.0</ele>
      </trkpt>
      <trkpt lat="25.165333" lon="121.557541">
        <ele>902.0</ele>
      </trkpt>
      <trkpt lat="25.165234" lon="121.557507">
        <ele>900.0</ele>
      </trkpt>
      <trkpt lat="25.165191" lon="121.557598">
        <ele>898.0</ele>
      </trkpt>
      <trkpt lat="25.165199" lon="121.557672">
        <ele>897.0</ele>
      </trkpt>
      <trkpt lat="25.165237" lon="121.557717">
        <ele>898.0</ele>
      </trkpt>
      <trkpt lat="25.165243" lon="121.557758">
        <ele>897.0</ele>
      </trkpt>
      <trkpt lat="25.165216" lon="121.557856">
        <ele>896.0</ele>
      </trkpt>
      <trkpt lat="25.165253" lon="121.557942">
        <ele>896.0</ele>
      </trkpt>
      <trkpt lat="25.165246" lon="121.557976">
        <ele>895.0</ele>
      </trkpt>
      <trkpt lat="25.165148" lon="121.558072">
        <ele>892.0</ele>
      </trkpt>
      <trkpt lat="25.16514" lon="121.558104">
        <ele>892.0</ele>
      </trkpt>
      <trkpt lat="25.165174" lon="121.558236">
        <ele>891.0</ele>
      </trkpt>
      <trkpt lat="25.165189" lon="121.558395">
        <ele>891.0</ele>
      </trkpt>
      <trkpt lat="25.165199" lon="121.558426">
        <ele>891.0</ele>
      </trkpt>
      <trkpt lat="25.165237" lon="121.558459">
        <ele>891.0</ele>
      </trkpt>
      <trkpt lat="25.165318" lon="121.558479">
        <ele>892.0</ele>
      </trkpt>
      <trkpt lat="25.165431" lon="121.558571">
        <ele>894.0</ele>
      </trkpt>
      <trkpt lat="25.165454" lon="121.558611">
        <ele>894.0</ele>
      </trkpt>
      <trkpt lat="25.165461" lon="121.558673">
        <ele>894.0</ele>
      </trkpt>
      <trkpt lat="25.165423" lon="121.558714">
        <ele>893.0</ele>
      </trkpt>
      <trkpt lat="25.165363" lon="121.55875">
        <ele>892.0</ele>
      </trkpt>
      <trkpt lat="25.165333" lon="121.558795">
        <ele>892.0</ele>
      </trkpt>
      <trkpt lat="25.165245" lon="121.559002">
        <ele>890.0</ele>
      </trkpt>
      <trkpt lat="25.165107" lon="121.559034">
        <ele>887.0</ele>
      </trkpt>
      <trkpt lat="25.165058" lon="121.559061">
        <ele>886.0</ele>
      </trkpt>
      <trkpt lat="25.164998" lon="121.559214">
        <ele>885.0</ele>
      </trkpt>
      <trkpt lat="25.164978" lon="121.559314">
        <ele>885.0</ele>
      </trkpt>
      <trkpt lat="25.165017" lon="121.559415">
        <ele>885.0</ele>
      </trkpt>
      <trkpt lat="25.165062" lon="121.559617">
        <ele>885.0</ele>
      </trkpt>
      <trkpt lat="25.165079" lon="121.559656">
        <ele>885.0</ele>
      </trkpt>
      <trkpt lat="25.165114" lon="121.559679">
        <ele>885.0</ele>
      </trkpt>
      <trkpt lat="25.165103" lon="121.559781">
        <ele>885.0</ele>
      </trkpt>
      <trkpt lat="25.165063" lon="121.559787">
        <ele>884.0</ele>
      </trkpt>
      <trkpt lat="25.165027" lon="121.559842">
        <ele>884.0</ele>
      </trkpt>
      <trkpt lat="25.165037" lon="121.559905">
        <ele>884.0</ele>
      </trkpt>
      <trkpt lat="25.165028" lon="121.559982">
        <ele>884.0</ele>
      </trkpt>
      <trkpt lat="25.165076" lon="121.5601">
        <ele>882.0</ele>
      </trkpt>
      <trkpt lat="25.165092" lon="121.56019">
        <ele>880.0</ele>
      </trkpt>
      <trkpt lat="25.165077" lon="121.560344">
        <ele>876.0</ele>
      </trkpt>
      <trkpt lat="25.16509" lon="121.560475">
        <ele>873.0</ele>
      </trkpt>
      <trkpt lat="25.165145" lon="121.560631">
        <ele>869.0</ele>
      </trkpt>
      <trkpt lat="25.165211" lon="121.560721">
        <ele>866.0</ele>
      </trkpt>
      <trkpt lat="25.165255" lon="121.560809">
        <ele>863.0</ele>
      </trkpt>
      <trkpt lat="25.165381" lon="121.560927">
        <ele>857.0</ele>
      </trkpt>
      <trkpt lat="25.16558" lon="121.561187">
        <ele>844.0</ele>
      </trkpt>
      <trkpt lat="25.165639" lon="121.561209">
        <ele>842.0</ele>
      </trkpt>
      <trkpt lat="25.165677" lon="121.561245">
        <ele>840.0</ele>
      </trkpt>
      <trkpt lat="25.165735" lon="121.561358">
        <ele>835.0</ele>
      </trkpt>
      <trkpt lat="25.165852" lon="121.561376">
        <ele>833.0</ele>
      </trkpt>
      <trkpt lat="25.165899" lon="121.561401">
        <ele>833.0</ele>
      </trkpt>
      <trkpt lat="25.165987" lon="121.561349">
        <ele>835.0</ele>
      </trkpt>
      <trkpt lat="25.166024" lon="121.561352">
        <ele>835.0</ele>
      </trkpt>
      <trkpt lat="25.166118" lon="121.561439">
        <ele>832.0</ele>
      </trkpt>
      <trkpt lat="25.166299" lon="121.561428">
        <ele>833.0</ele>
      </trkpt>
      <trkpt lat="25.166344" lon="121.561449">
        <ele>832.0</ele>
      </trkpt>
      <trkpt lat="25.166426" lon="121.561528">
        <ele>829.0</ele>
      </trkpt>
      <trkpt lat="25.166546" lon="121.561565">
        <ele>827.0</ele>
      </trkpt>
      <trkpt lat="25.166566" lon="121.5616">
        <ele>825.0</ele>
      </trkpt>
      <trkpt lat="25.166561" lon="121.561628">
        <ele>824.0</ele>
      </trkpt>
      <trkpt lat="25.166541" lon="121.561642">
        <ele>823.0</ele>
      </trkpt>
      <trkpt lat="25.166517" lon="121.561654">
        <ele>823.0</ele>
      </trkpt>
      <trkpt lat="25.166417" lon="121.561643">
        <ele>823.0</ele>
      </trkpt>
      <trkpt lat="25.166318" lon="121.561702">
        <ele>820.0</ele>
      </trkpt>
      <trkpt lat="25.166296" lon="121.561755">
        <ele>816.0</ele>
      </trkpt>
      <trkpt lat="25.166301" lon="121.5618">
        <ele>814.0</ele>
      </trkpt>
      <trkpt lat="25.166334" lon="121.561876">
        <ele>809.0</ele>
      </trkpt>
      <trkpt lat="25.16637" lon="121.561915">
        <ele>806.0</ele>
      </trkpt>
      <trkpt lat="25.166374" lon="121.562022">
        <ele>799.0</ele>
      </trkpt>
      <trkpt lat="25.166255" lon="121.562136">
        <ele>792.0</ele>
      </trkpt>
      <trkpt lat="25.16622" lon="121.562149">
        <ele>792.0</ele>
      </trkpt>
      <trkpt lat="25.166219" lon="121.562178">
        <ele>790.0</ele>
      </trkpt>
      <trkpt lat="25.166258" lon="121.562211">
        <ele>788.0</ele>
      </trkpt>
      <trkpt lat="25.16626" lon="121.56223">
        <ele>786.0</ele>
      </trkpt>
      <trkpt lat="25.166229" lon="121.56233">
        <ele>780.0</ele>
      </trkpt>
      <trkpt lat="25.166235" lon="121.562403">
        <ele>776.0</ele>
      </trkpt>
      <trkpt lat="25.166221" lon="121.562455">
        <ele>773.0</ele>
      </trkpt>
      <trkpt lat="25.166117" lon="121.562423">
        <ele>775.0</ele>
      </trkpt>
      <trkpt lat="25.166023" lon="121.562422">
        <ele>776.0</ele>
      </trkpt>
      <trkpt lat="25.1659" lon="121.56247">
        <ele>774.0</ele>
      </trkpt>
      <trkpt lat="25.165812" lon="121.562524">
        <ele>773.0</ele>
      </trkpt>
      <trkpt lat="25.165748" lon="121.562615">
        <ele>771.0</ele>
      </trkpt>
      <trkpt lat="25.165748" lon="121.562615">
        <ele>771.0</ele>
      </trkpt>
      <trkpt lat="25.16574" lon="121.562627">
        <ele>771.0</ele>
      </trkpt>
      <trkpt lat="25.165762" lon="121.562728">
        <ele>768.0</ele>
      </trkpt>
      <trkpt lat="25.165759" lon="121.562782">
        <ele>766.0</ele>
      </trkpt>
      <trkpt lat="25.165727" lon="121.562868">
        <ele>764.0</ele>
      </trkpt>
      <trkpt lat="25.165745" lon="121.562943">
        <ele>761.0</ele>
      </trkpt>
      <trkpt lat="25.165756" lon="121.563034">
        <ele>759.0</ele>
      </trkpt>
      <trkpt lat="25.165794" lon="121.563104">
        <ele>756.0</ele>
      </trkpt>
      <trkpt lat="25.165872" lon="121.563182">
        <ele>754.0</ele>
      </trkpt>
      <trkpt lat="25.166012" lon="121.563267">
        <ele>750.0</ele>
      </trkpt>
      <trkpt lat="25.166113" lon="121.563307">
        <ele>747.0</ele>
      </trkpt>
      <trkpt lat="25.166183" lon="121.563302">
        <ele>747.0</ele>
      </trkpt>
      <trkpt lat="25.166183" lon="121.563302">
        <ele>747.0</ele>
      </trkpt>
      <trkpt lat="25.166203" lon="121.5633">
        <ele>747.0</ele>
      </trkpt>
      <trkpt lat="25.166225" lon="121.563385">
        <ele>745.0</ele>
      </trkpt>
      <trkpt lat="25.166271" lon="121.563325">
        <ele>745.0</ele>
      </trkpt>
      <trkpt lat="25.166331" lon="121.563507">
        <ele>743.0</ele>
      </trkpt>
      <trkpt lat="25.166331" lon="121.563507">
        <ele>743.0</ele>
      </trkpt>
      <trkpt lat="25.166368" lon="121.563636">
        <ele>741.0</ele>
      </trkpt>
      <trkpt lat="25.166199" lon="121.563723">
        <ele>742.0</ele>
      </trkpt>
      <trkpt lat="25.166053" lon="121.56378">
        <ele>743.0</ele>
      </trkpt>
    </trkseg>
  </trk>
</gpx>
