<?xml version="1.0" encoding="UTF-8"?>
<gpx xmlns="http://www.topografix.com/GPX/1/1" xmlns:xsi="http://www.w3.org/2001/XMLSchema-instance" xsi:schemaLocation="http://www.topografix.com/GPX/1/1 http://www.topografix.com/GPX/1/1/gpx.xsd" version="1.1" creator="Martin Schneider">
  <wpt lat="24.9788738" lon="121.5898851">
    <ele>265.0</ele>
    <name>Start</name>
  </wpt>
  <wpt lat="24.9686172" lon="121.5883236">
    <ele>295.0</ele>
    <name>End</name>
  </wpt>
  <wpt lat="24.97084" lon="121.614828">
    <name>1</name>
    <desc>Trailhead (stairs)</desc>
  </wpt>
  <wpt lat="24.9671692" lon="121.6196483">
    <ele>639.0</ele>
    <name>Summit Ergeshan</name>
  </wpt>
  <trk>
    <name>017_Ergeshan</name>
    <trkseg>
      <trkpt lat="24.9788738" lon="121.5898851">
        <ele>265.0</ele>
      </trkpt>
      <trkpt lat="24.9788398" lon="121.5899058">
        <ele>264.0</ele>
      </trkpt>
      <trkpt lat="24.978791" lon="121.5899457">
        <ele>263.0</ele>
      </trkpt>
      <trkpt lat="24.9787543" lon="121.5900519">
        <ele>262.0</ele>
      </trkpt>
      <trkpt lat="24.978748" lon="121.5900993">
        <ele>263.0</ele>
      </trkpt>
      <trkpt lat="24.9787538" lon="121.5901752">
        <ele>263.0</ele>
      </trkpt>
      <trkpt lat="24.978773" lon="121.5902691">
        <ele>265.0</ele>
      </trkpt>
      <trkpt lat="24.9787716" lon="121.5904076">
        <ele>265.0</ele>
      </trkpt>
      <trkpt lat="24.9787806" lon="121.5904729">
        <ele>266.0</ele>
      </trkpt>
      <trkpt lat="24.9787788" lon="121.5905439">
        <ele>267.0</ele>
      </trkpt>
      <trkpt lat="24.9789344" lon="121.5907621">
        <ele>274.0</ele>
      </trkpt>
      <trkpt lat="24.9789464" lon="121.5907874">
        <ele>274.0</ele>
      </trkpt>
      <trkpt lat="24.9789524" lon="121.590943">
        <ele>277.0</ele>
      </trkpt>
      <trkpt lat="24.9789124" lon="121.5910839">
        <ele>278.0</ele>
      </trkpt>
      <trkpt lat="24.9789117" lon="121.5910974">
        <ele>279.0</ele>
      </trkpt>
      <trkpt lat="24.9789308" lon="121.5911429">
        <ele>280.0</ele>
      </trkpt>
      <trkpt lat="24.9789217" lon="121.5912945">
        <ele>283.0</ele>
      </trkpt>
      <trkpt lat="24.9788878" lon="121.5914171">
        <ele>284.0</ele>
      </trkpt>
      <trkpt lat="24.9788828" lon="121.5914456">
        <ele>284.0</ele>
      </trkpt>
      <trkpt lat="24.9788176" lon="121.5915117">
        <ele>284.0</ele>
      </trkpt>
      <trkpt lat="24.9787801" lon="121.5915314">
        <ele>283.0</ele>
      </trkpt>
      <trkpt lat="24.9787644" lon="121.5915491">
        <ele>283.0</ele>
      </trkpt>
      <trkpt lat="24.9787175" lon="121.5915793">
        <ele>282.0</ele>
      </trkpt>
      <trkpt lat="24.9787014" lon="121.5916009">
        <ele>282.0</ele>
      </trkpt>
      <trkpt lat="24.9786884" lon="121.5916338">
        <ele>282.0</ele>
      </trkpt>
      <trkpt lat="24.9786745" lon="121.5916505">
        <ele>282.0</ele>
      </trkpt>
      <trkpt lat="24.9786195" lon="121.5916838">
        <ele>281.0</ele>
      </trkpt>
      <trkpt lat="24.9786141" lon="121.5917022">
        <ele>281.0</ele>
      </trkpt>
      <trkpt lat="24.9785481" lon="121.5917665">
        <ele>282.0</ele>
      </trkpt>
      <trkpt lat="24.9784967" lon="121.5917923">
        <ele>281.0</ele>
      </trkpt>
      <trkpt lat="24.9784859" lon="121.5917962">
        <ele>281.0</ele>
      </trkpt>
      <trkpt lat="24.9784725" lon="121.5917962">
        <ele>281.0</ele>
      </trkpt>
      <trkpt lat="24.9783988" lon="121.5917746">
        <ele>278.0</ele>
      </trkpt>
      <trkpt lat="24.9783388" lon="121.591749">
        <ele>275.0</ele>
      </trkpt>
      <trkpt lat="24.9782822" lon="121.591701">
        <ele>272.0</ele>
      </trkpt>
      <trkpt lat="24.9782301" lon="121.5917024">
        <ele>271.0</ele>
      </trkpt>
      <trkpt lat="24.978189" lon="121.5917179">
        <ele>271.0</ele>
      </trkpt>
      <trkpt lat="24.9781497" lon="121.5917384">
        <ele>271.0</ele>
      </trkpt>
      <trkpt lat="24.9780778" lon="121.5917415">
        <ele>270.0</ele>
      </trkpt>
      <trkpt lat="24.9780559" lon="121.591746">
        <ele>270.0</ele>
      </trkpt>
      <trkpt lat="24.9780427" lon="121.5917676">
        <ele>271.0</ele>
      </trkpt>
      <trkpt lat="24.9780311" lon="121.5917769">
        <ele>271.0</ele>
      </trkpt>
      <trkpt lat="24.9780003" lon="121.5917939">
        <ele>271.0</ele>
      </trkpt>
      <trkpt lat="24.9779575" lon="121.5918252">
        <ele>272.0</ele>
      </trkpt>
      <trkpt lat="24.9779057" lon="121.5918758">
        <ele>274.0</ele>
      </trkpt>
      <trkpt lat="24.9778841" lon="121.5918852">
        <ele>274.0</ele>
      </trkpt>
      <trkpt lat="24.9778544" lon="121.5919073">
        <ele>275.0</ele>
      </trkpt>
      <trkpt lat="24.9778408" lon="121.5919308">
        <ele>276.0</ele>
      </trkpt>
      <trkpt lat="24.9777705" lon="121.5919985">
        <ele>279.0</ele>
      </trkpt>
      <trkpt lat="24.9776355" lon="121.5920867">
        <ele>282.0</ele>
      </trkpt>
      <trkpt lat="24.9775804" lon="121.5921659">
        <ele>286.0</ele>
      </trkpt>
      <trkpt lat="24.977512" lon="121.592215">
        <ele>288.0</ele>
      </trkpt>
      <trkpt lat="24.9774459" lon="121.5922442">
        <ele>290.0</ele>
      </trkpt>
      <trkpt lat="24.9773406" lon="121.5922678">
        <ele>291.0</ele>
      </trkpt>
      <trkpt lat="24.9773222" lon="121.5922685">
        <ele>291.0</ele>
      </trkpt>
      <trkpt lat="24.9772471" lon="121.5922825">
        <ele>291.0</ele>
      </trkpt>
      <trkpt lat="24.9771102" lon="121.5922659">
        <ele>290.0</ele>
      </trkpt>
      <trkpt lat="24.9770942" lon="121.5922737">
        <ele>290.0</ele>
      </trkpt>
      <trkpt lat="24.9770429" lon="121.5922644">
        <ele>289.0</ele>
      </trkpt>
      <trkpt lat="24.976968" lon="121.5922828">
        <ele>290.0</ele>
      </trkpt>
      <trkpt lat="24.9769377" lon="121.5922953">
        <ele>291.0</ele>
      </trkpt>
      <trkpt lat="24.9767964" lon="121.592274">
        <ele>289.0</ele>
      </trkpt>
      <trkpt lat="24.9767747" lon="121.5922666">
        <ele>288.0</ele>
      </trkpt>
      <trkpt lat="24.9767418" lon="121.5922643">
        <ele>288.0</ele>
      </trkpt>
      <trkpt lat="24.9767169" lon="121.5922919">
        <ele>290.0</ele>
      </trkpt>
      <trkpt lat="24.9767156" lon="121.5922893">
        <ele>290.0</ele>
      </trkpt>
      <trkpt lat="24.9766575" lon="121.5922996">
        <ele>290.0</ele>
      </trkpt>
      <trkpt lat="24.9765221" lon="121.5923004">
        <ele>286.0</ele>
      </trkpt>
      <trkpt lat="24.9764408" lon="121.5923129">
        <ele>285.0</ele>
      </trkpt>
      <trkpt lat="24.9764092" lon="121.5923033">
        <ele>283.0</ele>
      </trkpt>
      <trkpt lat="24.9763933" lon="121.5923023">
        <ele>283.0</ele>
      </trkpt>
      <trkpt lat="24.9763071" lon="121.5923141">
        <ele>281.0</ele>
      </trkpt>
      <trkpt lat="24.976297" lon="121.5923193">
        <ele>281.0</ele>
      </trkpt>
      <trkpt lat="24.9762201" lon="121.5923703">
        <ele>282.0</ele>
      </trkpt>
      <trkpt lat="24.9761691" lon="121.5924204">
        <ele>283.0</ele>
      </trkpt>
      <trkpt lat="24.9761336" lon="121.5924477">
        <ele>284.0</ele>
      </trkpt>
      <trkpt lat="24.9760963" lon="121.5924698">
        <ele>284.0</ele>
      </trkpt>
      <trkpt lat="24.9760602" lon="121.5924999">
        <ele>284.0</ele>
      </trkpt>
      <trkpt lat="24.9760413" lon="121.5925444">
        <ele>286.0</ele>
      </trkpt>
      <trkpt lat="24.9760001" lon="121.5926063">
        <ele>287.0</ele>
      </trkpt>
      <trkpt lat="24.9759706" lon="121.5926783">
        <ele>289.0</ele>
      </trkpt>
      <trkpt lat="24.9759704" lon="121.5926991">
        <ele>290.0</ele>
      </trkpt>
      <trkpt lat="24.9759632" lon="121.5927456">
        <ele>292.0</ele>
      </trkpt>
      <trkpt lat="24.9759508" lon="121.592757">
        <ele>292.0</ele>
      </trkpt>
      <trkpt lat="24.9759188" lon="121.5928064">
        <ele>293.0</ele>
      </trkpt>
      <trkpt lat="24.9758993" lon="121.5928295">
        <ele>293.0</ele>
      </trkpt>
      <trkpt lat="24.9758878" lon="121.5928656">
        <ele>295.0</ele>
      </trkpt>
      <trkpt lat="24.9758757" lon="121.5928913">
        <ele>295.0</ele>
      </trkpt>
      <trkpt lat="24.975841" lon="121.5929379">
        <ele>296.0</ele>
      </trkpt>
      <trkpt lat="24.9758163" lon="121.5930375">
        <ele>298.0</ele>
      </trkpt>
      <trkpt lat="24.9757611" lon="121.5931088">
        <ele>297.0</ele>
      </trkpt>
      <trkpt lat="24.9757363" lon="121.5931274">
        <ele>296.0</ele>
      </trkpt>
      <trkpt lat="24.975713" lon="121.5931386">
        <ele>295.0</ele>
      </trkpt>
      <trkpt lat="24.9756982" lon="121.5931626">
        <ele>295.0</ele>
      </trkpt>
      <trkpt lat="24.9756812" lon="121.5932332">
        <ele>297.0</ele>
      </trkpt>
      <trkpt lat="24.9756685" lon="121.5932584">
        <ele>297.0</ele>
      </trkpt>
      <trkpt lat="24.9756557" lon="121.5932996">
        <ele>297.0</ele>
      </trkpt>
      <trkpt lat="24.9756549" lon="121.5934086">
        <ele>301.0</ele>
      </trkpt>
      <trkpt lat="24.9756468" lon="121.5934185">
        <ele>300.0</ele>
      </trkpt>
      <trkpt lat="24.9756429" lon="121.5934331">
        <ele>300.0</ele>
      </trkpt>
      <trkpt lat="24.9756387" lon="121.5935203">
        <ele>302.0</ele>
      </trkpt>
      <trkpt lat="24.9756156" lon="121.5935554">
        <ele>302.0</ele>
      </trkpt>
      <trkpt lat="24.9756105" lon="121.5936078">
        <ele>303.0</ele>
      </trkpt>
      <trkpt lat="24.9756169" lon="121.5936393">
        <ele>304.0</ele>
      </trkpt>
      <trkpt lat="24.9756106" lon="121.593658">
        <ele>304.0</ele>
      </trkpt>
      <trkpt lat="24.9755898" lon="121.5936756">
        <ele>303.0</ele>
      </trkpt>
      <trkpt lat="24.9755813" lon="121.5936876">
        <ele>303.0</ele>
      </trkpt>
      <trkpt lat="24.9754847" lon="121.593852">
        <ele>300.0</ele>
      </trkpt>
      <trkpt lat="24.9754761" lon="121.5938938">
        <ele>300.0</ele>
      </trkpt>
      <trkpt lat="24.9754411" lon="121.5939638">
        <ele>300.0</ele>
      </trkpt>
      <trkpt lat="24.9754293" lon="121.5939774">
        <ele>299.0</ele>
      </trkpt>
      <trkpt lat="24.9754106" lon="121.594037">
        <ele>299.0</ele>
      </trkpt>
      <trkpt lat="24.9753974" lon="121.5940575">
        <ele>299.0</ele>
      </trkpt>
      <trkpt lat="24.9753971" lon="121.5940721">
        <ele>299.0</ele>
      </trkpt>
      <trkpt lat="24.9753334" lon="121.5942248">
        <ele>299.0</ele>
      </trkpt>
      <trkpt lat="24.9753046" lon="121.5943098">
        <ele>299.0</ele>
      </trkpt>
      <trkpt lat="24.9753104" lon="121.5944004">
        <ele>302.0</ele>
      </trkpt>
      <trkpt lat="24.9753196" lon="121.5944685">
        <ele>304.0</ele>
      </trkpt>
      <trkpt lat="24.9753109" lon="121.5945271">
        <ele>305.0</ele>
      </trkpt>
      <trkpt lat="24.9753212" lon="121.594619">
        <ele>308.0</ele>
      </trkpt>
      <trkpt lat="24.9753329" lon="121.5946538">
        <ele>310.0</ele>
      </trkpt>
      <trkpt lat="24.97534" lon="121.5947043">
        <ele>312.0</ele>
      </trkpt>
      <trkpt lat="24.9753201" lon="121.5947749">
        <ele>312.0</ele>
      </trkpt>
      <trkpt lat="24.9753203" lon="121.594814">
        <ele>313.0</ele>
      </trkpt>
      <trkpt lat="24.9753146" lon="121.5948306">
        <ele>313.0</ele>
      </trkpt>
      <trkpt lat="24.9752856" lon="121.5948635">
        <ele>312.0</ele>
      </trkpt>
      <trkpt lat="24.9752597" lon="121.5948772">
        <ele>310.0</ele>
      </trkpt>
      <trkpt lat="24.975247" lon="121.5949212">
        <ele>310.0</ele>
      </trkpt>
      <trkpt lat="24.9752326" lon="121.594931">
        <ele>310.0</ele>
      </trkpt>
      <trkpt lat="24.9751907" lon="121.5949781">
        <ele>308.0</ele>
      </trkpt>
      <trkpt lat="24.9751674" lon="121.595115">
        <ele>310.0</ele>
      </trkpt>
      <trkpt lat="24.9751698" lon="121.595128">
        <ele>310.0</ele>
      </trkpt>
      <trkpt lat="24.9751587" lon="121.595174">
        <ele>311.0</ele>
      </trkpt>
      <trkpt lat="24.97514" lon="121.5952054">
        <ele>311.0</ele>
      </trkpt>
      <trkpt lat="24.975135" lon="121.5952515">
        <ele>312.0</ele>
      </trkpt>
      <trkpt lat="24.9751235" lon="121.5952962">
        <ele>312.0</ele>
      </trkpt>
      <trkpt lat="24.9750596" lon="121.5953119">
        <ele>308.0</ele>
      </trkpt>
      <trkpt lat="24.9749877" lon="121.595353">
        <ele>304.0</ele>
      </trkpt>
      <trkpt lat="24.9749364" lon="121.5954158">
        <ele>303.0</ele>
      </trkpt>
      <trkpt lat="24.9748836" lon="121.5954406">
        <ele>300.0</ele>
      </trkpt>
      <trkpt lat="24.9748208" lon="121.5955491">
        <ele>300.0</ele>
      </trkpt>
      <trkpt lat="24.9748104" lon="121.5955605">
        <ele>300.0</ele>
      </trkpt>
      <trkpt lat="24.9747816" lon="121.5956274">
        <ele>301.0</ele>
      </trkpt>
      <trkpt lat="24.9747426" lon="121.5956166">
        <ele>298.0</ele>
      </trkpt>
      <trkpt lat="24.9747404" lon="121.5956272">
        <ele>299.0</ele>
      </trkpt>
      <trkpt lat="24.9747142" lon="121.5956436">
        <ele>298.0</ele>
      </trkpt>
      <trkpt lat="24.9746831" lon="121.5956692">
        <ele>297.0</ele>
      </trkpt>
      <trkpt lat="24.9746498" lon="121.5957152">
        <ele>297.0</ele>
      </trkpt>
      <trkpt lat="24.9746384" lon="121.595723">
        <ele>296.0</ele>
      </trkpt>
      <trkpt lat="24.9746446" lon="121.5957557">
        <ele>298.0</ele>
      </trkpt>
      <trkpt lat="24.9745983" lon="121.5958056">
        <ele>297.0</ele>
      </trkpt>
      <trkpt lat="24.9745801" lon="121.5958164">
        <ele>297.0</ele>
      </trkpt>
      <trkpt lat="24.9745235" lon="121.5958759">
        <ele>295.0</ele>
      </trkpt>
      <trkpt lat="24.9745021" lon="121.5959041">
        <ele>294.0</ele>
      </trkpt>
      <trkpt lat="24.9744934" lon="121.5959277">
        <ele>294.0</ele>
      </trkpt>
      <trkpt lat="24.9744884" lon="121.5959561">
        <ele>294.0</ele>
      </trkpt>
      <trkpt lat="24.9744744" lon="121.5959779">
        <ele>294.0</ele>
      </trkpt>
      <trkpt lat="24.9744675" lon="121.5959823">
        <ele>293.0</ele>
      </trkpt>
      <trkpt lat="24.9744549" lon="121.5960265">
        <ele>293.0</ele>
      </trkpt>
      <trkpt lat="24.9744946" lon="121.5961359">
        <ele>297.0</ele>
      </trkpt>
      <trkpt lat="24.9744882" lon="121.5961538">
        <ele>296.0</ele>
      </trkpt>
      <trkpt lat="24.974497" lon="121.5961883">
        <ele>297.0</ele>
      </trkpt>
      <trkpt lat="24.9744864" lon="121.5962307">
        <ele>297.0</ele>
      </trkpt>
      <trkpt lat="24.9744907" lon="121.5962515">
        <ele>298.0</ele>
      </trkpt>
      <trkpt lat="24.9744899" lon="121.596277">
        <ele>298.0</ele>
      </trkpt>
      <trkpt lat="24.9744332" lon="121.59634">
        <ele>296.0</ele>
      </trkpt>
      <trkpt lat="24.9744073" lon="121.5964087">
        <ele>295.0</ele>
      </trkpt>
      <trkpt lat="24.9743902" lon="121.5964288">
        <ele>294.0</ele>
      </trkpt>
      <trkpt lat="24.9743819" lon="121.5964582">
        <ele>294.0</ele>
      </trkpt>
      <trkpt lat="24.97439" lon="121.5964769">
        <ele>295.0</ele>
      </trkpt>
      <trkpt lat="24.9743914" lon="121.5965043">
        <ele>295.0</ele>
      </trkpt>
      <trkpt lat="24.9744002" lon="121.5965385">
        <ele>296.0</ele>
      </trkpt>
      <trkpt lat="24.9744339" lon="121.5965703">
        <ele>298.0</ele>
      </trkpt>
      <trkpt lat="24.9744604" lon="121.5965851">
        <ele>300.0</ele>
      </trkpt>
      <trkpt lat="24.9744739" lon="121.5966094">
        <ele>301.0</ele>
      </trkpt>
      <trkpt lat="24.9744849" lon="121.596654">
        <ele>302.0</ele>
      </trkpt>
      <trkpt lat="24.9745075" lon="121.5967225">
        <ele>304.0</ele>
      </trkpt>
      <trkpt lat="24.9745278" lon="121.5967385">
        <ele>305.0</ele>
      </trkpt>
      <trkpt lat="24.9745623" lon="121.5967936">
        <ele>308.0</ele>
      </trkpt>
      <trkpt lat="24.9745827" lon="121.59684">
        <ele>309.0</ele>
      </trkpt>
      <trkpt lat="24.9745966" lon="121.5969073">
        <ele>310.0</ele>
      </trkpt>
      <trkpt lat="24.9745973" lon="121.5969488">
        <ele>310.0</ele>
      </trkpt>
      <trkpt lat="24.9746107" lon="121.5970072">
        <ele>311.0</ele>
      </trkpt>
      <trkpt lat="24.9746281" lon="121.5970374">
        <ele>312.0</ele>
      </trkpt>
      <trkpt lat="24.9746275" lon="121.5970462">
        <ele>312.0</ele>
      </trkpt>
      <trkpt lat="24.974635" lon="121.5970676">
        <ele>313.0</ele>
      </trkpt>
      <trkpt lat="24.974614" lon="121.5971131">
        <ele>312.0</ele>
      </trkpt>
      <trkpt lat="24.9746139" lon="121.5971249">
        <ele>312.0</ele>
      </trkpt>
      <trkpt lat="24.9746268" lon="121.597141">
        <ele>312.0</ele>
      </trkpt>
      <trkpt lat="24.9746241" lon="121.5971229">
        <ele>312.0</ele>
      </trkpt>
      <trkpt lat="24.9746002" lon="121.5971557">
        <ele>311.0</ele>
      </trkpt>
      <trkpt lat="24.9745881" lon="121.5971792">
        <ele>310.0</ele>
      </trkpt>
      <trkpt lat="24.9745741" lon="121.5971894">
        <ele>310.0</ele>
      </trkpt>
      <trkpt lat="24.9745611" lon="121.5971865">
        <ele>309.0</ele>
      </trkpt>
      <trkpt lat="24.9745389" lon="121.5971948">
        <ele>308.0</ele>
      </trkpt>
      <trkpt lat="24.9745398" lon="121.5972235">
        <ele>308.0</ele>
      </trkpt>
      <trkpt lat="24.9745297" lon="121.5972433">
        <ele>307.0</ele>
      </trkpt>
      <trkpt lat="24.9744967" lon="121.5973947">
        <ele>306.0</ele>
      </trkpt>
      <trkpt lat="24.9744754" lon="121.5974374">
        <ele>305.0</ele>
      </trkpt>
      <trkpt lat="24.9744743" lon="121.5975068">
        <ele>306.0</ele>
      </trkpt>
      <trkpt lat="24.9744659" lon="121.597525">
        <ele>306.0</ele>
      </trkpt>
      <trkpt lat="24.9743802" lon="121.5975865">
        <ele>303.0</ele>
      </trkpt>
      <trkpt lat="24.9743685" lon="121.5976183">
        <ele>303.0</ele>
      </trkpt>
      <trkpt lat="24.9743303" lon="121.5976568">
        <ele>302.0</ele>
      </trkpt>
      <trkpt lat="24.9742957" lon="121.5977488">
        <ele>302.0</ele>
      </trkpt>
      <trkpt lat="24.9742869" lon="121.5977936">
        <ele>303.0</ele>
      </trkpt>
      <trkpt lat="24.9742663" lon="121.5978029">
        <ele>302.0</ele>
      </trkpt>
      <trkpt lat="24.9742521" lon="121.5978509">
        <ele>303.0</ele>
      </trkpt>
      <trkpt lat="24.9742123" lon="121.5979366">
        <ele>303.0</ele>
      </trkpt>
      <trkpt lat="24.9741835" lon="121.5979576">
        <ele>302.0</ele>
      </trkpt>
      <trkpt lat="24.9741441" lon="121.5979926">
        <ele>301.0</ele>
      </trkpt>
      <trkpt lat="24.9741296" lon="121.5980106">
        <ele>301.0</ele>
      </trkpt>
      <trkpt lat="24.9740956" lon="121.5980294">
        <ele>300.0</ele>
      </trkpt>
      <trkpt lat="24.974048" lon="121.5980684">
        <ele>300.0</ele>
      </trkpt>
      <trkpt lat="24.9740444" lon="121.5981084">
        <ele>300.0</ele>
      </trkpt>
      <trkpt lat="24.9740398" lon="121.5981201">
        <ele>300.0</ele>
      </trkpt>
      <trkpt lat="24.974024" lon="121.5981428">
        <ele>300.0</ele>
      </trkpt>
      <trkpt lat="24.974003" lon="121.5982277">
        <ele>301.0</ele>
      </trkpt>
      <trkpt lat="24.9740043" lon="121.5983352">
        <ele>304.0</ele>
      </trkpt>
      <trkpt lat="24.9740097" lon="121.5983603">
        <ele>305.0</ele>
      </trkpt>
      <trkpt lat="24.9740077" lon="121.5983821">
        <ele>305.0</ele>
      </trkpt>
      <trkpt lat="24.9740203" lon="121.5984261">
        <ele>307.0</ele>
      </trkpt>
      <trkpt lat="24.9740395" lon="121.5984644">
        <ele>309.0</ele>
      </trkpt>
      <trkpt lat="24.9740444" lon="121.598499">
        <ele>310.0</ele>
      </trkpt>
      <trkpt lat="24.9740758" lon="121.5985702">
        <ele>313.0</ele>
      </trkpt>
      <trkpt lat="24.974048" lon="121.5986551">
        <ele>314.0</ele>
      </trkpt>
      <trkpt lat="24.9740479" lon="121.5986779">
        <ele>315.0</ele>
      </trkpt>
      <trkpt lat="24.9740528" lon="121.5987116">
        <ele>316.0</ele>
      </trkpt>
      <trkpt lat="24.9740386" lon="121.5987427">
        <ele>316.0</ele>
      </trkpt>
      <trkpt lat="24.9740201" lon="121.5988236">
        <ele>318.0</ele>
      </trkpt>
      <trkpt lat="24.974025" lon="121.5989312">
        <ele>321.0</ele>
      </trkpt>
      <trkpt lat="24.974019" lon="121.5989425">
        <ele>321.0</ele>
      </trkpt>
      <trkpt lat="24.9739591" lon="121.5989969">
        <ele>320.0</ele>
      </trkpt>
      <trkpt lat="24.9738964" lon="121.5990179">
        <ele>318.0</ele>
      </trkpt>
      <trkpt lat="24.9738699" lon="121.5990384">
        <ele>317.0</ele>
      </trkpt>
      <trkpt lat="24.9738542" lon="121.599061">
        <ele>317.0</ele>
      </trkpt>
      <trkpt lat="24.9738269" lon="121.5990871">
        <ele>316.0</ele>
      </trkpt>
      <trkpt lat="24.9737904" lon="121.5991118">
        <ele>315.0</ele>
      </trkpt>
      <trkpt lat="24.973748" lon="121.5991322">
        <ele>314.0</ele>
      </trkpt>
      <trkpt lat="24.9737241" lon="121.5991337">
        <ele>313.0</ele>
      </trkpt>
      <trkpt lat="24.9736746" lon="121.5991465">
        <ele>311.0</ele>
      </trkpt>
      <trkpt lat="24.9736624" lon="121.5991808">
        <ele>311.0</ele>
      </trkpt>
      <trkpt lat="24.9736537" lon="121.599196">
        <ele>311.0</ele>
      </trkpt>
      <trkpt lat="24.9736342" lon="121.5992107">
        <ele>310.0</ele>
      </trkpt>
      <trkpt lat="24.9736233" lon="121.5992459">
        <ele>310.0</ele>
      </trkpt>
      <trkpt lat="24.9736464" lon="121.5993175">
        <ele>312.0</ele>
      </trkpt>
      <trkpt lat="24.9736761" lon="121.5993553">
        <ele>314.0</ele>
      </trkpt>
      <trkpt lat="24.9736639" lon="121.5993891">
        <ele>314.0</ele>
      </trkpt>
      <trkpt lat="24.9736233" lon="121.5994617">
        <ele>313.0</ele>
      </trkpt>
      <trkpt lat="24.9736029" lon="121.5994744">
        <ele>312.0</ele>
      </trkpt>
      <trkpt lat="24.9735825" lon="121.5994937">
        <ele>311.0</ele>
      </trkpt>
      <trkpt lat="24.9735649" lon="121.5995213">
        <ele>311.0</ele>
      </trkpt>
      <trkpt lat="24.9735467" lon="121.5995985">
        <ele>311.0</ele>
      </trkpt>
      <trkpt lat="24.9735492" lon="121.5996393">
        <ele>312.0</ele>
      </trkpt>
      <trkpt lat="24.9736285" lon="121.5997602">
        <ele>317.0</ele>
      </trkpt>
      <trkpt lat="24.9736446" lon="121.5998023">
        <ele>319.0</ele>
      </trkpt>
      <trkpt lat="24.9736699" lon="121.5998341">
        <ele>320.0</ele>
      </trkpt>
      <trkpt lat="24.9736655" lon="121.5998706">
        <ele>321.0</ele>
      </trkpt>
      <trkpt lat="24.9736612" lon="121.5998804">
        <ele>320.0</ele>
      </trkpt>
      <trkpt lat="24.9736932" lon="121.5999713">
        <ele>323.0</ele>
      </trkpt>
      <trkpt lat="24.9736769" lon="121.6000196">
        <ele>323.0</ele>
      </trkpt>
      <trkpt lat="24.9736804" lon="121.6000976">
        <ele>325.0</ele>
      </trkpt>
      <trkpt lat="24.9736655" lon="121.6001565">
        <ele>325.0</ele>
      </trkpt>
      <trkpt lat="24.9737108" lon="121.6002018">
        <ele>328.0</ele>
      </trkpt>
      <trkpt lat="24.9737243" lon="121.6002355">
        <ele>330.0</ele>
      </trkpt>
      <trkpt lat="24.9737098" lon="121.6002715">
        <ele>330.0</ele>
      </trkpt>
      <trkpt lat="24.9737077" lon="121.6002953">
        <ele>330.0</ele>
      </trkpt>
      <trkpt lat="24.9737098" lon="121.6003578">
        <ele>331.0</ele>
      </trkpt>
      <trkpt lat="24.9737198" lon="121.6004033">
        <ele>333.0</ele>
      </trkpt>
      <trkpt lat="24.9737228" lon="121.6004984">
        <ele>334.0</ele>
      </trkpt>
      <trkpt lat="24.9736815" lon="121.6005976">
        <ele>334.0</ele>
      </trkpt>
      <trkpt lat="24.9736772" lon="121.6006338">
        <ele>334.0</ele>
      </trkpt>
      <trkpt lat="24.9735926" lon="121.6007659">
        <ele>332.0</ele>
      </trkpt>
      <trkpt lat="24.9735847" lon="121.6008115">
        <ele>332.0</ele>
      </trkpt>
      <trkpt lat="24.9735691" lon="121.6008421">
        <ele>332.0</ele>
      </trkpt>
      <trkpt lat="24.9735193" lon="121.6009022">
        <ele>332.0</ele>
      </trkpt>
      <trkpt lat="24.9734797" lon="121.6009271">
        <ele>331.0</ele>
      </trkpt>
      <trkpt lat="24.9734576" lon="121.6009328">
        <ele>330.0</ele>
      </trkpt>
      <trkpt lat="24.973406" lon="121.6009543">
        <ele>328.0</ele>
      </trkpt>
      <trkpt lat="24.973326" lon="121.6010114">
        <ele>325.0</ele>
      </trkpt>
      <trkpt lat="24.9732808" lon="121.6010637">
        <ele>325.0</ele>
      </trkpt>
      <trkpt lat="24.9731939" lon="121.6010962">
        <ele>322.0</ele>
      </trkpt>
      <trkpt lat="24.9731841" lon="121.6010946">
        <ele>321.0</ele>
      </trkpt>
      <trkpt lat="24.9731679" lon="121.601146">
        <ele>322.0</ele>
      </trkpt>
      <trkpt lat="24.9731692" lon="121.6011608">
        <ele>323.0</ele>
      </trkpt>
      <trkpt lat="24.9731625" lon="121.6012156">
        <ele>325.0</ele>
      </trkpt>
      <trkpt lat="24.9730255" lon="121.6013237">
        <ele>322.0</ele>
      </trkpt>
      <trkpt lat="24.9729838" lon="121.6013482">
        <ele>320.0</ele>
      </trkpt>
      <trkpt lat="24.9729448" lon="121.6013657">
        <ele>319.0</ele>
      </trkpt>
      <trkpt lat="24.9729139" lon="121.6013896">
        <ele>318.0</ele>
      </trkpt>
      <trkpt lat="24.9728853" lon="121.6013951">
        <ele>317.0</ele>
      </trkpt>
      <trkpt lat="24.9728368" lon="121.6014207">
        <ele>315.0</ele>
      </trkpt>
      <trkpt lat="24.9728064" lon="121.6015039">
        <ele>317.0</ele>
      </trkpt>
      <trkpt lat="24.9727562" lon="121.6015462">
        <ele>315.0</ele>
      </trkpt>
      <trkpt lat="24.9727581" lon="121.6016211">
        <ele>318.0</ele>
      </trkpt>
      <trkpt lat="24.9727533" lon="121.6017">
        <ele>320.0</ele>
      </trkpt>
      <trkpt lat="24.972753" lon="121.6018015">
        <ele>323.0</ele>
      </trkpt>
      <trkpt lat="24.9727565" lon="121.6020192">
        <ele>328.0</ele>
      </trkpt>
      <trkpt lat="24.972736" lon="121.6021031">
        <ele>329.0</ele>
      </trkpt>
      <trkpt lat="24.9727369" lon="121.602128">
        <ele>330.0</ele>
      </trkpt>
      <trkpt lat="24.9727475" lon="121.6021818">
        <ele>332.0</ele>
      </trkpt>
      <trkpt lat="24.9727478" lon="121.6022009">
        <ele>332.0</ele>
      </trkpt>
      <trkpt lat="24.972765" lon="121.6022454">
        <ele>334.0</ele>
      </trkpt>
      <trkpt lat="24.9727916" lon="121.6022806">
        <ele>337.0</ele>
      </trkpt>
      <trkpt lat="24.9728141" lon="121.6023405">
        <ele>339.0</ele>
      </trkpt>
      <trkpt lat="24.9728142" lon="121.6024328">
        <ele>342.0</ele>
      </trkpt>
      <trkpt lat="24.9728111" lon="121.6024588">
        <ele>342.0</ele>
      </trkpt>
      <trkpt lat="24.9728186" lon="121.602502">
        <ele>344.0</ele>
      </trkpt>
      <trkpt lat="24.9728119" lon="121.6024951">
        <ele>343.0</ele>
      </trkpt>
      <trkpt lat="24.9727662" lon="121.6024857">
        <ele>340.0</ele>
      </trkpt>
      <trkpt lat="24.9727119" lon="121.602486">
        <ele>337.0</ele>
      </trkpt>
      <trkpt lat="24.9726982" lon="121.6024938">
        <ele>337.0</ele>
      </trkpt>
      <trkpt lat="24.9726714" lon="121.6025388">
        <ele>337.0</ele>
      </trkpt>
      <trkpt lat="24.9726635" lon="121.6025198">
        <ele>336.0</ele>
      </trkpt>
      <trkpt lat="24.9726558" lon="121.6025179">
        <ele>335.0</ele>
      </trkpt>
      <trkpt lat="24.9726324" lon="121.6025306">
        <ele>335.0</ele>
      </trkpt>
      <trkpt lat="24.972551" lon="121.6025495">
        <ele>331.0</ele>
      </trkpt>
      <trkpt lat="24.9725253" lon="121.6025585">
        <ele>330.0</ele>
      </trkpt>
      <trkpt lat="24.9724916" lon="121.6025937">
        <ele>330.0</ele>
      </trkpt>
      <trkpt lat="24.9724324" lon="121.6026164">
        <ele>329.0</ele>
      </trkpt>
      <trkpt lat="24.9723744" lon="121.6026548">
        <ele>328.0</ele>
      </trkpt>
      <trkpt lat="24.9723656" lon="121.602666">
        <ele>328.0</ele>
      </trkpt>
      <trkpt lat="24.9723557" lon="121.602667">
        <ele>328.0</ele>
      </trkpt>
      <trkpt lat="24.9723516" lon="121.6026758">
        <ele>328.0</ele>
      </trkpt>
      <trkpt lat="24.9723526" lon="121.6026968">
        <ele>329.0</ele>
      </trkpt>
      <trkpt lat="24.9723264" lon="121.6027586">
        <ele>331.0</ele>
      </trkpt>
      <trkpt lat="24.9722986" lon="121.6027914">
        <ele>331.0</ele>
      </trkpt>
      <trkpt lat="24.9722914" lon="121.6027976">
        <ele>331.0</ele>
      </trkpt>
      <trkpt lat="24.9722522" lon="121.602816">
        <ele>330.0</ele>
      </trkpt>
      <trkpt lat="24.9721812" lon="121.6028443">
        <ele>328.0</ele>
      </trkpt>
      <trkpt lat="24.9721542" lon="121.6028745">
        <ele>328.0</ele>
      </trkpt>
      <trkpt lat="24.9721467" lon="121.6028739">
        <ele>327.0</ele>
      </trkpt>
      <trkpt lat="24.9720616" lon="121.6029176">
        <ele>325.0</ele>
      </trkpt>
      <trkpt lat="24.9720473" lon="121.602939">
        <ele>325.0</ele>
      </trkpt>
      <trkpt lat="24.972031" lon="121.6029863">
        <ele>326.0</ele>
      </trkpt>
      <trkpt lat="24.9720131" lon="121.6030125">
        <ele>326.0</ele>
      </trkpt>
      <trkpt lat="24.971991" lon="121.6030255">
        <ele>325.0</ele>
      </trkpt>
      <trkpt lat="24.9719724" lon="121.603032">
        <ele>324.0</ele>
      </trkpt>
      <trkpt lat="24.9719418" lon="121.603062">
        <ele>324.0</ele>
      </trkpt>
      <trkpt lat="24.9718734" lon="121.6031883">
        <ele>325.0</ele>
      </trkpt>
      <trkpt lat="24.9718499" lon="121.6032506">
        <ele>326.0</ele>
      </trkpt>
      <trkpt lat="24.9718569" lon="121.6032975">
        <ele>328.0</ele>
      </trkpt>
      <trkpt lat="24.9718542" lon="121.6033174">
        <ele>328.0</ele>
      </trkpt>
      <trkpt lat="24.971843" lon="121.6033258">
        <ele>328.0</ele>
      </trkpt>
      <trkpt lat="24.9718635" lon="121.6033715">
        <ele>331.0</ele>
      </trkpt>
      <trkpt lat="24.971813" lon="121.6034412">
        <ele>330.0</ele>
      </trkpt>
      <trkpt lat="24.9717735" lon="121.6035292">
        <ele>331.0</ele>
      </trkpt>
      <trkpt lat="24.9717203" lon="121.6035812">
        <ele>329.0</ele>
      </trkpt>
      <trkpt lat="24.9717056" lon="121.6036272">
        <ele>330.0</ele>
      </trkpt>
      <trkpt lat="24.9717062" lon="121.6036462">
        <ele>331.0</ele>
      </trkpt>
      <trkpt lat="24.9717278" lon="121.6037176">
        <ele>335.0</ele>
      </trkpt>
      <trkpt lat="24.9717408" lon="121.6037485">
        <ele>337.0</ele>
      </trkpt>
      <trkpt lat="24.9717379" lon="121.6037874">
        <ele>338.0</ele>
      </trkpt>
      <trkpt lat="24.9716588" lon="121.6038352">
        <ele>334.0</ele>
      </trkpt>
      <trkpt lat="24.9716306" lon="121.603845">
        <ele>334.0</ele>
      </trkpt>
      <trkpt lat="24.9715953" lon="121.6038726">
        <ele>334.0</ele>
      </trkpt>
      <trkpt lat="24.9715284" lon="121.6039827">
        <ele>335.0</ele>
      </trkpt>
      <trkpt lat="24.971514" lon="121.6039856">
        <ele>334.0</ele>
      </trkpt>
      <trkpt lat="24.9714921" lon="121.6039818">
        <ele>333.0</ele>
      </trkpt>
      <trkpt lat="24.9714871" lon="121.6039894">
        <ele>333.0</ele>
      </trkpt>
      <trkpt lat="24.9714214" lon="121.6040062">
        <ele>331.0</ele>
      </trkpt>
      <trkpt lat="24.9713848" lon="121.6040569">
        <ele>331.0</ele>
      </trkpt>
      <trkpt lat="24.9713492" lon="121.6041537">
        <ele>333.0</ele>
      </trkpt>
      <trkpt lat="24.9713456" lon="121.6041745">
        <ele>333.0</ele>
      </trkpt>
      <trkpt lat="24.9713584" lon="121.6042136">
        <ele>335.0</ele>
      </trkpt>
      <trkpt lat="24.9713553" lon="121.6042575">
        <ele>336.0</ele>
      </trkpt>
      <trkpt lat="24.9713565" lon="121.6042989">
        <ele>337.0</ele>
      </trkpt>
      <trkpt lat="24.9713765" lon="121.6043373">
        <ele>339.0</ele>
      </trkpt>
      <trkpt lat="24.9713532" lon="121.6043186">
        <ele>338.0</ele>
      </trkpt>
      <trkpt lat="24.9713459" lon="121.6043364">
        <ele>338.0</ele>
      </trkpt>
      <trkpt lat="24.9713723" lon="121.6043582">
        <ele>340.0</ele>
      </trkpt>
      <trkpt lat="24.9713659" lon="121.6043545">
        <ele>339.0</ele>
      </trkpt>
      <trkpt lat="24.9713364" lon="121.604375">
        <ele>339.0</ele>
      </trkpt>
      <trkpt lat="24.9713439" lon="121.6044101">
        <ele>340.0</ele>
      </trkpt>
      <trkpt lat="24.971343" lon="121.6044338">
        <ele>341.0</ele>
      </trkpt>
      <trkpt lat="24.9713291" lon="121.6044981">
        <ele>342.0</ele>
      </trkpt>
      <trkpt lat="24.9713194" lon="121.6045101">
        <ele>342.0</ele>
      </trkpt>
      <trkpt lat="24.9713194" lon="121.6045806">
        <ele>344.0</ele>
      </trkpt>
      <trkpt lat="24.97127" lon="121.6046349">
        <ele>343.0</ele>
      </trkpt>
      <trkpt lat="24.9712444" lon="121.6046966">
        <ele>343.0</ele>
      </trkpt>
      <trkpt lat="24.9712282" lon="121.6047266">
        <ele>343.0</ele>
      </trkpt>
      <trkpt lat="24.9711593" lon="121.6047939">
        <ele>342.0</ele>
      </trkpt>
      <trkpt lat="24.9711466" lon="121.6048195">
        <ele>342.0</ele>
      </trkpt>
      <trkpt lat="24.9711259" lon="121.6049062">
        <ele>343.0</ele>
      </trkpt>
      <trkpt lat="24.9711251" lon="121.6049538">
        <ele>344.0</ele>
      </trkpt>
      <trkpt lat="24.9710967" lon="121.6050204">
        <ele>344.0</ele>
      </trkpt>
      <trkpt lat="24.9710975" lon="121.6050484">
        <ele>345.0</ele>
      </trkpt>
      <trkpt lat="24.9711033" lon="121.6050814">
        <ele>346.0</ele>
      </trkpt>
      <trkpt lat="24.9710798" lon="121.6051312">
        <ele>346.0</ele>
      </trkpt>
      <trkpt lat="24.9710695" lon="121.6051696">
        <ele>346.0</ele>
      </trkpt>
      <trkpt lat="24.9710251" lon="121.6052353">
        <ele>345.0</ele>
      </trkpt>
      <trkpt lat="24.9709797" lon="121.6052906">
        <ele>343.0</ele>
      </trkpt>
      <trkpt lat="24.9709628" lon="121.6053545">
        <ele>344.0</ele>
      </trkpt>
      <trkpt lat="24.970904" lon="121.6054515">
        <ele>342.0</ele>
      </trkpt>
      <trkpt lat="24.9708751" lon="121.6054829">
        <ele>341.0</ele>
      </trkpt>
      <trkpt lat="24.9708583" lon="121.6054919">
        <ele>340.0</ele>
      </trkpt>
      <trkpt lat="24.9708333" lon="121.6055281">
        <ele>339.0</ele>
      </trkpt>
      <trkpt lat="24.9708088" lon="121.6055543">
        <ele>339.0</ele>
      </trkpt>
      <trkpt lat="24.9708008" lon="121.6055877">
        <ele>340.0</ele>
      </trkpt>
      <trkpt lat="24.970774" lon="121.6056304">
        <ele>340.0</ele>
      </trkpt>
      <trkpt lat="24.9707556" lon="121.6056481">
        <ele>340.0</ele>
      </trkpt>
      <trkpt lat="24.9707499" lon="121.6057126">
        <ele>341.0</ele>
      </trkpt>
      <trkpt lat="24.9707488" lon="121.605796">
        <ele>342.0</ele>
      </trkpt>
      <trkpt lat="24.9707572" lon="121.6058024">
        <ele>343.0</ele>
      </trkpt>
      <trkpt lat="24.9707566" lon="121.6058209">
        <ele>343.0</ele>
      </trkpt>
      <trkpt lat="24.9707248" lon="121.6058498">
        <ele>343.0</ele>
      </trkpt>
      <trkpt lat="24.9706365" lon="121.6060256">
        <ele>344.0</ele>
      </trkpt>
      <trkpt lat="24.9706178" lon="121.6060486">
        <ele>344.0</ele>
      </trkpt>
      <trkpt lat="24.9705446" lon="121.6061189">
        <ele>344.0</ele>
      </trkpt>
      <trkpt lat="24.9704954" lon="121.6061814">
        <ele>344.0</ele>
      </trkpt>
      <trkpt lat="24.9704619" lon="121.6062692">
        <ele>345.0</ele>
      </trkpt>
      <trkpt lat="24.9704629" lon="121.6062905">
        <ele>346.0</ele>
      </trkpt>
      <trkpt lat="24.9704394" lon="121.6064225">
        <ele>348.0</ele>
      </trkpt>
      <trkpt lat="24.9703992" lon="121.6064696">
        <ele>349.0</ele>
      </trkpt>
      <trkpt lat="24.9703909" lon="121.606519">
        <ele>349.0</ele>
      </trkpt>
      <trkpt lat="24.9704028" lon="121.6065421">
        <ele>350.0</ele>
      </trkpt>
      <trkpt lat="24.970396" lon="121.6066448">
        <ele>352.0</ele>
      </trkpt>
      <trkpt lat="24.9704009" lon="121.6066785">
        <ele>353.0</ele>
      </trkpt>
      <trkpt lat="24.9703951" lon="121.606818">
        <ele>353.0</ele>
      </trkpt>
      <trkpt lat="24.9704003" lon="121.6068648">
        <ele>353.0</ele>
      </trkpt>
      <trkpt lat="24.9704144" lon="121.6068971">
        <ele>353.0</ele>
      </trkpt>
      <trkpt lat="24.9704096" lon="121.6069901">
        <ele>353.0</ele>
      </trkpt>
      <trkpt lat="24.9704027" lon="121.6070095">
        <ele>353.0</ele>
      </trkpt>
      <trkpt lat="24.9704075" lon="121.6070237">
        <ele>353.0</ele>
      </trkpt>
      <trkpt lat="24.9704141" lon="121.6071114">
        <ele>353.0</ele>
      </trkpt>
      <trkpt lat="24.9703816" lon="121.6071657">
        <ele>353.0</ele>
      </trkpt>
      <trkpt lat="24.9703652" lon="121.6072074">
        <ele>352.0</ele>
      </trkpt>
      <trkpt lat="24.9703652" lon="121.6072217">
        <ele>352.0</ele>
      </trkpt>
      <trkpt lat="24.9703324" lon="121.6073209">
        <ele>351.0</ele>
      </trkpt>
      <trkpt lat="24.9703316" lon="121.6073477">
        <ele>351.0</ele>
      </trkpt>
      <trkpt lat="24.9703405" lon="121.6073976">
        <ele>351.0</ele>
      </trkpt>
      <trkpt lat="24.9703345" lon="121.6074679">
        <ele>351.0</ele>
      </trkpt>
      <trkpt lat="24.9703059" lon="121.607594">
        <ele>351.0</ele>
      </trkpt>
      <trkpt lat="24.970329" lon="121.6077339">
        <ele>351.0</ele>
      </trkpt>
      <trkpt lat="24.9703249" lon="121.6077454">
        <ele>351.0</ele>
      </trkpt>
      <trkpt lat="24.9703464" lon="121.607889">
        <ele>352.0</ele>
      </trkpt>
      <trkpt lat="24.9703261" lon="121.6079525">
        <ele>352.0</ele>
      </trkpt>
      <trkpt lat="24.9702945" lon="121.6080832">
        <ele>351.0</ele>
      </trkpt>
      <trkpt lat="24.9702804" lon="121.6081036">
        <ele>351.0</ele>
      </trkpt>
      <trkpt lat="24.9702379" lon="121.6082061">
        <ele>350.0</ele>
      </trkpt>
      <trkpt lat="24.9702087" lon="121.6082672">
        <ele>349.0</ele>
      </trkpt>
      <trkpt lat="24.9701654" lon="121.608319">
        <ele>349.0</ele>
      </trkpt>
      <trkpt lat="24.9701621" lon="121.6083289">
        <ele>348.0</ele>
      </trkpt>
      <trkpt lat="24.9701666" lon="121.6083584">
        <ele>349.0</ele>
      </trkpt>
      <trkpt lat="24.9701666" lon="121.6084242">
        <ele>350.0</ele>
      </trkpt>
      <trkpt lat="24.9701489" lon="121.6084673">
        <ele>350.0</ele>
      </trkpt>
      <trkpt lat="24.9701037" lon="121.6085249">
        <ele>350.0</ele>
      </trkpt>
      <trkpt lat="24.9700917" lon="121.6085487">
        <ele>350.0</ele>
      </trkpt>
      <trkpt lat="24.970094" lon="121.6085907">
        <ele>350.0</ele>
      </trkpt>
      <trkpt lat="24.9700747" lon="121.6086824">
        <ele>351.0</ele>
      </trkpt>
      <trkpt lat="24.9700756" lon="121.6087557">
        <ele>352.0</ele>
      </trkpt>
      <trkpt lat="24.9700967" lon="121.6087944">
        <ele>353.0</ele>
      </trkpt>
      <trkpt lat="24.9701143" lon="121.608836">
        <ele>354.0</ele>
      </trkpt>
      <trkpt lat="24.970159" lon="121.6089012">
        <ele>355.0</ele>
      </trkpt>
      <trkpt lat="24.9701694" lon="121.608976">
        <ele>356.0</ele>
      </trkpt>
      <trkpt lat="24.9701942" lon="121.6090135">
        <ele>357.0</ele>
      </trkpt>
      <trkpt lat="24.9702162" lon="121.609061">
        <ele>357.0</ele>
      </trkpt>
      <trkpt lat="24.9702145" lon="121.6090866">
        <ele>357.0</ele>
      </trkpt>
      <trkpt lat="24.9702216" lon="121.609142">
        <ele>358.0</ele>
      </trkpt>
      <trkpt lat="24.9702106" lon="121.6091507">
        <ele>358.0</ele>
      </trkpt>
      <trkpt lat="24.9702088" lon="121.6092043">
        <ele>359.0</ele>
      </trkpt>
      <trkpt lat="24.9702002" lon="121.6092436">
        <ele>359.0</ele>
      </trkpt>
      <trkpt lat="24.9701979" lon="121.6092862">
        <ele>360.0</ele>
      </trkpt>
      <trkpt lat="24.9701915" lon="121.609321">
        <ele>361.0</ele>
      </trkpt>
      <trkpt lat="24.9701988" lon="121.6093454">
        <ele>361.0</ele>
      </trkpt>
      <trkpt lat="24.9701915" lon="121.6093695">
        <ele>361.0</ele>
      </trkpt>
      <trkpt lat="24.9701973" lon="121.6094004">
        <ele>362.0</ele>
      </trkpt>
      <trkpt lat="24.970196" lon="121.6094566">
        <ele>363.0</ele>
      </trkpt>
      <trkpt lat="24.9701873" lon="121.6094758">
        <ele>363.0</ele>
      </trkpt>
      <trkpt lat="24.9701871" lon="121.6094851">
        <ele>363.0</ele>
      </trkpt>
      <trkpt lat="24.9702012" lon="121.6096092">
        <ele>365.0</ele>
      </trkpt>
      <trkpt lat="24.9702131" lon="121.6096376">
        <ele>366.0</ele>
      </trkpt>
      <trkpt lat="24.9702055" lon="121.6096662">
        <ele>366.0</ele>
      </trkpt>
      <trkpt lat="24.9702114" lon="121.6096785">
        <ele>367.0</ele>
      </trkpt>
      <trkpt lat="24.9702257" lon="121.6096907">
        <ele>367.0</ele>
      </trkpt>
      <trkpt lat="24.9702522" lon="121.6096964">
        <ele>367.0</ele>
      </trkpt>
      <trkpt lat="24.9702629" lon="121.6097041">
        <ele>367.0</ele>
      </trkpt>
      <trkpt lat="24.9702875" lon="121.6097549">
        <ele>368.0</ele>
      </trkpt>
      <trkpt lat="24.9703138" lon="121.6099808">
        <ele>371.0</ele>
      </trkpt>
      <trkpt lat="24.9703222" lon="121.6100102">
        <ele>371.0</ele>
      </trkpt>
      <trkpt lat="24.970316" lon="121.6100575">
        <ele>371.0</ele>
      </trkpt>
      <trkpt lat="24.9703052" lon="121.6100881">
        <ele>371.0</ele>
      </trkpt>
      <trkpt lat="24.9702847" lon="121.6101037">
        <ele>371.0</ele>
      </trkpt>
      <trkpt lat="24.9702697" lon="121.6101392">
        <ele>372.0</ele>
      </trkpt>
      <trkpt lat="24.97025" lon="121.6101533">
        <ele>372.0</ele>
      </trkpt>
      <trkpt lat="24.9702384" lon="121.6101826">
        <ele>372.0</ele>
      </trkpt>
      <trkpt lat="24.9702402" lon="121.6102146">
        <ele>372.0</ele>
      </trkpt>
      <trkpt lat="24.9702303" lon="121.6102287">
        <ele>372.0</ele>
      </trkpt>
      <trkpt lat="24.9702423" lon="121.6102794">
        <ele>372.0</ele>
      </trkpt>
      <trkpt lat="24.970263" lon="121.6102959">
        <ele>372.0</ele>
      </trkpt>
      <trkpt lat="24.9702701" lon="121.61032">
        <ele>372.0</ele>
      </trkpt>
      <trkpt lat="24.9701911" lon="121.6103522">
        <ele>372.0</ele>
      </trkpt>
      <trkpt lat="24.9701423" lon="121.6104162">
        <ele>373.0</ele>
      </trkpt>
      <trkpt lat="24.9701203" lon="121.6104694">
        <ele>373.0</ele>
      </trkpt>
      <trkpt lat="24.9701335" lon="121.6104812">
        <ele>373.0</ele>
      </trkpt>
      <trkpt lat="24.9701402" lon="121.6104931">
        <ele>373.0</ele>
      </trkpt>
      <trkpt lat="24.9701469" lon="121.6105215">
        <ele>373.0</ele>
      </trkpt>
      <trkpt lat="24.9701546" lon="121.6105394">
        <ele>373.0</ele>
      </trkpt>
      <trkpt lat="24.9701465" lon="121.6105652">
        <ele>373.0</ele>
      </trkpt>
      <trkpt lat="24.9701208" lon="121.6105946">
        <ele>374.0</ele>
      </trkpt>
      <trkpt lat="24.9700895" lon="121.6106193">
        <ele>374.0</ele>
      </trkpt>
      <trkpt lat="24.9700676" lon="121.6106659">
        <ele>375.0</ele>
      </trkpt>
      <trkpt lat="24.9700427" lon="121.6106703">
        <ele>375.0</ele>
      </trkpt>
      <trkpt lat="24.9699787" lon="121.6107189">
        <ele>376.0</ele>
      </trkpt>
      <trkpt lat="24.9699741" lon="121.6107318">
        <ele>377.0</ele>
      </trkpt>
      <trkpt lat="24.9699726" lon="121.6107598">
        <ele>377.0</ele>
      </trkpt>
      <trkpt lat="24.9699604" lon="121.6107686">
        <ele>377.0</ele>
      </trkpt>
      <trkpt lat="24.9699287" lon="121.6107735">
        <ele>379.0</ele>
      </trkpt>
      <trkpt lat="24.9698496" lon="121.6107973">
        <ele>382.0</ele>
      </trkpt>
      <trkpt lat="24.969844" lon="121.6108062">
        <ele>383.0</ele>
      </trkpt>
      <trkpt lat="24.9698571" lon="121.6108535">
        <ele>383.0</ele>
      </trkpt>
      <trkpt lat="24.9698582" lon="121.6108828">
        <ele>383.0</ele>
      </trkpt>
      <trkpt lat="24.9698662" lon="121.6108945">
        <ele>383.0</ele>
      </trkpt>
      <trkpt lat="24.9698671" lon="121.610915">
        <ele>383.0</ele>
      </trkpt>
      <trkpt lat="24.9698637" lon="121.6109364">
        <ele>384.0</ele>
      </trkpt>
      <trkpt lat="24.9698755" lon="121.6109796">
        <ele>384.0</ele>
      </trkpt>
      <trkpt lat="24.9698734" lon="121.6110065">
        <ele>385.0</ele>
      </trkpt>
      <trkpt lat="24.9698949" lon="121.611031">
        <ele>385.0</ele>
      </trkpt>
      <trkpt lat="24.9699055" lon="121.611036">
        <ele>384.0</ele>
      </trkpt>
      <trkpt lat="24.9699231" lon="121.611055">
        <ele>384.0</ele>
      </trkpt>
      <trkpt lat="24.9699532" lon="121.6110493">
        <ele>383.0</ele>
      </trkpt>
      <trkpt lat="24.9700121" lon="121.6110254">
        <ele>380.0</ele>
      </trkpt>
      <trkpt lat="24.9700711" lon="121.6109842">
        <ele>378.0</ele>
      </trkpt>
      <trkpt lat="24.9700956" lon="121.6109769">
        <ele>378.0</ele>
      </trkpt>
      <trkpt lat="24.9701102" lon="121.6109658">
        <ele>377.0</ele>
      </trkpt>
      <trkpt lat="24.9701475" lon="121.6109128">
        <ele>376.0</ele>
      </trkpt>
      <trkpt lat="24.9701718" lon="121.6108994">
        <ele>375.0</ele>
      </trkpt>
      <trkpt lat="24.9701968" lon="121.6108681">
        <ele>374.0</ele>
      </trkpt>
      <trkpt lat="24.9702284" lon="121.6108464">
        <ele>373.0</ele>
      </trkpt>
      <trkpt lat="24.9702362" lon="121.6108479">
        <ele>373.0</ele>
      </trkpt>
      <trkpt lat="24.9702619" lon="121.6108338">
        <ele>372.0</ele>
      </trkpt>
      <trkpt lat="24.9702852" lon="121.6108349">
        <ele>372.0</ele>
      </trkpt>
      <trkpt lat="24.9703164" lon="121.6108273">
        <ele>371.0</ele>
      </trkpt>
      <trkpt lat="24.9703325" lon="121.6108174">
        <ele>371.0</ele>
      </trkpt>
      <trkpt lat="24.970352" lon="121.6108298">
        <ele>371.0</ele>
      </trkpt>
      <trkpt lat="24.9703673" lon="121.6108597">
        <ele>371.0</ele>
      </trkpt>
      <trkpt lat="24.970378" lon="121.6109585">
        <ele>373.0</ele>
      </trkpt>
      <trkpt lat="24.9704032" lon="121.6109738">
        <ele>373.0</ele>
      </trkpt>
      <trkpt lat="24.9704212" lon="121.6110013">
        <ele>373.0</ele>
      </trkpt>
      <trkpt lat="24.9704288" lon="121.6110247">
        <ele>373.0</ele>
      </trkpt>
      <trkpt lat="24.9704539" lon="121.6110402">
        <ele>373.0</ele>
      </trkpt>
      <trkpt lat="24.9704766" lon="121.6110783">
        <ele>373.0</ele>
      </trkpt>
      <trkpt lat="24.9704761" lon="121.6110968">
        <ele>374.0</ele>
      </trkpt>
      <trkpt lat="24.9704857" lon="121.6111207">
        <ele>374.0</ele>
      </trkpt>
      <trkpt lat="24.9704959" lon="121.6111261">
        <ele>374.0</ele>
      </trkpt>
      <trkpt lat="24.9705071" lon="121.6111568">
        <ele>374.0</ele>
      </trkpt>
      <trkpt lat="24.9705092" lon="121.6111729">
        <ele>374.0</ele>
      </trkpt>
      <trkpt lat="24.9705381" lon="121.6112292">
        <ele>375.0</ele>
      </trkpt>
      <trkpt lat="24.9705634" lon="121.6112607">
        <ele>375.0</ele>
      </trkpt>
      <trkpt lat="24.9705746" lon="121.611264">
        <ele>374.0</ele>
      </trkpt>
      <trkpt lat="24.9705978" lon="121.6112829">
        <ele>374.0</ele>
      </trkpt>
      <trkpt lat="24.9706297" lon="121.6113395">
        <ele>374.0</ele>
      </trkpt>
      <trkpt lat="24.9706388" lon="121.6113712">
        <ele>375.0</ele>
      </trkpt>
      <trkpt lat="24.9706544" lon="121.6113842">
        <ele>375.0</ele>
      </trkpt>
      <trkpt lat="24.9706726" lon="121.6114156">
        <ele>375.0</ele>
      </trkpt>
      <trkpt lat="24.9707116" lon="121.6114571">
        <ele>374.0</ele>
      </trkpt>
      <trkpt lat="24.9707152" lon="121.6115038">
        <ele>375.0</ele>
      </trkpt>
      <trkpt lat="24.9707119" lon="121.6115247">
        <ele>375.0</ele>
      </trkpt>
      <trkpt lat="24.9707128" lon="121.611572">
        <ele>376.0</ele>
      </trkpt>
      <trkpt lat="24.9707212" lon="121.6116117">
        <ele>376.0</ele>
      </trkpt>
      <trkpt lat="24.970721" lon="121.6116336">
        <ele>377.0</ele>
      </trkpt>
      <trkpt lat="24.9707188" lon="121.6116605">
        <ele>377.0</ele>
      </trkpt>
      <trkpt lat="24.9706981" lon="121.611735">
        <ele>378.0</ele>
      </trkpt>
      <trkpt lat="24.9707183" lon="121.6117654">
        <ele>378.0</ele>
      </trkpt>
      <trkpt lat="24.9707267" lon="121.6117823">
        <ele>378.0</ele>
      </trkpt>
      <trkpt lat="24.9707292" lon="121.6117964">
        <ele>378.0</ele>
      </trkpt>
      <trkpt lat="24.9707251" lon="121.6118219">
        <ele>378.0</ele>
      </trkpt>
      <trkpt lat="24.970728" lon="121.6118337">
        <ele>378.0</ele>
      </trkpt>
      <trkpt lat="24.9707121" lon="121.6118974">
        <ele>379.0</ele>
      </trkpt>
      <trkpt lat="24.9707478" lon="121.611963">
        <ele>379.0</ele>
      </trkpt>
      <trkpt lat="24.9707715" lon="121.6120235">
        <ele>378.0</ele>
      </trkpt>
      <trkpt lat="24.9707769" lon="121.61205">
        <ele>378.0</ele>
      </trkpt>
      <trkpt lat="24.9708111" lon="121.6121446">
        <ele>377.0</ele>
      </trkpt>
      <trkpt lat="24.9708298" lon="121.6122305">
        <ele>377.0</ele>
      </trkpt>
      <trkpt lat="24.9708208" lon="121.6122832">
        <ele>378.0</ele>
      </trkpt>
      <trkpt lat="24.9708276" lon="121.6123302">
        <ele>377.0</ele>
      </trkpt>
      <trkpt lat="24.9707864" lon="121.6123524">
        <ele>380.0</ele>
      </trkpt>
      <trkpt lat="24.9707815" lon="121.6124029">
        <ele>380.0</ele>
      </trkpt>
      <trkpt lat="24.9707504" lon="121.6124436">
        <ele>382.0</ele>
      </trkpt>
      <trkpt lat="24.9707041" lon="121.6125399">
        <ele>386.0</ele>
      </trkpt>
      <trkpt lat="24.9706939" lon="121.6125937">
        <ele>387.0</ele>
      </trkpt>
      <trkpt lat="24.9706761" lon="121.6126393">
        <ele>388.0</ele>
      </trkpt>
      <trkpt lat="24.9706702" lon="121.6126859">
        <ele>389.0</ele>
      </trkpt>
      <trkpt lat="24.9706748" lon="121.6127006">
        <ele>389.0</ele>
      </trkpt>
      <trkpt lat="24.9706761" lon="121.6127271">
        <ele>389.0</ele>
      </trkpt>
      <trkpt lat="24.9707013" lon="121.612795">
        <ele>388.0</ele>
      </trkpt>
      <trkpt lat="24.9706977" lon="121.6128226">
        <ele>389.0</ele>
      </trkpt>
      <trkpt lat="24.9707028" lon="121.6128402">
        <ele>389.0</ele>
      </trkpt>
      <trkpt lat="24.9706846" lon="121.6129136">
        <ele>391.0</ele>
      </trkpt>
      <trkpt lat="24.9706783" lon="121.6129546">
        <ele>391.0</ele>
      </trkpt>
      <trkpt lat="24.970669" lon="121.6129652">
        <ele>392.0</ele>
      </trkpt>
      <trkpt lat="24.9706601" lon="121.6129937">
        <ele>393.0</ele>
      </trkpt>
      <trkpt lat="24.9706615" lon="121.6130044">
        <ele>393.0</ele>
      </trkpt>
      <trkpt lat="24.9706472" lon="121.6130523">
        <ele>394.0</ele>
      </trkpt>
      <trkpt lat="24.9706354" lon="121.6130744">
        <ele>395.0</ele>
      </trkpt>
      <trkpt lat="24.9706064" lon="121.6131038">
        <ele>397.0</ele>
      </trkpt>
      <trkpt lat="24.9705934" lon="121.6131298">
        <ele>398.0</ele>
      </trkpt>
      <trkpt lat="24.9706019" lon="121.6131563">
        <ele>398.0</ele>
      </trkpt>
      <trkpt lat="24.9706034" lon="121.6131934">
        <ele>398.0</ele>
      </trkpt>
      <trkpt lat="24.9705926" lon="121.6132349">
        <ele>399.0</ele>
      </trkpt>
      <trkpt lat="24.9705832" lon="121.6132925">
        <ele>400.0</ele>
      </trkpt>
      <trkpt lat="24.9705877" lon="121.6134144">
        <ele>401.0</ele>
      </trkpt>
      <trkpt lat="24.9705859" lon="121.6134446">
        <ele>401.0</ele>
      </trkpt>
      <trkpt lat="24.9705965" lon="121.6134826">
        <ele>401.0</ele>
      </trkpt>
      <trkpt lat="24.970595" lon="121.6134924">
        <ele>401.0</ele>
      </trkpt>
      <trkpt lat="24.9706032" lon="121.6135253">
        <ele>401.0</ele>
      </trkpt>
      <trkpt lat="24.9706011" lon="121.6135447">
        <ele>401.0</ele>
      </trkpt>
      <trkpt lat="24.9706045" lon="121.6136048">
        <ele>401.0</ele>
      </trkpt>
      <trkpt lat="24.9705904" lon="121.6136411">
        <ele>402.0</ele>
      </trkpt>
      <trkpt lat="24.9705829" lon="121.6136984">
        <ele>403.0</ele>
      </trkpt>
      <trkpt lat="24.9705839" lon="121.6137082">
        <ele>403.0</ele>
      </trkpt>
      <trkpt lat="24.970604" lon="121.6137361">
        <ele>402.0</ele>
      </trkpt>
      <trkpt lat="24.9706103" lon="121.6137909">
        <ele>402.0</ele>
      </trkpt>
      <trkpt lat="24.9705986" lon="121.613815">
        <ele>403.0</ele>
      </trkpt>
      <trkpt lat="24.9706083" lon="121.6138297">
        <ele>403.0</ele>
      </trkpt>
      <trkpt lat="24.9706096" lon="121.6138381">
        <ele>403.0</ele>
      </trkpt>
      <trkpt lat="24.9706148" lon="121.613898">
        <ele>403.0</ele>
      </trkpt>
      <trkpt lat="24.9706138" lon="121.6139514">
        <ele>403.0</ele>
      </trkpt>
      <trkpt lat="24.9706178" lon="121.6139674">
        <ele>403.0</ele>
      </trkpt>
      <trkpt lat="24.9706273" lon="121.6139761">
        <ele>403.0</ele>
      </trkpt>
      <trkpt lat="24.9706246" lon="121.6140672">
        <ele>404.0</ele>
      </trkpt>
      <trkpt lat="24.9706363" lon="121.6141093">
        <ele>403.0</ele>
      </trkpt>
      <trkpt lat="24.970626" lon="121.6141192">
        <ele>404.0</ele>
      </trkpt>
      <trkpt lat="24.9706199" lon="121.6141486">
        <ele>404.0</ele>
      </trkpt>
      <trkpt lat="24.9706385" lon="121.6141786">
        <ele>404.0</ele>
      </trkpt>
      <trkpt lat="24.9706574" lon="121.6142381">
        <ele>404.0</ele>
      </trkpt>
      <trkpt lat="24.9706582" lon="121.6142505">
        <ele>404.0</ele>
      </trkpt>
      <trkpt lat="24.9706524" lon="121.6142894">
        <ele>405.0</ele>
      </trkpt>
      <trkpt lat="24.9706297" lon="121.6143479">
        <ele>407.0</ele>
      </trkpt>
      <trkpt lat="24.9706273" lon="121.6143783">
        <ele>408.0</ele>
      </trkpt>
      <trkpt lat="24.9706039" lon="121.6144078">
        <ele>409.0</ele>
      </trkpt>
      <trkpt lat="24.9706059" lon="121.6144635">
        <ele>410.0</ele>
      </trkpt>
      <trkpt lat="24.9706025" lon="121.6144886">
        <ele>410.0</ele>
      </trkpt>
      <trkpt lat="24.9706072" lon="121.6145468">
        <ele>411.0</ele>
      </trkpt>
      <trkpt lat="24.9706275" lon="121.6145985">
        <ele>411.0</ele>
      </trkpt>
      <trkpt lat="24.9706288" lon="121.6146091">
        <ele>411.0</ele>
      </trkpt>
      <trkpt lat="24.9706431" lon="121.6146395">
        <ele>411.0</ele>
      </trkpt>
      <trkpt lat="24.9706485" lon="121.6146636">
        <ele>411.0</ele>
      </trkpt>
      <trkpt lat="24.9706628" lon="121.6146896">
        <ele>411.0</ele>
      </trkpt>
      <trkpt lat="24.9706754" lon="121.6146976">
        <ele>411.0</ele>
      </trkpt>
      <trkpt lat="24.9707556" lon="121.6147268">
        <ele>408.0</ele>
      </trkpt>
      <trkpt lat="24.9708049" lon="121.6147584">
        <ele>407.0</ele>
      </trkpt>
      <trkpt lat="24.9707994" lon="121.6147473">
        <ele>407.0</ele>
      </trkpt>
      <trkpt lat="24.9708005" lon="121.6147584">
        <ele>407.0</ele>
      </trkpt>
      <trkpt lat="24.9708137" lon="121.6147877">
        <ele>407.0</ele>
      </trkpt>
      <trkpt lat="24.9708516" lon="121.6148231">
        <ele>408.0</ele>
      </trkpt>
      <trkpt lat="24.9708575" lon="121.6148164">
        <ele>408.0</ele>
      </trkpt>
      <trkpt lat="24.9708276" lon="121.6148755">
        <ele>409.0</ele>
      </trkpt>
      <trkpt lat="24.9707714" lon="121.6149471">
        <ele>412.0</ele>
      </trkpt>
      <trkpt lat="24.9707618" lon="121.6149911">
        <ele>413.0</ele>
      </trkpt>
      <trkpt lat="24.9707328" lon="121.615023">
        <ele>415.0</ele>
      </trkpt>
      <trkpt lat="24.9707297" lon="121.6150225">
        <ele>415.0</ele>
      </trkpt>
      <trkpt lat="24.9707514" lon="121.615018">
        <ele>414.0</ele>
      </trkpt>
      <trkpt lat="24.9707541" lon="121.6150304">
        <ele>414.0</ele>
      </trkpt>
      <trkpt lat="24.9707579" lon="121.615034">
        <ele>414.0</ele>
      </trkpt>
      <trkpt lat="24.9707348" lon="121.6150812">
        <ele>416.0</ele>
      </trkpt>
      <trkpt lat="24.9707367" lon="121.6150878">
        <ele>416.0</ele>
      </trkpt>
      <trkpt lat="24.9707199" lon="121.6150813">
        <ele>417.0</ele>
      </trkpt>
      <trkpt lat="24.9707149" lon="121.6151211">
        <ele>418.0</ele>
      </trkpt>
      <trkpt lat="24.9706957" lon="121.6151742">
        <ele>420.0</ele>
      </trkpt>
      <trkpt lat="24.9706926" lon="121.6151985">
        <ele>420.0</ele>
      </trkpt>
      <trkpt lat="24.9706872" lon="121.6152038">
        <ele>421.0</ele>
      </trkpt>
      <trkpt lat="24.9706965" lon="121.615221">
        <ele>421.0</ele>
      </trkpt>
      <trkpt lat="24.9707198" lon="121.6153136">
        <ele>423.0</ele>
      </trkpt>
      <trkpt lat="24.9707343" lon="121.6153287">
        <ele>423.0</ele>
      </trkpt>
      <trkpt lat="24.970725" lon="121.6153542">
        <ele>424.0</ele>
      </trkpt>
      <trkpt lat="24.9707401" lon="121.6153843">
        <ele>424.0</ele>
      </trkpt>
      <trkpt lat="24.9707535" lon="121.6153873">
        <ele>424.0</ele>
      </trkpt>
      <trkpt lat="24.970778" lon="121.6154032">
        <ele>423.0</ele>
      </trkpt>
      <trkpt lat="24.9707825" lon="121.6154022">
        <ele>423.0</ele>
      </trkpt>
      <trkpt lat="24.970818" lon="121.6154207">
        <ele>423.0</ele>
      </trkpt>
      <trkpt lat="24.9708323" lon="121.615465">
        <ele>423.0</ele>
      </trkpt>
      <trkpt lat="24.9708446" lon="121.6154859">
        <ele>424.0</ele>
      </trkpt>
      <trkpt lat="24.9708453" lon="121.615509">
        <ele>425.0</ele>
      </trkpt>
      <trkpt lat="24.9708497" lon="121.6155122">
        <ele>425.0</ele>
      </trkpt>
      <trkpt lat="24.97084" lon="121.6155404">
        <ele>425.0</ele>
      </trkpt>
      <trkpt lat="24.9708316" lon="121.6155502">
        <ele>426.0</ele>
      </trkpt>
      <trkpt lat="24.970827" lon="121.6155509">
        <ele>426.0</ele>
      </trkpt>
      <trkpt lat="24.970828" lon="121.615558">
        <ele>426.0</ele>
      </trkpt>
      <trkpt lat="24.9708207" lon="121.6155468">
        <ele>426.0</ele>
      </trkpt>
      <trkpt lat="24.970828" lon="121.6155231">
        <ele>425.0</ele>
      </trkpt>
      <trkpt lat="24.9708233" lon="121.6155021">
        <ele>425.0</ele>
      </trkpt>
      <trkpt lat="24.9708318" lon="121.6154964">
        <ele>424.0</ele>
      </trkpt>
      <trkpt lat="24.9708452" lon="121.6154961">
        <ele>424.0</ele>
      </trkpt>
      <trkpt lat="24.970866" lon="121.6155119">
        <ele>426.0</ele>
      </trkpt>
      <trkpt lat="24.9708697" lon="121.6155094">
        <ele>426.0</ele>
      </trkpt>
      <trkpt lat="24.9708719" lon="121.6154949">
        <ele>425.0</ele>
      </trkpt>
      <trkpt lat="24.9708941" lon="121.6154856">
        <ele>426.0</ele>
      </trkpt>
      <trkpt lat="24.9709247" lon="121.6154981">
        <ele>427.0</ele>
      </trkpt>
      <trkpt lat="24.9709304" lon="121.6154965">
        <ele>427.0</ele>
      </trkpt>
      <trkpt lat="24.970942" lon="121.6154829">
        <ele>427.0</ele>
      </trkpt>
      <trkpt lat="24.9709475" lon="121.6154811">
        <ele>427.0</ele>
      </trkpt>
      <trkpt lat="24.9709742" lon="121.6154864">
        <ele>428.0</ele>
      </trkpt>
      <trkpt lat="24.9710159" lon="121.6155104">
        <ele>430.0</ele>
      </trkpt>
      <trkpt lat="24.9710382" lon="121.6155116">
        <ele>431.0</ele>
      </trkpt>
      <trkpt lat="24.9710562" lon="121.6154715">
        <ele>431.0</ele>
      </trkpt>
      <trkpt lat="24.9710801" lon="121.6154565">
        <ele>431.0</ele>
      </trkpt>
      <trkpt lat="24.9711174" lon="121.6154894">
        <ele>433.0</ele>
      </trkpt>
      <trkpt lat="24.9711454" lon="121.6154832">
        <ele>434.0</ele>
      </trkpt>
      <trkpt lat="24.9711676" lon="121.6154688">
        <ele>434.0</ele>
      </trkpt>
      <trkpt lat="24.9712009" lon="121.6154848">
        <ele>435.0</ele>
      </trkpt>
      <trkpt lat="24.9712042" lon="121.6154933">
        <ele>436.0</ele>
      </trkpt>
      <trkpt lat="24.9712059" lon="121.6155215">
        <ele>437.0</ele>
      </trkpt>
      <trkpt lat="24.9712316" lon="121.6155199">
        <ele>438.0</ele>
      </trkpt>
      <trkpt lat="24.9712335" lon="121.6155262">
        <ele>438.0</ele>
      </trkpt>
      <trkpt lat="24.9712556" lon="121.615536">
        <ele>439.0</ele>
      </trkpt>
      <trkpt lat="24.9712539" lon="121.6155219">
        <ele>438.0</ele>
      </trkpt>
      <trkpt lat="24.9712559" lon="121.6155403">
        <ele>439.0</ele>
      </trkpt>
      <trkpt lat="24.9712302" lon="121.615582">
        <ele>439.0</ele>
      </trkpt>
      <trkpt lat="24.9711938" lon="121.6156245">
        <ele>439.0</ele>
      </trkpt>
      <trkpt lat="24.9711767" lon="121.6156339">
        <ele>439.0</ele>
      </trkpt>
      <trkpt lat="24.9711392" lon="121.6156377">
        <ele>438.0</ele>
      </trkpt>
      <trkpt lat="24.9711038" lon="121.6156686">
        <ele>438.0</ele>
      </trkpt>
      <trkpt lat="24.9710695" lon="121.615683">
        <ele>437.0</ele>
      </trkpt>
      <trkpt lat="24.9710509" lon="121.6157024">
        <ele>437.0</ele>
      </trkpt>
      <trkpt lat="24.9710443" lon="121.6157297">
        <ele>437.0</ele>
      </trkpt>
      <trkpt lat="24.9710176" lon="121.6157983">
        <ele>438.0</ele>
      </trkpt>
      <trkpt lat="24.9709985" lon="121.6158368">
        <ele>439.0</ele>
      </trkpt>
      <trkpt lat="24.9710057" lon="121.6158642">
        <ele>440.0</ele>
      </trkpt>
      <trkpt lat="24.9709937" lon="121.6158955">
        <ele>440.0</ele>
      </trkpt>
      <trkpt lat="24.9709759" lon="121.6159207">
        <ele>440.0</ele>
      </trkpt>
      <trkpt lat="24.9709804" lon="121.6159302">
        <ele>441.0</ele>
      </trkpt>
      <trkpt lat="24.9709729" lon="121.6159979">
        <ele>442.0</ele>
      </trkpt>
      <trkpt lat="24.9709755" lon="121.6160241">
        <ele>443.0</ele>
      </trkpt>
      <trkpt lat="24.9709661" lon="121.6160607">
        <ele>444.0</ele>
      </trkpt>
      <trkpt lat="24.9709521" lon="121.6160663">
        <ele>444.0</ele>
      </trkpt>
      <trkpt lat="24.9709307" lon="121.6161012">
        <ele>444.0</ele>
      </trkpt>
      <trkpt lat="24.970928" lon="121.6161523">
        <ele>445.0</ele>
      </trkpt>
      <trkpt lat="24.9709234" lon="121.6161758">
        <ele>446.0</ele>
      </trkpt>
      <trkpt lat="24.9708913" lon="121.6162526">
        <ele>447.0</ele>
      </trkpt>
      <trkpt lat="24.9708683" lon="121.616289">
        <ele>448.0</ele>
      </trkpt>
      <trkpt lat="24.970806" lon="121.616349">
        <ele>449.0</ele>
      </trkpt>
      <trkpt lat="24.9707758" lon="121.616371">
        <ele>450.0</ele>
      </trkpt>
      <trkpt lat="24.9707475" lon="121.6164269">
        <ele>452.0</ele>
      </trkpt>
      <trkpt lat="24.9707513" lon="121.6164865">
        <ele>454.0</ele>
      </trkpt>
      <trkpt lat="24.9707485" lon="121.6165082">
        <ele>454.0</ele>
      </trkpt>
      <trkpt lat="24.9707292" lon="121.6165704">
        <ele>456.0</ele>
      </trkpt>
      <trkpt lat="24.9707414" lon="121.6166035">
        <ele>457.0</ele>
      </trkpt>
      <trkpt lat="24.9707443" lon="121.6166042">
        <ele>457.0</ele>
      </trkpt>
      <trkpt lat="24.9707297" lon="121.6166182">
        <ele>458.0</ele>
      </trkpt>
      <trkpt lat="24.9707273" lon="121.6166395">
        <ele>458.0</ele>
      </trkpt>
      <trkpt lat="24.9707318" lon="121.6166512">
        <ele>458.0</ele>
      </trkpt>
      <trkpt lat="24.9707352" lon="121.6166507">
        <ele>458.0</ele>
      </trkpt>
      <trkpt lat="24.970741" lon="121.6166561">
        <ele>458.0</ele>
      </trkpt>
      <trkpt lat="24.970744" lon="121.6166699">
        <ele>459.0</ele>
      </trkpt>
      <trkpt lat="24.9707293" lon="121.6167227">
        <ele>461.0</ele>
      </trkpt>
      <trkpt lat="24.970683" lon="121.6167091">
        <ele>461.0</ele>
      </trkpt>
      <trkpt lat="24.9706494" lon="121.6167284">
        <ele>461.0</ele>
      </trkpt>
      <trkpt lat="24.9706262" lon="121.6167313">
        <ele>462.0</ele>
      </trkpt>
      <trkpt lat="24.9706251" lon="121.6167388">
        <ele>462.0</ele>
      </trkpt>
      <trkpt lat="24.9706076" lon="121.616762">
        <ele>463.0</ele>
      </trkpt>
      <trkpt lat="24.9706019" lon="121.6167528">
        <ele>462.0</ele>
      </trkpt>
      <trkpt lat="24.9706067" lon="121.6167602">
        <ele>463.0</ele>
      </trkpt>
      <trkpt lat="24.9706049" lon="121.616788">
        <ele>463.0</ele>
      </trkpt>
      <trkpt lat="24.9705971" lon="121.6168209">
        <ele>464.0</ele>
      </trkpt>
      <trkpt lat="24.9705752" lon="121.6168412">
        <ele>465.0</ele>
      </trkpt>
      <trkpt lat="24.9705719" lon="121.6168478">
        <ele>465.0</ele>
      </trkpt>
      <trkpt lat="24.9705791" lon="121.6168705">
        <ele>466.0</ele>
      </trkpt>
      <trkpt lat="24.9705811" lon="121.61689">
        <ele>466.0</ele>
      </trkpt>
      <trkpt lat="24.9705678" lon="121.6169102">
        <ele>467.0</ele>
      </trkpt>
      <trkpt lat="24.9705569" lon="121.6169372">
        <ele>468.0</ele>
      </trkpt>
      <trkpt lat="24.9705623" lon="121.6169395">
        <ele>468.0</ele>
      </trkpt>
      <trkpt lat="24.9705786" lon="121.6169693">
        <ele>469.0</ele>
      </trkpt>
      <trkpt lat="24.9705737" lon="121.6169917">
        <ele>469.0</ele>
      </trkpt>
      <trkpt lat="24.9706187" lon="121.6169923">
        <ele>469.0</ele>
      </trkpt>
      <trkpt lat="24.9706279" lon="121.6170001">
        <ele>469.0</ele>
      </trkpt>
      <trkpt lat="24.9706286" lon="121.617006">
        <ele>470.0</ele>
      </trkpt>
      <trkpt lat="24.9706101" lon="121.617023">
        <ele>470.0</ele>
      </trkpt>
      <trkpt lat="24.9705918" lon="121.6170507">
        <ele>471.0</ele>
      </trkpt>
      <trkpt lat="24.9705892" lon="121.6170605">
        <ele>471.0</ele>
      </trkpt>
      <trkpt lat="24.9706054" lon="121.6170921">
        <ele>472.0</ele>
      </trkpt>
      <trkpt lat="24.970601" lon="121.617093">
        <ele>472.0</ele>
      </trkpt>
      <trkpt lat="24.9706119" lon="121.6171151">
        <ele>473.0</ele>
      </trkpt>
      <trkpt lat="24.9706107" lon="121.617143">
        <ele>474.0</ele>
      </trkpt>
      <trkpt lat="24.970617" lon="121.6171387">
        <ele>473.0</ele>
      </trkpt>
      <trkpt lat="24.9706262" lon="121.6171379">
        <ele>473.0</ele>
      </trkpt>
      <trkpt lat="24.9706322" lon="121.6171475">
        <ele>474.0</ele>
      </trkpt>
      <trkpt lat="24.9706276" lon="121.6171527">
        <ele>474.0</ele>
      </trkpt>
      <trkpt lat="24.9705907" lon="121.6171667">
        <ele>474.0</ele>
      </trkpt>
      <trkpt lat="24.9705694" lon="121.6171656">
        <ele>474.0</ele>
      </trkpt>
      <trkpt lat="24.9705047" lon="121.6172144">
        <ele>476.0</ele>
      </trkpt>
      <trkpt lat="24.9705078" lon="121.6172271">
        <ele>476.0</ele>
      </trkpt>
      <trkpt lat="24.9704793" lon="121.6172387">
        <ele>476.0</ele>
      </trkpt>
      <trkpt lat="24.9704563" lon="121.617234">
        <ele>476.0</ele>
      </trkpt>
      <trkpt lat="24.9704587" lon="121.6172459">
        <ele>476.0</ele>
      </trkpt>
      <trkpt lat="24.970456" lon="121.6172863">
        <ele>478.0</ele>
      </trkpt>
      <trkpt lat="24.9704391" lon="121.6172972">
        <ele>478.0</ele>
      </trkpt>
      <trkpt lat="24.9704376" lon="121.6172951">
        <ele>478.0</ele>
      </trkpt>
      <trkpt lat="24.9704309" lon="121.6172984">
        <ele>478.0</ele>
      </trkpt>
      <trkpt lat="24.9704116" lon="121.6173374">
        <ele>479.0</ele>
      </trkpt>
      <trkpt lat="24.9704036" lon="121.6173418">
        <ele>479.0</ele>
      </trkpt>
      <trkpt lat="24.9703882" lon="121.6173871">
        <ele>480.0</ele>
      </trkpt>
      <trkpt lat="24.9703469" lon="121.6174216">
        <ele>481.0</ele>
      </trkpt>
      <trkpt lat="24.9703474" lon="121.6174378">
        <ele>481.0</ele>
      </trkpt>
      <trkpt lat="24.9703404" lon="121.617486">
        <ele>482.0</ele>
      </trkpt>
      <trkpt lat="24.9703359" lon="121.6174902">
        <ele>482.0</ele>
      </trkpt>
      <trkpt lat="24.9703252" lon="121.6175206">
        <ele>483.0</ele>
      </trkpt>
      <trkpt lat="24.9703294" lon="121.6175475">
        <ele>484.0</ele>
      </trkpt>
      <trkpt lat="24.9703415" lon="121.6175728">
        <ele>485.0</ele>
      </trkpt>
      <trkpt lat="24.9703433" lon="121.6175851">
        <ele>486.0</ele>
      </trkpt>
      <trkpt lat="24.9703461" lon="121.617587">
        <ele>486.0</ele>
      </trkpt>
      <trkpt lat="24.9703585" lon="121.6175828">
        <ele>486.0</ele>
      </trkpt>
      <trkpt lat="24.9703443" lon="121.6176096">
        <ele>487.0</ele>
      </trkpt>
      <trkpt lat="24.9703205" lon="121.6176254">
        <ele>487.0</ele>
      </trkpt>
      <trkpt lat="24.9703143" lon="121.6176239">
        <ele>487.0</ele>
      </trkpt>
      <trkpt lat="24.9702997" lon="121.6176561">
        <ele>488.0</ele>
      </trkpt>
      <trkpt lat="24.9702975" lon="121.6176858">
        <ele>489.0</ele>
      </trkpt>
      <trkpt lat="24.9703039" lon="121.6177016">
        <ele>490.0</ele>
      </trkpt>
      <trkpt lat="24.9702972" lon="121.6177306">
        <ele>491.0</ele>
      </trkpt>
      <trkpt lat="24.9702607" lon="121.6177647">
        <ele>492.0</ele>
      </trkpt>
      <trkpt lat="24.9702479" lon="121.6177665">
        <ele>492.0</ele>
      </trkpt>
      <trkpt lat="24.9702236" lon="121.6178017">
        <ele>493.0</ele>
      </trkpt>
      <trkpt lat="24.9702176" lon="121.6178176">
        <ele>494.0</ele>
      </trkpt>
      <trkpt lat="24.9702214" lon="121.617833">
        <ele>495.0</ele>
      </trkpt>
      <trkpt lat="24.970213" lon="121.6178893">
        <ele>497.0</ele>
      </trkpt>
      <trkpt lat="24.9702179" lon="121.6179654">
        <ele>500.0</ele>
      </trkpt>
      <trkpt lat="24.9701807" lon="121.6180333">
        <ele>502.0</ele>
      </trkpt>
      <trkpt lat="24.9701591" lon="121.6180925">
        <ele>504.0</ele>
      </trkpt>
      <trkpt lat="24.9701681" lon="121.6180905">
        <ele>504.0</ele>
      </trkpt>
      <trkpt lat="24.9702044" lon="121.618137">
        <ele>506.0</ele>
      </trkpt>
      <trkpt lat="24.9701843" lon="121.6181595">
        <ele>507.0</ele>
      </trkpt>
      <trkpt lat="24.9701798" lon="121.618198">
        <ele>508.0</ele>
      </trkpt>
      <trkpt lat="24.9701989" lon="121.618221">
        <ele>509.0</ele>
      </trkpt>
      <trkpt lat="24.9702103" lon="121.6183001">
        <ele>512.0</ele>
      </trkpt>
      <trkpt lat="24.9702024" lon="121.6183046">
        <ele>512.0</ele>
      </trkpt>
      <trkpt lat="24.9702047" lon="121.6183029">
        <ele>512.0</ele>
      </trkpt>
      <trkpt lat="24.9702074" lon="121.6183054">
        <ele>512.0</ele>
      </trkpt>
      <trkpt lat="24.9702019" lon="121.618314">
        <ele>513.0</ele>
      </trkpt>
      <trkpt lat="24.9701916" lon="121.6182666">
        <ele>511.0</ele>
      </trkpt>
      <trkpt lat="24.9701866" lon="121.6182588">
        <ele>511.0</ele>
      </trkpt>
      <trkpt lat="24.9701781" lon="121.6182755">
        <ele>511.0</ele>
      </trkpt>
      <trkpt lat="24.9701716" lon="121.618242">
        <ele>510.0</ele>
      </trkpt>
      <trkpt lat="24.9701677" lon="121.6182453">
        <ele>510.0</ele>
      </trkpt>
      <trkpt lat="24.9701748" lon="121.6182844">
        <ele>511.0</ele>
      </trkpt>
      <trkpt lat="24.9701702" lon="121.6183073">
        <ele>512.0</ele>
      </trkpt>
      <trkpt lat="24.9701731" lon="121.6183049">
        <ele>512.0</ele>
      </trkpt>
      <trkpt lat="24.9701747" lon="121.6182774">
        <ele>511.0</ele>
      </trkpt>
      <trkpt lat="24.9701697" lon="121.6182512">
        <ele>510.0</ele>
      </trkpt>
      <trkpt lat="24.9701703" lon="121.6182199">
        <ele>509.0</ele>
      </trkpt>
      <trkpt lat="24.9701761" lon="121.6182125">
        <ele>509.0</ele>
      </trkpt>
      <trkpt lat="24.9701765" lon="121.618235">
        <ele>510.0</ele>
      </trkpt>
      <trkpt lat="24.9701876" lon="121.6182681">
        <ele>511.0</ele>
      </trkpt>
      <trkpt lat="24.9702041" lon="121.6182948">
        <ele>512.0</ele>
      </trkpt>
      <trkpt lat="24.9701868" lon="121.6183617">
        <ele>514.0</ele>
      </trkpt>
      <trkpt lat="24.970193" lon="121.6183605">
        <ele>514.0</ele>
      </trkpt>
      <trkpt lat="24.9701852" lon="121.6183892">
        <ele>515.0</ele>
      </trkpt>
      <trkpt lat="24.9701651" lon="121.6184441">
        <ele>517.0</ele>
      </trkpt>
      <trkpt lat="24.9701412" lon="121.61848">
        <ele>518.0</ele>
      </trkpt>
      <trkpt lat="24.9701152" lon="121.6185365">
        <ele>520.0</ele>
      </trkpt>
      <trkpt lat="24.9701024" lon="121.6185513">
        <ele>520.0</ele>
      </trkpt>
      <trkpt lat="24.9701122" lon="121.6185624">
        <ele>520.0</ele>
      </trkpt>
      <trkpt lat="24.9701481" lon="121.6184668">
        <ele>517.0</ele>
      </trkpt>
      <trkpt lat="24.9701316" lon="121.6184629">
        <ele>517.0</ele>
      </trkpt>
      <trkpt lat="24.9701164" lon="121.6184683">
        <ele>517.0</ele>
      </trkpt>
      <trkpt lat="24.9701105" lon="121.6185145">
        <ele>519.0</ele>
      </trkpt>
      <trkpt lat="24.9700735" lon="121.6185261">
        <ele>519.0</ele>
      </trkpt>
      <trkpt lat="24.9701066" lon="121.6185526">
        <ele>520.0</ele>
      </trkpt>
      <trkpt lat="24.9701073" lon="121.6185617">
        <ele>520.0</ele>
      </trkpt>
      <trkpt lat="24.9701276" lon="121.6185886">
        <ele>521.0</ele>
      </trkpt>
      <trkpt lat="24.9701174" lon="121.6186359">
        <ele>523.0</ele>
      </trkpt>
      <trkpt lat="24.970133" lon="121.6186869">
        <ele>525.0</ele>
      </trkpt>
      <trkpt lat="24.970142" lon="121.6187003">
        <ele>525.0</ele>
      </trkpt>
      <trkpt lat="24.9701547" lon="121.6187078">
        <ele>525.0</ele>
      </trkpt>
      <trkpt lat="24.9701622" lon="121.6187191">
        <ele>526.0</ele>
      </trkpt>
      <trkpt lat="24.9701636" lon="121.6187473">
        <ele>526.0</ele>
      </trkpt>
      <trkpt lat="24.9701704" lon="121.6187665">
        <ele>527.0</ele>
      </trkpt>
      <trkpt lat="24.9701673" lon="121.6187698">
        <ele>527.0</ele>
      </trkpt>
      <trkpt lat="24.9701478" lon="121.6187684">
        <ele>527.0</ele>
      </trkpt>
      <trkpt lat="24.970156" lon="121.6188448">
        <ele>530.0</ele>
      </trkpt>
      <trkpt lat="24.9701458" lon="121.6188919">
        <ele>531.0</ele>
      </trkpt>
      <trkpt lat="24.9701435" lon="121.6189874">
        <ele>534.0</ele>
      </trkpt>
      <trkpt lat="24.9701464" lon="121.6189998">
        <ele>535.0</ele>
      </trkpt>
      <trkpt lat="24.9701478" lon="121.6189961">
        <ele>535.0</ele>
      </trkpt>
      <trkpt lat="24.9701578" lon="121.6190001">
        <ele>535.0</ele>
      </trkpt>
      <trkpt lat="24.9701614" lon="121.6190116">
        <ele>535.0</ele>
      </trkpt>
      <trkpt lat="24.9701505" lon="121.6190249">
        <ele>535.0</ele>
      </trkpt>
      <trkpt lat="24.9701447" lon="121.6190082">
        <ele>535.0</ele>
      </trkpt>
      <trkpt lat="24.9701223" lon="121.6190073">
        <ele>535.0</ele>
      </trkpt>
      <trkpt lat="24.9701153" lon="121.6190136">
        <ele>535.0</ele>
      </trkpt>
      <trkpt lat="24.970119" lon="121.6190209">
        <ele>536.0</ele>
      </trkpt>
      <trkpt lat="24.9701117" lon="121.6190738">
        <ele>537.0</ele>
      </trkpt>
      <trkpt lat="24.9701055" lon="121.6190786">
        <ele>538.0</ele>
      </trkpt>
      <trkpt lat="24.9701076" lon="121.6191013">
        <ele>538.0</ele>
      </trkpt>
      <trkpt lat="24.9701124" lon="121.6191001">
        <ele>538.0</ele>
      </trkpt>
      <trkpt lat="24.9701166" lon="121.6191756">
        <ele>541.0</ele>
      </trkpt>
      <trkpt lat="24.9701153" lon="121.6191667">
        <ele>540.0</ele>
      </trkpt>
      <trkpt lat="24.9701446" lon="121.6191992">
        <ele>540.0</ele>
      </trkpt>
      <trkpt lat="24.9701658" lon="121.6192087">
        <ele>540.0</ele>
      </trkpt>
      <trkpt lat="24.9701966" lon="121.6192542">
        <ele>540.0</ele>
      </trkpt>
      <trkpt lat="24.9701847" lon="121.6192522">
        <ele>540.0</ele>
      </trkpt>
      <trkpt lat="24.9701761" lon="121.6192551">
        <ele>540.0</ele>
      </trkpt>
      <trkpt lat="24.9701744" lon="121.6192693">
        <ele>540.0</ele>
      </trkpt>
      <trkpt lat="24.9701698" lon="121.619275">
        <ele>540.0</ele>
      </trkpt>
      <trkpt lat="24.9701739" lon="121.6192771">
        <ele>540.0</ele>
      </trkpt>
      <trkpt lat="24.9701457" lon="121.6193146">
        <ele>541.0</ele>
      </trkpt>
      <trkpt lat="24.9701419" lon="121.6193348">
        <ele>541.0</ele>
      </trkpt>
      <trkpt lat="24.9701463" lon="121.6193418">
        <ele>541.0</ele>
      </trkpt>
      <trkpt lat="24.9701389" lon="121.6193567">
        <ele>541.0</ele>
      </trkpt>
      <trkpt lat="24.9701389" lon="121.6193412">
        <ele>541.0</ele>
      </trkpt>
      <trkpt lat="24.9701584" lon="121.6193242">
        <ele>540.0</ele>
      </trkpt>
      <trkpt lat="24.9701526" lon="121.6193183">
        <ele>540.0</ele>
      </trkpt>
      <trkpt lat="24.9701454" lon="121.6193259">
        <ele>541.0</ele>
      </trkpt>
      <trkpt lat="24.9701438" lon="121.6193622">
        <ele>541.0</ele>
      </trkpt>
      <trkpt lat="24.9701221" lon="121.6194087">
        <ele>541.0</ele>
      </trkpt>
      <trkpt lat="24.9700944" lon="121.6194266">
        <ele>542.0</ele>
      </trkpt>
      <trkpt lat="24.9701045" lon="121.6194147">
        <ele>542.0</ele>
      </trkpt>
      <trkpt lat="24.9701025" lon="121.6194204">
        <ele>542.0</ele>
      </trkpt>
      <trkpt lat="24.9700907" lon="121.6194287">
        <ele>542.0</ele>
      </trkpt>
      <trkpt lat="24.9700769" lon="121.6194469">
        <ele>543.0</ele>
      </trkpt>
      <trkpt lat="24.970078" lon="121.6194604">
        <ele>543.0</ele>
      </trkpt>
      <trkpt lat="24.9701213" lon="121.6194518">
        <ele>542.0</ele>
      </trkpt>
      <trkpt lat="24.9701094" lon="121.619463">
        <ele>542.0</ele>
      </trkpt>
      <trkpt lat="24.9701041" lon="121.61948">
        <ele>542.0</ele>
      </trkpt>
      <trkpt lat="24.9700672" lon="121.6195063">
        <ele>543.0</ele>
      </trkpt>
      <trkpt lat="24.9700537" lon="121.6195337">
        <ele>544.0</ele>
      </trkpt>
      <trkpt lat="24.9700582" lon="121.6195363">
        <ele>544.0</ele>
      </trkpt>
      <trkpt lat="24.970038" lon="121.6195904">
        <ele>545.0</ele>
      </trkpt>
      <trkpt lat="24.9700342" lon="121.6196161">
        <ele>545.0</ele>
      </trkpt>
      <trkpt lat="24.9700164" lon="121.6196311">
        <ele>546.0</ele>
      </trkpt>
      <trkpt lat="24.970021" lon="121.6196375">
        <ele>546.0</ele>
      </trkpt>
      <trkpt lat="24.9700135" lon="121.6196547">
        <ele>546.0</ele>
      </trkpt>
      <trkpt lat="24.9700055" lon="121.6196518">
        <ele>546.0</ele>
      </trkpt>
      <trkpt lat="24.9699674" lon="121.6196516">
        <ele>548.0</ele>
      </trkpt>
      <trkpt lat="24.9699683" lon="121.6197002">
        <ele>548.0</ele>
      </trkpt>
      <trkpt lat="24.9699605" lon="121.6197181">
        <ele>549.0</ele>
      </trkpt>
      <trkpt lat="24.9699414" lon="121.619747">
        <ele>549.0</ele>
      </trkpt>
      <trkpt lat="24.9699316" lon="121.6197528">
        <ele>550.0</ele>
      </trkpt>
      <trkpt lat="24.9699248" lon="121.6197704">
        <ele>550.0</ele>
      </trkpt>
      <trkpt lat="24.9699349" lon="121.6197748">
        <ele>550.0</ele>
      </trkpt>
      <trkpt lat="24.9699398" lon="121.6197973">
        <ele>550.0</ele>
      </trkpt>
      <trkpt lat="24.9699362" lon="121.6198606">
        <ele>551.0</ele>
      </trkpt>
      <trkpt lat="24.9699264" lon="121.6199119">
        <ele>552.0</ele>
      </trkpt>
      <trkpt lat="24.9699109" lon="121.619922">
        <ele>552.0</ele>
      </trkpt>
      <trkpt lat="24.969918" lon="121.619924">
        <ele>552.0</ele>
      </trkpt>
      <trkpt lat="24.9699081" lon="121.6199841">
        <ele>553.0</ele>
      </trkpt>
      <trkpt lat="24.9698528" lon="121.6200071">
        <ele>555.0</ele>
      </trkpt>
      <trkpt lat="24.9698385" lon="121.6200582">
        <ele>555.0</ele>
      </trkpt>
      <trkpt lat="24.9698433" lon="121.6200786">
        <ele>555.0</ele>
      </trkpt>
      <trkpt lat="24.9698408" lon="121.6201267">
        <ele>555.0</ele>
      </trkpt>
      <trkpt lat="24.9698323" lon="121.6201431">
        <ele>555.0</ele>
      </trkpt>
      <trkpt lat="24.9698242" lon="121.6201894">
        <ele>556.0</ele>
      </trkpt>
      <trkpt lat="24.9698077" lon="121.6202077">
        <ele>556.0</ele>
      </trkpt>
      <trkpt lat="24.9697921" lon="121.6202572">
        <ele>556.0</ele>
      </trkpt>
      <trkpt lat="24.9697926" lon="121.6202662">
        <ele>556.0</ele>
      </trkpt>
      <trkpt lat="24.9697524" lon="121.6202747">
        <ele>557.0</ele>
      </trkpt>
      <trkpt lat="24.9697538" lon="121.6202872">
        <ele>557.0</ele>
      </trkpt>
      <trkpt lat="24.969734" lon="121.6203029">
        <ele>558.0</ele>
      </trkpt>
      <trkpt lat="24.9697409" lon="121.6203379">
        <ele>557.0</ele>
      </trkpt>
      <trkpt lat="24.969764" lon="121.6203796">
        <ele>557.0</ele>
      </trkpt>
      <trkpt lat="24.9697558" lon="121.6203709">
        <ele>557.0</ele>
      </trkpt>
      <trkpt lat="24.9697387" lon="121.6203718">
        <ele>557.0</ele>
      </trkpt>
      <trkpt lat="24.9697232" lon="121.6203869">
        <ele>557.0</ele>
      </trkpt>
      <trkpt lat="24.9697241" lon="121.6203911">
        <ele>557.0</ele>
      </trkpt>
      <trkpt lat="24.9697367" lon="121.6203937">
        <ele>557.0</ele>
      </trkpt>
      <trkpt lat="24.9697268" lon="121.6203937">
        <ele>557.0</ele>
      </trkpt>
      <trkpt lat="24.9697632" lon="121.6203822">
        <ele>557.0</ele>
      </trkpt>
      <trkpt lat="24.9697825" lon="121.6203647">
        <ele>556.0</ele>
      </trkpt>
      <trkpt lat="24.969793" lon="121.620369">
        <ele>556.0</ele>
      </trkpt>
      <trkpt lat="24.9697808" lon="121.6203815">
        <ele>556.0</ele>
      </trkpt>
      <trkpt lat="24.9697709" lon="121.6203982">
        <ele>556.0</ele>
      </trkpt>
      <trkpt lat="24.969776" lon="121.6204141">
        <ele>556.0</ele>
      </trkpt>
      <trkpt lat="24.9697527" lon="121.6204588">
        <ele>557.0</ele>
      </trkpt>
      <trkpt lat="24.9697329" lon="121.6204616">
        <ele>557.0</ele>
      </trkpt>
      <trkpt lat="24.9697055" lon="121.620473">
        <ele>557.0</ele>
      </trkpt>
      <trkpt lat="24.969673" lon="121.6204664">
        <ele>558.0</ele>
      </trkpt>
      <trkpt lat="24.9696579" lon="121.6204745">
        <ele>558.0</ele>
      </trkpt>
      <trkpt lat="24.9696533" lon="121.6204845">
        <ele>558.0</ele>
      </trkpt>
      <trkpt lat="24.9696471" lon="121.6204869">
        <ele>558.0</ele>
      </trkpt>
      <trkpt lat="24.9696416" lon="121.620516">
        <ele>558.0</ele>
      </trkpt>
      <trkpt lat="24.9696444" lon="121.6205218">
        <ele>558.0</ele>
      </trkpt>
      <trkpt lat="24.969644" lon="121.6205399">
        <ele>558.0</ele>
      </trkpt>
      <trkpt lat="24.9696277" lon="121.6205516">
        <ele>558.0</ele>
      </trkpt>
      <trkpt lat="24.9696169" lon="121.620587">
        <ele>558.0</ele>
      </trkpt>
      <trkpt lat="24.9696243" lon="121.6206023">
        <ele>558.0</ele>
      </trkpt>
      <trkpt lat="24.9696297" lon="121.6205871">
        <ele>558.0</ele>
      </trkpt>
      <trkpt lat="24.9696144" lon="121.6205995">
        <ele>558.0</ele>
      </trkpt>
      <trkpt lat="24.9695946" lon="121.6206092">
        <ele>558.0</ele>
      </trkpt>
      <trkpt lat="24.9695727" lon="121.6206121">
        <ele>558.0</ele>
      </trkpt>
      <trkpt lat="24.9695662" lon="121.6206527">
        <ele>558.0</ele>
      </trkpt>
      <trkpt lat="24.9695618" lon="121.6206578">
        <ele>558.0</ele>
      </trkpt>
      <trkpt lat="24.9695618" lon="121.6206528">
        <ele>558.0</ele>
      </trkpt>
      <trkpt lat="24.9695568" lon="121.6206527">
        <ele>558.0</ele>
      </trkpt>
      <trkpt lat="24.9695391" lon="121.6206596">
        <ele>558.0</ele>
      </trkpt>
      <trkpt lat="24.9695391" lon="121.6206924">
        <ele>558.0</ele>
      </trkpt>
      <trkpt lat="24.9695525" lon="121.6206979">
        <ele>558.0</ele>
      </trkpt>
      <trkpt lat="24.9695422" lon="121.6206908">
        <ele>558.0</ele>
      </trkpt>
      <trkpt lat="24.969538" lon="121.6206992">
        <ele>558.0</ele>
      </trkpt>
      <trkpt lat="24.9695506" lon="121.6207079">
        <ele>558.0</ele>
      </trkpt>
      <trkpt lat="24.9695504" lon="121.6207005">
        <ele>558.0</ele>
      </trkpt>
      <trkpt lat="24.9695417" lon="121.62068">
        <ele>558.0</ele>
      </trkpt>
      <trkpt lat="24.9695281" lon="121.6206623">
        <ele>559.0</ele>
      </trkpt>
      <trkpt lat="24.9695185" lon="121.6206565">
        <ele>559.0</ele>
      </trkpt>
      <trkpt lat="24.969505" lon="121.6206376">
        <ele>559.0</ele>
      </trkpt>
      <trkpt lat="24.9695066" lon="121.6206508">
        <ele>559.0</ele>
      </trkpt>
      <trkpt lat="24.9695021" lon="121.6206466">
        <ele>559.0</ele>
      </trkpt>
      <trkpt lat="24.9695027" lon="121.620643">
        <ele>559.0</ele>
      </trkpt>
      <trkpt lat="24.9694953" lon="121.6206405">
        <ele>559.0</ele>
      </trkpt>
      <trkpt lat="24.9694983" lon="121.6206373">
        <ele>559.0</ele>
      </trkpt>
      <trkpt lat="24.9694621" lon="121.6206387">
        <ele>560.0</ele>
      </trkpt>
      <trkpt lat="24.9694527" lon="121.6206456">
        <ele>560.0</ele>
      </trkpt>
      <trkpt lat="24.9694172" lon="121.6206555">
        <ele>560.0</ele>
      </trkpt>
      <trkpt lat="24.9694124" lon="121.6206646">
        <ele>560.0</ele>
      </trkpt>
      <trkpt lat="24.969415" lon="121.6206564">
        <ele>560.0</ele>
      </trkpt>
      <trkpt lat="24.9694169" lon="121.6206639">
        <ele>560.0</ele>
      </trkpt>
      <trkpt lat="24.9694326" lon="121.6206648">
        <ele>560.0</ele>
      </trkpt>
      <trkpt lat="24.9694302" lon="121.6206254">
        <ele>560.0</ele>
      </trkpt>
      <trkpt lat="24.9694226" lon="121.6206091">
        <ele>560.0</ele>
      </trkpt>
      <trkpt lat="24.9694369" lon="121.6205701">
        <ele>561.0</ele>
      </trkpt>
      <trkpt lat="24.9694449" lon="121.6205782">
        <ele>561.0</ele>
      </trkpt>
      <trkpt lat="24.9694398" lon="121.6205625">
        <ele>561.0</ele>
      </trkpt>
      <trkpt lat="24.9694448" lon="121.6205373">
        <ele>561.0</ele>
      </trkpt>
      <trkpt lat="24.9694387" lon="121.6205024">
        <ele>562.0</ele>
      </trkpt>
      <trkpt lat="24.9694383" lon="121.6204815">
        <ele>562.0</ele>
      </trkpt>
      <trkpt lat="24.9694217" lon="121.620433">
        <ele>563.0</ele>
      </trkpt>
      <trkpt lat="24.9694254" lon="121.620417">
        <ele>563.0</ele>
      </trkpt>
      <trkpt lat="24.9694031" lon="121.6203713">
        <ele>564.0</ele>
      </trkpt>
      <trkpt lat="24.9694067" lon="121.6203669">
        <ele>564.0</ele>
      </trkpt>
      <trkpt lat="24.9694044" lon="121.6203643">
        <ele>564.0</ele>
      </trkpt>
      <trkpt lat="24.9694054" lon="121.6203467">
        <ele>564.0</ele>
      </trkpt>
      <trkpt lat="24.9694147" lon="121.6203166">
        <ele>565.0</ele>
      </trkpt>
      <trkpt lat="24.9694324" lon="121.620288">
        <ele>565.0</ele>
      </trkpt>
      <trkpt lat="24.9694279" lon="121.6202633">
        <ele>565.0</ele>
      </trkpt>
      <trkpt lat="24.9694288" lon="121.6202483">
        <ele>565.0</ele>
      </trkpt>
      <trkpt lat="24.9694414" lon="121.6202186">
        <ele>565.0</ele>
      </trkpt>
      <trkpt lat="24.9694353" lon="121.6201844">
        <ele>566.0</ele>
      </trkpt>
      <trkpt lat="24.9694365" lon="121.6201609">
        <ele>566.0</ele>
      </trkpt>
      <trkpt lat="24.9694186" lon="121.6201144">
        <ele>567.0</ele>
      </trkpt>
      <trkpt lat="24.9693909" lon="121.6200945">
        <ele>568.0</ele>
      </trkpt>
      <trkpt lat="24.9693585" lon="121.6200322">
        <ele>570.0</ele>
      </trkpt>
      <trkpt lat="24.9693325" lon="121.6200227">
        <ele>571.0</ele>
      </trkpt>
      <trkpt lat="24.9693316" lon="121.6200193">
        <ele>571.0</ele>
      </trkpt>
      <trkpt lat="24.9692957" lon="121.6199934">
        <ele>573.0</ele>
      </trkpt>
      <trkpt lat="24.969273" lon="121.6199541">
        <ele>573.0</ele>
      </trkpt>
      <trkpt lat="24.9692219" lon="121.6199245">
        <ele>574.0</ele>
      </trkpt>
      <trkpt lat="24.9691937" lon="121.6198826">
        <ele>575.0</ele>
      </trkpt>
      <trkpt lat="24.9691713" lon="121.6198592">
        <ele>575.0</ele>
      </trkpt>
      <trkpt lat="24.9691295" lon="121.6197773">
        <ele>575.0</ele>
      </trkpt>
      <trkpt lat="24.9691323" lon="121.6197748">
        <ele>575.0</ele>
      </trkpt>
      <trkpt lat="24.9691311" lon="121.6197707">
        <ele>575.0</ele>
      </trkpt>
      <trkpt lat="24.9691088" lon="121.6197389">
        <ele>575.0</ele>
      </trkpt>
      <trkpt lat="24.9691025" lon="121.6197194">
        <ele>575.0</ele>
      </trkpt>
      <trkpt lat="24.9690864" lon="121.6197022">
        <ele>575.0</ele>
      </trkpt>
      <trkpt lat="24.969062" lon="121.6196902">
        <ele>575.0</ele>
      </trkpt>
      <trkpt lat="24.9689645" lon="121.6196277">
        <ele>576.0</ele>
      </trkpt>
      <trkpt lat="24.9689053" lon="121.6196127">
        <ele>578.0</ele>
      </trkpt>
      <trkpt lat="24.9688478" lon="121.6196114">
        <ele>579.0</ele>
      </trkpt>
      <trkpt lat="24.9688444" lon="121.6196146">
        <ele>579.0</ele>
      </trkpt>
      <trkpt lat="24.9687705" lon="121.6195868">
        <ele>580.0</ele>
      </trkpt>
      <trkpt lat="24.9687457" lon="121.6195833">
        <ele>581.0</ele>
      </trkpt>
      <trkpt lat="24.9687367" lon="121.6195934">
        <ele>581.0</ele>
      </trkpt>
      <trkpt lat="24.9687166" lon="121.6195972">
        <ele>581.0</ele>
      </trkpt>
      <trkpt lat="24.9686912" lon="121.6195969">
        <ele>582.0</ele>
      </trkpt>
      <trkpt lat="24.9686776" lon="121.6195899">
        <ele>582.0</ele>
      </trkpt>
      <trkpt lat="24.9686392" lon="121.6195846">
        <ele>583.0</ele>
      </trkpt>
      <trkpt lat="24.9686319" lon="121.6195868">
        <ele>583.0</ele>
      </trkpt>
      <trkpt lat="24.9686017" lon="121.6196159">
        <ele>584.0</ele>
      </trkpt>
      <trkpt lat="24.9686039" lon="121.6196255">
        <ele>584.0</ele>
      </trkpt>
      <trkpt lat="24.9685955" lon="121.6196526">
        <ele>585.0</ele>
      </trkpt>
      <trkpt lat="24.9685466" lon="121.6196706">
        <ele>586.0</ele>
      </trkpt>
      <trkpt lat="24.9685335" lon="121.6196655">
        <ele>586.0</ele>
      </trkpt>
      <trkpt lat="24.9685196" lon="121.6196525">
        <ele>586.0</ele>
      </trkpt>
      <trkpt lat="24.9684691" lon="121.6196732">
        <ele>588.0</ele>
      </trkpt>
      <trkpt lat="24.9683957" lon="121.6196843">
        <ele>589.0</ele>
      </trkpt>
      <trkpt lat="24.9683655" lon="121.6197081">
        <ele>590.0</ele>
      </trkpt>
      <trkpt lat="24.9683499" lon="121.6197261">
        <ele>591.0</ele>
      </trkpt>
      <trkpt lat="24.9682999" lon="121.6197156">
        <ele>593.0</ele>
      </trkpt>
      <trkpt lat="24.9682579" lon="121.619683">
        <ele>595.0</ele>
      </trkpt>
      <trkpt lat="24.9682365" lon="121.6196763">
        <ele>596.0</ele>
      </trkpt>
      <trkpt lat="24.968191" lon="121.6196456">
        <ele>598.0</ele>
      </trkpt>
      <trkpt lat="24.9681759" lon="121.6196435">
        <ele>599.0</ele>
      </trkpt>
      <trkpt lat="24.9681509" lon="121.6196713">
        <ele>601.0</ele>
      </trkpt>
      <trkpt lat="24.9681365" lon="121.6196755">
        <ele>602.0</ele>
      </trkpt>
      <trkpt lat="24.9681059" lon="121.61967">
        <ele>603.0</ele>
      </trkpt>
      <trkpt lat="24.9680727" lon="121.6196837">
        <ele>605.0</ele>
      </trkpt>
      <trkpt lat="24.9680607" lon="121.619694">
        <ele>606.0</ele>
      </trkpt>
      <trkpt lat="24.9680314" lon="121.6196886">
        <ele>608.0</ele>
      </trkpt>
      <trkpt lat="24.9680301" lon="121.6196843">
        <ele>608.0</ele>
      </trkpt>
      <trkpt lat="24.9680267" lon="121.6196971">
        <ele>608.0</ele>
      </trkpt>
      <trkpt lat="24.9680028" lon="121.6197026">
        <ele>610.0</ele>
      </trkpt>
      <trkpt lat="24.9679737" lon="121.6197151">
        <ele>611.0</ele>
      </trkpt>
      <trkpt lat="24.9679088" lon="121.619735">
        <ele>615.0</ele>
      </trkpt>
      <trkpt lat="24.9678938" lon="121.6197428">
        <ele>616.0</ele>
      </trkpt>
      <trkpt lat="24.9678677" lon="121.6197462">
        <ele>618.0</ele>
      </trkpt>
      <trkpt lat="24.9678511" lon="121.6197365">
        <ele>619.0</ele>
      </trkpt>
      <trkpt lat="24.9678454" lon="121.6197472">
        <ele>619.0</ele>
      </trkpt>
      <trkpt lat="24.9678472" lon="121.6197594">
        <ele>619.0</ele>
      </trkpt>
      <trkpt lat="24.9678364" lon="121.6197974">
        <ele>620.0</ele>
      </trkpt>
      <trkpt lat="24.9678325" lon="121.619837">
        <ele>621.0</ele>
      </trkpt>
      <trkpt lat="24.9678342" lon="121.6198653">
        <ele>621.0</ele>
      </trkpt>
      <trkpt lat="24.9678282" lon="121.6198803">
        <ele>622.0</ele>
      </trkpt>
      <trkpt lat="24.9677844" lon="121.6199087">
        <ele>625.0</ele>
      </trkpt>
      <trkpt lat="24.9677594" lon="121.6199211">
        <ele>626.0</ele>
      </trkpt>
      <trkpt lat="24.9677415" lon="121.6199446">
        <ele>627.0</ele>
      </trkpt>
      <trkpt lat="24.9676862" lon="121.6199706">
        <ele>631.0</ele>
      </trkpt>
      <trkpt lat="24.9676361" lon="121.619979">
        <ele>634.0</ele>
      </trkpt>
      <trkpt lat="24.9676222" lon="121.6200472">
        <ele>634.0</ele>
      </trkpt>
      <trkpt lat="24.9676122" lon="121.6200644">
        <ele>635.0</ele>
      </trkpt>
      <trkpt lat="24.9676156" lon="121.6200732">
        <ele>634.0</ele>
      </trkpt>
      <trkpt lat="24.9676127" lon="121.6200849">
        <ele>634.0</ele>
      </trkpt>
      <trkpt lat="24.967587" lon="121.6200838">
        <ele>636.0</ele>
      </trkpt>
      <trkpt lat="24.9675433" lon="121.620171">
        <ele>637.0</ele>
      </trkpt>
      <trkpt lat="24.9676207" lon="121.6202068">
        <ele>632.0</ele>
      </trkpt>
      <trkpt lat="24.9676133" lon="121.6202457">
        <ele>632.0</ele>
      </trkpt>
      <trkpt lat="24.9676199" lon="121.6202504">
        <ele>631.0</ele>
      </trkpt>
      <trkpt lat="24.967601" lon="121.6202638">
        <ele>632.0</ele>
      </trkpt>
      <trkpt lat="24.9676147" lon="121.6202861">
        <ele>631.0</ele>
      </trkpt>
      <trkpt lat="24.9676071" lon="121.6202891">
        <ele>632.0</ele>
      </trkpt>
      <trkpt lat="24.9675955" lon="121.6203359">
        <ele>632.0</ele>
      </trkpt>
      <trkpt lat="24.9675735" lon="121.6203551">
        <ele>633.0</ele>
      </trkpt>
      <trkpt lat="24.9675497" lon="121.6203497">
        <ele>635.0</ele>
      </trkpt>
      <trkpt lat="24.9675362" lon="121.620343">
        <ele>636.0</ele>
      </trkpt>
      <trkpt lat="24.9675363" lon="121.6203509">
        <ele>635.0</ele>
      </trkpt>
      <trkpt lat="24.9675332" lon="121.6203426">
        <ele>636.0</ele>
      </trkpt>
      <trkpt lat="24.9675155" lon="121.6203381">
        <ele>637.0</ele>
      </trkpt>
      <trkpt lat="24.9674955" lon="121.6203397">
        <ele>638.0</ele>
      </trkpt>
      <trkpt lat="24.9674902" lon="121.6203458">
        <ele>638.0</ele>
      </trkpt>
      <trkpt lat="24.9674554" lon="121.6203576">
        <ele>637.0</ele>
      </trkpt>
      <trkpt lat="24.9674262" lon="121.6203762">
        <ele>637.0</ele>
      </trkpt>
      <trkpt lat="24.967433" lon="121.6203773">
        <ele>637.0</ele>
      </trkpt>
      <trkpt lat="24.96743" lon="121.620384">
        <ele>637.0</ele>
      </trkpt>
      <trkpt lat="24.9674353" lon="121.6204025">
        <ele>636.0</ele>
      </trkpt>
      <trkpt lat="24.9674192" lon="121.6203746">
        <ele>637.0</ele>
      </trkpt>
      <trkpt lat="24.9674215" lon="121.6203796">
        <ele>637.0</ele>
      </trkpt>
      <trkpt lat="24.9673942" lon="121.6203612">
        <ele>637.0</ele>
      </trkpt>
      <trkpt lat="24.9673944" lon="121.6203511">
        <ele>637.0</ele>
      </trkpt>
      <trkpt lat="24.9673714" lon="121.6203364">
        <ele>637.0</ele>
      </trkpt>
      <trkpt lat="24.967378" lon="121.6202951">
        <ele>637.0</ele>
      </trkpt>
      <trkpt lat="24.9673922" lon="121.6202976">
        <ele>637.0</ele>
      </trkpt>
      <trkpt lat="24.9673923" lon="121.6202855">
        <ele>638.0</ele>
      </trkpt>
      <trkpt lat="24.9673555" lon="121.6203097">
        <ele>637.0</ele>
      </trkpt>
      <trkpt lat="24.9673629" lon="121.6203331">
        <ele>637.0</ele>
      </trkpt>
      <trkpt lat="24.9673425" lon="121.6203514">
        <ele>636.0</ele>
      </trkpt>
      <trkpt lat="24.967302" lon="121.6203537">
        <ele>636.0</ele>
      </trkpt>
      <trkpt lat="24.9672995" lon="121.6203497">
        <ele>636.0</ele>
      </trkpt>
      <trkpt lat="24.967315" lon="121.6203421">
        <ele>636.0</ele>
      </trkpt>
      <trkpt lat="24.9673398" lon="121.6203364">
        <ele>636.0</ele>
      </trkpt>
      <trkpt lat="24.9673054" lon="121.6203317">
        <ele>636.0</ele>
      </trkpt>
      <trkpt lat="24.9672876" lon="121.6203522">
        <ele>636.0</ele>
      </trkpt>
      <trkpt lat="24.9672482" lon="121.6203649">
        <ele>635.0</ele>
      </trkpt>
      <trkpt lat="24.9672383" lon="121.6203605">
        <ele>635.0</ele>
      </trkpt>
      <trkpt lat="24.9672136" lon="121.6203609">
        <ele>635.0</ele>
      </trkpt>
      <trkpt lat="24.9672113" lon="121.6203567">
        <ele>635.0</ele>
      </trkpt>
      <trkpt lat="24.9672088" lon="121.620345">
        <ele>635.0</ele>
      </trkpt>
      <trkpt lat="24.9672175" lon="121.6203397">
        <ele>635.0</ele>
      </trkpt>
      <trkpt lat="24.9672115" lon="121.6203051">
        <ele>636.0</ele>
      </trkpt>
      <trkpt lat="24.967205" lon="121.6202976">
        <ele>636.0</ele>
      </trkpt>
      <trkpt lat="24.9671786" lon="121.6201763">
        <ele>637.0</ele>
      </trkpt>
      <trkpt lat="24.9671712" lon="121.6201178">
        <ele>638.0</ele>
      </trkpt>
      <trkpt lat="24.9671812" lon="121.6200863">
        <ele>639.0</ele>
      </trkpt>
      <trkpt lat="24.9671437" lon="121.6200338">
        <ele>639.0</ele>
      </trkpt>
      <trkpt lat="24.9671306" lon="121.6200267">
        <ele>639.0</ele>
      </trkpt>
      <trkpt lat="24.967116" lon="121.6200116">
        <ele>640.0</ele>
      </trkpt>
      <trkpt lat="24.9671108" lon="121.620011">
        <ele>639.0</ele>
      </trkpt>
      <trkpt lat="24.9671135" lon="121.6199862">
        <ele>640.0</ele>
      </trkpt>
      <trkpt lat="24.9671089" lon="121.6199665">
        <ele>640.0</ele>
      </trkpt>
      <trkpt lat="24.9671207" lon="121.6199489">
        <ele>640.0</ele>
      </trkpt>
      <trkpt lat="24.9671272" lon="121.6199515">
        <ele>640.0</ele>
      </trkpt>
      <trkpt lat="24.9671368" lon="121.6199475">
        <ele>640.0</ele>
      </trkpt>
      <trkpt lat="24.9671856" lon="121.6198915">
        <ele>640.0</ele>
      </trkpt>
      <trkpt lat="24.9671887" lon="121.6198849">
        <ele>640.0</ele>
      </trkpt>
      <trkpt lat="24.9671855" lon="121.6198502">
        <ele>640.0</ele>
      </trkpt>
      <trkpt lat="24.9672005" lon="121.6198301">
        <ele>640.0</ele>
      </trkpt>
      <trkpt lat="24.9672069" lon="121.6198173">
        <ele>640.0</ele>
      </trkpt>
      <trkpt lat="24.9672065" lon="121.6198053">
        <ele>640.0</ele>
      </trkpt>
      <trkpt lat="24.9672103" lon="121.6197933">
        <ele>640.0</ele>
      </trkpt>
      <trkpt lat="24.9672209" lon="121.6197871">
        <ele>639.0</ele>
      </trkpt>
      <trkpt lat="24.9672327" lon="121.6197585">
        <ele>639.0</ele>
      </trkpt>
      <trkpt lat="24.9672237" lon="121.6197059">
        <ele>639.0</ele>
      </trkpt>
      <trkpt lat="24.9672254" lon="121.6197132">
        <ele>639.0</ele>
      </trkpt>
      <trkpt lat="24.9672048" lon="121.6197092">
        <ele>639.0</ele>
      </trkpt>
      <trkpt lat="24.9672025" lon="121.6196971">
        <ele>639.0</ele>
      </trkpt>
      <trkpt lat="24.9671692" lon="121.6196483">
        <ele>639.0</ele>
      </trkpt>
      <trkpt lat="24.9671645" lon="121.6196216">
        <ele>639.0</ele>
      </trkpt>
      <trkpt lat="24.9671708" lon="121.619565">
        <ele>639.0</ele>
      </trkpt>
      <trkpt lat="24.9671508" lon="121.6195497">
        <ele>639.0</ele>
      </trkpt>
      <trkpt lat="24.967132" lon="121.6195281">
        <ele>639.0</ele>
      </trkpt>
      <trkpt lat="24.967107" lon="121.6194564">
        <ele>639.0</ele>
      </trkpt>
      <trkpt lat="24.9671057" lon="121.619414">
        <ele>639.0</ele>
      </trkpt>
      <trkpt lat="24.9670907" lon="121.619335">
        <ele>639.0</ele>
      </trkpt>
      <trkpt lat="24.9670916" lon="121.619283">
        <ele>639.0</ele>
      </trkpt>
      <trkpt lat="24.9670948" lon="121.6192753">
        <ele>639.0</ele>
      </trkpt>
      <trkpt lat="24.9670902" lon="121.6192656">
        <ele>639.0</ele>
      </trkpt>
      <trkpt lat="24.9670907" lon="121.6192178">
        <ele>639.0</ele>
      </trkpt>
      <trkpt lat="24.9670648" lon="121.6191806">
        <ele>640.0</ele>
      </trkpt>
      <trkpt lat="24.9670215" lon="121.6190869">
        <ele>640.0</ele>
      </trkpt>
      <trkpt lat="24.9669883" lon="121.6190323">
        <ele>641.0</ele>
      </trkpt>
      <trkpt lat="24.9669765" lon="121.6189604">
        <ele>641.0</ele>
      </trkpt>
      <trkpt lat="24.9669742" lon="121.6188968">
        <ele>641.0</ele>
      </trkpt>
      <trkpt lat="24.966967" lon="121.6188679">
        <ele>641.0</ele>
      </trkpt>
      <trkpt lat="24.9669663" lon="121.6188276">
        <ele>641.0</ele>
      </trkpt>
      <trkpt lat="24.9669523" lon="121.6187789">
        <ele>642.0</ele>
      </trkpt>
      <trkpt lat="24.9669544" lon="121.6187317">
        <ele>642.0</ele>
      </trkpt>
      <trkpt lat="24.9669525" lon="121.6186783">
        <ele>642.0</ele>
      </trkpt>
      <trkpt lat="24.9669346" lon="121.6186505">
        <ele>642.0</ele>
      </trkpt>
      <trkpt lat="24.9669204" lon="121.6185746">
        <ele>643.0</ele>
      </trkpt>
      <trkpt lat="24.9669047" lon="121.6185145">
        <ele>643.0</ele>
      </trkpt>
      <trkpt lat="24.9668683" lon="121.6184762">
        <ele>644.0</ele>
      </trkpt>
      <trkpt lat="24.9668653" lon="121.6184496">
        <ele>644.0</ele>
      </trkpt>
      <trkpt lat="24.9668602" lon="121.6184457">
        <ele>645.0</ele>
      </trkpt>
      <trkpt lat="24.9668486" lon="121.6184194">
        <ele>645.0</ele>
      </trkpt>
      <trkpt lat="24.9668469" lon="121.6183876">
        <ele>645.0</ele>
      </trkpt>
      <trkpt lat="24.9668439" lon="121.6183845">
        <ele>645.0</ele>
      </trkpt>
      <trkpt lat="24.9668375" lon="121.6183542">
        <ele>646.0</ele>
      </trkpt>
      <trkpt lat="24.9668336" lon="121.6182985">
        <ele>645.0</ele>
      </trkpt>
      <trkpt lat="24.9668434" lon="121.6182785">
        <ele>644.0</ele>
      </trkpt>
      <trkpt lat="24.9668709" lon="121.6182633">
        <ele>643.0</ele>
      </trkpt>
      <trkpt lat="24.966869" lon="121.6182437">
        <ele>642.0</ele>
      </trkpt>
      <trkpt lat="24.9668571" lon="121.6182253">
        <ele>642.0</ele>
      </trkpt>
      <trkpt lat="24.9668567" lon="121.6182177">
        <ele>642.0</ele>
      </trkpt>
      <trkpt lat="24.9668689" lon="121.6181905">
        <ele>641.0</ele>
      </trkpt>
      <trkpt lat="24.9668688" lon="121.6181692">
        <ele>640.0</ele>
      </trkpt>
      <trkpt lat="24.9668555" lon="121.6181431">
        <ele>640.0</ele>
      </trkpt>
      <trkpt lat="24.9668475" lon="121.6181371">
        <ele>640.0</ele>
      </trkpt>
      <trkpt lat="24.966814" lon="121.618085">
        <ele>640.0</ele>
      </trkpt>
      <trkpt lat="24.96681" lon="121.6180833">
        <ele>640.0</ele>
      </trkpt>
      <trkpt lat="24.9667812" lon="121.6180343">
        <ele>639.0</ele>
      </trkpt>
      <trkpt lat="24.9667825" lon="121.6180293">
        <ele>639.0</ele>
      </trkpt>
      <trkpt lat="24.9668226" lon="121.6179838">
        <ele>637.0</ele>
      </trkpt>
      <trkpt lat="24.9668581" lon="121.617925">
        <ele>634.0</ele>
      </trkpt>
      <trkpt lat="24.9668534" lon="121.6179112">
        <ele>634.0</ele>
      </trkpt>
      <trkpt lat="24.9668385" lon="121.6179006">
        <ele>634.0</ele>
      </trkpt>
      <trkpt lat="24.9668262" lon="121.6178971">
        <ele>634.0</ele>
      </trkpt>
      <trkpt lat="24.9667978" lon="121.6178815">
        <ele>635.0</ele>
      </trkpt>
      <trkpt lat="24.966725" lon="121.6178619">
        <ele>636.0</ele>
      </trkpt>
      <trkpt lat="24.9666851" lon="121.6178578">
        <ele>637.0</ele>
      </trkpt>
      <trkpt lat="24.9666519" lon="121.6178626">
        <ele>637.0</ele>
      </trkpt>
      <trkpt lat="24.9666407" lon="121.6178611">
        <ele>636.0</ele>
      </trkpt>
      <trkpt lat="24.9666271" lon="121.6178453">
        <ele>635.0</ele>
      </trkpt>
      <trkpt lat="24.9666013" lon="121.6178576">
        <ele>634.0</ele>
      </trkpt>
      <trkpt lat="24.9665785" lon="121.6178849">
        <ele>634.0</ele>
      </trkpt>
      <trkpt lat="24.9665526" lon="121.6178914">
        <ele>633.0</ele>
      </trkpt>
      <trkpt lat="24.966519" lon="121.6178766">
        <ele>631.0</ele>
      </trkpt>
      <trkpt lat="24.9665303" lon="121.6178682">
        <ele>631.0</ele>
      </trkpt>
      <trkpt lat="24.9665563" lon="121.6178374">
        <ele>631.0</ele>
      </trkpt>
      <trkpt lat="24.9665538" lon="121.6178228">
        <ele>631.0</ele>
      </trkpt>
      <trkpt lat="24.9665584" lon="121.617808">
        <ele>631.0</ele>
      </trkpt>
      <trkpt lat="24.9665975" lon="121.6177867">
        <ele>632.0</ele>
      </trkpt>
      <trkpt lat="24.9666089" lon="121.6177593">
        <ele>631.0</ele>
      </trkpt>
      <trkpt lat="24.9666239" lon="121.6177457">
        <ele>632.0</ele>
      </trkpt>
      <trkpt lat="24.9666294" lon="121.6177231">
        <ele>631.0</ele>
      </trkpt>
      <trkpt lat="24.9666644" lon="121.6177111">
        <ele>632.0</ele>
      </trkpt>
      <trkpt lat="24.9666952" lon="121.6176954">
        <ele>632.0</ele>
      </trkpt>
      <trkpt lat="24.9667122" lon="121.6176779">
        <ele>631.0</ele>
      </trkpt>
      <trkpt lat="24.9667373" lon="121.6176358">
        <ele>629.0</ele>
      </trkpt>
      <trkpt lat="24.9667279" lon="121.6176201">
        <ele>629.0</ele>
      </trkpt>
      <trkpt lat="24.9667253" lon="121.6175946">
        <ele>628.0</ele>
      </trkpt>
      <trkpt lat="24.9667334" lon="121.6175878">
        <ele>628.0</ele>
      </trkpt>
      <trkpt lat="24.9667416" lon="121.6175524">
        <ele>626.0</ele>
      </trkpt>
      <trkpt lat="24.9667454" lon="121.6175496">
        <ele>626.0</ele>
      </trkpt>
      <trkpt lat="24.9667847" lon="121.6175432">
        <ele>625.0</ele>
      </trkpt>
      <trkpt lat="24.9668" lon="121.6175457">
        <ele>625.0</ele>
      </trkpt>
      <trkpt lat="24.9668094" lon="121.6175511">
        <ele>625.0</ele>
      </trkpt>
      <trkpt lat="24.9668752" lon="121.6175137">
        <ele>623.0</ele>
      </trkpt>
      <trkpt lat="24.9669216" lon="121.6175005">
        <ele>622.0</ele>
      </trkpt>
      <trkpt lat="24.9669276" lon="121.6175026">
        <ele>622.0</ele>
      </trkpt>
      <trkpt lat="24.9669642" lon="121.6174948">
        <ele>621.0</ele>
      </trkpt>
      <trkpt lat="24.9669702" lon="121.6174909">
        <ele>621.0</ele>
      </trkpt>
      <trkpt lat="24.9669798" lon="121.6174913">
        <ele>621.0</ele>
      </trkpt>
      <trkpt lat="24.9670245" lon="121.6174678">
        <ele>619.0</ele>
      </trkpt>
      <trkpt lat="24.9670591" lon="121.6174588">
        <ele>619.0</ele>
      </trkpt>
      <trkpt lat="24.9670922" lon="121.6174627">
        <ele>618.0</ele>
      </trkpt>
      <trkpt lat="24.9671005" lon="121.6174542">
        <ele>618.0</ele>
      </trkpt>
      <trkpt lat="24.9671117" lon="121.6174566">
        <ele>618.0</ele>
      </trkpt>
      <trkpt lat="24.9671549" lon="121.6174476">
        <ele>617.0</ele>
      </trkpt>
      <trkpt lat="24.9671671" lon="121.6174484">
        <ele>617.0</ele>
      </trkpt>
      <trkpt lat="24.9671551" lon="121.6174436">
        <ele>617.0</ele>
      </trkpt>
      <trkpt lat="24.9671529" lon="121.6174205">
        <ele>616.0</ele>
      </trkpt>
      <trkpt lat="24.9671586" lon="121.617414">
        <ele>616.0</ele>
      </trkpt>
      <trkpt lat="24.9672171" lon="121.617388">
        <ele>614.0</ele>
      </trkpt>
      <trkpt lat="24.9672347" lon="121.6173686">
        <ele>614.0</ele>
      </trkpt>
      <trkpt lat="24.9672429" lon="121.6173304">
        <ele>613.0</ele>
      </trkpt>
      <trkpt lat="24.9672702" lon="121.6172849">
        <ele>611.0</ele>
      </trkpt>
      <trkpt lat="24.9672778" lon="121.6172829">
        <ele>611.0</ele>
      </trkpt>
      <trkpt lat="24.967303" lon="121.6172508">
        <ele>610.0</ele>
      </trkpt>
      <trkpt lat="24.9672945" lon="121.6172273">
        <ele>610.0</ele>
      </trkpt>
      <trkpt lat="24.9672918" lon="121.6171731">
        <ele>608.0</ele>
      </trkpt>
      <trkpt lat="24.9673294" lon="121.6171339">
        <ele>607.0</ele>
      </trkpt>
      <trkpt lat="24.9673333" lon="121.6170941">
        <ele>606.0</ele>
      </trkpt>
      <trkpt lat="24.9673541" lon="121.6170308">
        <ele>605.0</ele>
      </trkpt>
      <trkpt lat="24.9673594" lon="121.6169874">
        <ele>604.0</ele>
      </trkpt>
      <trkpt lat="24.9673741" lon="121.6169703">
        <ele>603.0</ele>
      </trkpt>
      <trkpt lat="24.967394" lon="121.616888">
        <ele>601.0</ele>
      </trkpt>
      <trkpt lat="24.9673977" lon="121.6168226">
        <ele>600.0</ele>
      </trkpt>
      <trkpt lat="24.9673708" lon="121.6167818">
        <ele>599.0</ele>
      </trkpt>
      <trkpt lat="24.9673561" lon="121.6167768">
        <ele>599.0</ele>
      </trkpt>
      <trkpt lat="24.9673373" lon="121.6167622">
        <ele>598.0</ele>
      </trkpt>
      <trkpt lat="24.9673217" lon="121.616735">
        <ele>598.0</ele>
      </trkpt>
      <trkpt lat="24.9673124" lon="121.6167068">
        <ele>597.0</ele>
      </trkpt>
      <trkpt lat="24.9673208" lon="121.6167056">
        <ele>597.0</ele>
      </trkpt>
      <trkpt lat="24.9673004" lon="121.6166859">
        <ele>597.0</ele>
      </trkpt>
      <trkpt lat="24.967292" lon="121.6166866">
        <ele>596.0</ele>
      </trkpt>
      <trkpt lat="24.9672724" lon="121.6166778">
        <ele>596.0</ele>
      </trkpt>
      <trkpt lat="24.9672603" lon="121.6166584">
        <ele>596.0</ele>
      </trkpt>
      <trkpt lat="24.9672544" lon="121.6166554">
        <ele>596.0</ele>
      </trkpt>
      <trkpt lat="24.9672254" lon="121.6166228">
        <ele>595.0</ele>
      </trkpt>
      <trkpt lat="24.9672154" lon="121.616607">
        <ele>595.0</ele>
      </trkpt>
      <trkpt lat="24.9672051" lon="121.6166057">
        <ele>595.0</ele>
      </trkpt>
      <trkpt lat="24.9671932" lon="121.6165974">
        <ele>595.0</ele>
      </trkpt>
      <trkpt lat="24.9671957" lon="121.6165883">
        <ele>595.0</ele>
      </trkpt>
      <trkpt lat="24.9671743" lon="121.6165681">
        <ele>594.0</ele>
      </trkpt>
      <trkpt lat="24.9671389" lon="121.6165587">
        <ele>594.0</ele>
      </trkpt>
      <trkpt lat="24.9671473" lon="121.6165507">
        <ele>594.0</ele>
      </trkpt>
      <trkpt lat="24.9671456" lon="121.6165455">
        <ele>594.0</ele>
      </trkpt>
      <trkpt lat="24.9671242" lon="121.6165181">
        <ele>594.0</ele>
      </trkpt>
      <trkpt lat="24.9670949" lon="121.6164972">
        <ele>594.0</ele>
      </trkpt>
      <trkpt lat="24.9670523" lon="121.6164404">
        <ele>594.0</ele>
      </trkpt>
      <trkpt lat="24.9670084" lon="121.6163961">
        <ele>594.0</ele>
      </trkpt>
      <trkpt lat="24.9670027" lon="121.6163482">
        <ele>594.0</ele>
      </trkpt>
      <trkpt lat="24.9670202" lon="121.6162985">
        <ele>593.0</ele>
      </trkpt>
      <trkpt lat="24.967008" lon="121.6162225">
        <ele>593.0</ele>
      </trkpt>
      <trkpt lat="24.9669952" lon="121.6161804">
        <ele>593.0</ele>
      </trkpt>
      <trkpt lat="24.9669928" lon="121.6161328">
        <ele>593.0</ele>
      </trkpt>
      <trkpt lat="24.9669464" lon="121.6160741">
        <ele>594.0</ele>
      </trkpt>
      <trkpt lat="24.9669222" lon="121.6160158">
        <ele>594.0</ele>
      </trkpt>
      <trkpt lat="24.9668897" lon="121.6159796">
        <ele>595.0</ele>
      </trkpt>
      <trkpt lat="24.9668867" lon="121.6159706">
        <ele>595.0</ele>
      </trkpt>
      <trkpt lat="24.9668253" lon="121.6158762">
        <ele>597.0</ele>
      </trkpt>
      <trkpt lat="24.9667829" lon="121.6157998">
        <ele>599.0</ele>
      </trkpt>
      <trkpt lat="24.9667516" lon="121.6157556">
        <ele>600.0</ele>
      </trkpt>
      <trkpt lat="24.9667138" lon="121.6157129">
        <ele>601.0</ele>
      </trkpt>
      <trkpt lat="24.9666468" lon="121.615678">
        <ele>603.0</ele>
      </trkpt>
      <trkpt lat="24.966604" lon="121.6156129">
        <ele>603.0</ele>
      </trkpt>
      <trkpt lat="24.9665591" lon="121.6155423">
        <ele>602.0</ele>
      </trkpt>
      <trkpt lat="24.9665465" lon="121.6154966">
        <ele>602.0</ele>
      </trkpt>
      <trkpt lat="24.9665576" lon="121.6154697">
        <ele>602.0</ele>
      </trkpt>
      <trkpt lat="24.9665571" lon="121.6154633">
        <ele>603.0</ele>
      </trkpt>
      <trkpt lat="24.9665427" lon="121.6154441">
        <ele>602.0</ele>
      </trkpt>
      <trkpt lat="24.966538" lon="121.615421">
        <ele>603.0</ele>
      </trkpt>
      <trkpt lat="24.9664871" lon="121.6153972">
        <ele>602.0</ele>
      </trkpt>
      <trkpt lat="24.9664416" lon="121.61539">
        <ele>602.0</ele>
      </trkpt>
      <trkpt lat="24.9663979" lon="121.6153487">
        <ele>602.0</ele>
      </trkpt>
      <trkpt lat="24.9663987" lon="121.6153363">
        <ele>602.0</ele>
      </trkpt>
      <trkpt lat="24.9663536" lon="121.6152982">
        <ele>603.0</ele>
      </trkpt>
      <trkpt lat="24.9663225" lon="121.6152832">
        <ele>603.0</ele>
      </trkpt>
      <trkpt lat="24.9662903" lon="121.615281">
        <ele>603.0</ele>
      </trkpt>
      <trkpt lat="24.9662465" lon="121.615249">
        <ele>603.0</ele>
      </trkpt>
      <trkpt lat="24.9662121" lon="121.6152409">
        <ele>603.0</ele>
      </trkpt>
      <trkpt lat="24.9661417" lon="121.6152083">
        <ele>603.0</ele>
      </trkpt>
      <trkpt lat="24.9661307" lon="121.6152002">
        <ele>603.0</ele>
      </trkpt>
      <trkpt lat="24.9661071" lon="121.6151731">
        <ele>604.0</ele>
      </trkpt>
      <trkpt lat="24.9660897" lon="121.6151615">
        <ele>604.0</ele>
      </trkpt>
      <trkpt lat="24.9660401" lon="121.6151378">
        <ele>604.0</ele>
      </trkpt>
      <trkpt lat="24.9660437" lon="121.6150967">
        <ele>605.0</ele>
      </trkpt>
      <trkpt lat="24.9660158" lon="121.6150921">
        <ele>605.0</ele>
      </trkpt>
      <trkpt lat="24.966006" lon="121.6150853">
        <ele>605.0</ele>
      </trkpt>
      <trkpt lat="24.9659923" lon="121.6150651">
        <ele>605.0</ele>
      </trkpt>
      <trkpt lat="24.965972" lon="121.6150465">
        <ele>606.0</ele>
      </trkpt>
      <trkpt lat="24.9659665" lon="121.6150304">
        <ele>606.0</ele>
      </trkpt>
      <trkpt lat="24.965961" lon="121.6150283">
        <ele>606.0</ele>
      </trkpt>
      <trkpt lat="24.9659504" lon="121.6149999">
        <ele>606.0</ele>
      </trkpt>
      <trkpt lat="24.965948" lon="121.6149651">
        <ele>606.0</ele>
      </trkpt>
      <trkpt lat="24.9659122" lon="121.6149216">
        <ele>605.0</ele>
      </trkpt>
      <trkpt lat="24.9659102" lon="121.6148691">
        <ele>603.0</ele>
      </trkpt>
      <trkpt lat="24.965884" lon="121.6148409">
        <ele>603.0</ele>
      </trkpt>
      <trkpt lat="24.9658932" lon="121.6148007">
        <ele>602.0</ele>
      </trkpt>
      <trkpt lat="24.9658919" lon="121.6147807">
        <ele>601.0</ele>
      </trkpt>
      <trkpt lat="24.9658692" lon="121.6147291">
        <ele>600.0</ele>
      </trkpt>
      <trkpt lat="24.9658521" lon="121.6147238">
        <ele>600.0</ele>
      </trkpt>
      <trkpt lat="24.9658465" lon="121.6146835">
        <ele>599.0</ele>
      </trkpt>
      <trkpt lat="24.9659084" lon="121.6146579">
        <ele>598.0</ele>
      </trkpt>
      <trkpt lat="24.9659255" lon="121.6146609">
        <ele>598.0</ele>
      </trkpt>
      <trkpt lat="24.9659272" lon="121.6146647">
        <ele>598.0</ele>
      </trkpt>
      <trkpt lat="24.9659215" lon="121.6146482">
        <ele>598.0</ele>
      </trkpt>
      <trkpt lat="24.965929" lon="121.6146367">
        <ele>597.0</ele>
      </trkpt>
      <trkpt lat="24.9659712" lon="121.6146263">
        <ele>597.0</ele>
      </trkpt>
      <trkpt lat="24.9659871" lon="121.6146061">
        <ele>596.0</ele>
      </trkpt>
      <trkpt lat="24.9659931" lon="121.6145756">
        <ele>595.0</ele>
      </trkpt>
      <trkpt lat="24.9660202" lon="121.6145649">
        <ele>595.0</ele>
      </trkpt>
      <trkpt lat="24.9660183" lon="121.6145667">
        <ele>595.0</ele>
      </trkpt>
      <trkpt lat="24.9660364" lon="121.6145523">
        <ele>594.0</ele>
      </trkpt>
      <trkpt lat="24.966072" lon="121.6145034">
        <ele>593.0</ele>
      </trkpt>
      <trkpt lat="24.9661288" lon="121.6144711">
        <ele>592.0</ele>
      </trkpt>
      <trkpt lat="24.9661195" lon="121.6144644">
        <ele>592.0</ele>
      </trkpt>
      <trkpt lat="24.9661227" lon="121.6144496">
        <ele>591.0</ele>
      </trkpt>
      <trkpt lat="24.9661351" lon="121.6144481">
        <ele>591.0</ele>
      </trkpt>
      <trkpt lat="24.9661481" lon="121.6144192">
        <ele>590.0</ele>
      </trkpt>
      <trkpt lat="24.9661864" lon="121.6143806">
        <ele>589.0</ele>
      </trkpt>
      <trkpt lat="24.9662076" lon="121.6143716">
        <ele>589.0</ele>
      </trkpt>
      <trkpt lat="24.9662474" lon="121.6143637">
        <ele>588.0</ele>
      </trkpt>
      <trkpt lat="24.9663232" lon="121.6143643">
        <ele>588.0</ele>
      </trkpt>
      <trkpt lat="24.9663629" lon="121.6143347">
        <ele>587.0</ele>
      </trkpt>
      <trkpt lat="24.9664178" lon="121.6143079">
        <ele>586.0</ele>
      </trkpt>
      <trkpt lat="24.9664334" lon="121.614322">
        <ele>586.0</ele>
      </trkpt>
      <trkpt lat="24.9664157" lon="121.6143105">
        <ele>586.0</ele>
      </trkpt>
      <trkpt lat="24.9664119" lon="121.614293">
        <ele>585.0</ele>
      </trkpt>
      <trkpt lat="24.9664222" lon="121.614274">
        <ele>585.0</ele>
      </trkpt>
      <trkpt lat="24.966424" lon="121.6142794">
        <ele>585.0</ele>
      </trkpt>
      <trkpt lat="24.9664318" lon="121.6142326">
        <ele>583.0</ele>
      </trkpt>
      <trkpt lat="24.9664243" lon="121.614221">
        <ele>583.0</ele>
      </trkpt>
      <trkpt lat="24.966418" lon="121.614178">
        <ele>582.0</ele>
      </trkpt>
      <trkpt lat="24.9664188" lon="121.614161">
        <ele>582.0</ele>
      </trkpt>
      <trkpt lat="24.9664284" lon="121.6141454">
        <ele>581.0</ele>
      </trkpt>
      <trkpt lat="24.9664296" lon="121.6141306">
        <ele>581.0</ele>
      </trkpt>
      <trkpt lat="24.96642" lon="121.614103">
        <ele>580.0</ele>
      </trkpt>
      <trkpt lat="24.9664343" lon="121.614073">
        <ele>580.0</ele>
      </trkpt>
      <trkpt lat="24.9664003" lon="121.6140158">
        <ele>579.0</ele>
      </trkpt>
      <trkpt lat="24.9664016" lon="121.6140043">
        <ele>578.0</ele>
      </trkpt>
      <trkpt lat="24.966394" lon="121.6139827">
        <ele>578.0</ele>
      </trkpt>
      <trkpt lat="24.966398" lon="121.6139778">
        <ele>578.0</ele>
      </trkpt>
      <trkpt lat="24.9663988" lon="121.6139691">
        <ele>578.0</ele>
      </trkpt>
      <trkpt lat="24.9663816" lon="121.6139587">
        <ele>578.0</ele>
      </trkpt>
      <trkpt lat="24.9663862" lon="121.6139591">
        <ele>578.0</ele>
      </trkpt>
      <trkpt lat="24.9663838" lon="121.6139431">
        <ele>577.0</ele>
      </trkpt>
      <trkpt lat="24.9663851" lon="121.6138985">
        <ele>576.0</ele>
      </trkpt>
      <trkpt lat="24.9663794" lon="121.6138727">
        <ele>576.0</ele>
      </trkpt>
      <trkpt lat="24.9663688" lon="121.6138448">
        <ele>576.0</ele>
      </trkpt>
      <trkpt lat="24.9663769" lon="121.6137924">
        <ele>574.0</ele>
      </trkpt>
      <trkpt lat="24.96636" lon="121.6137323">
        <ele>573.0</ele>
      </trkpt>
      <trkpt lat="24.9663199" lon="121.6136722">
        <ele>573.0</ele>
      </trkpt>
      <trkpt lat="24.9663188" lon="121.6136455">
        <ele>572.0</ele>
      </trkpt>
      <trkpt lat="24.9663118" lon="121.6136311">
        <ele>572.0</ele>
      </trkpt>
      <trkpt lat="24.9663118" lon="121.613614">
        <ele>572.0</ele>
      </trkpt>
      <trkpt lat="24.9662906" lon="121.6135948">
        <ele>572.0</ele>
      </trkpt>
      <trkpt lat="24.9662876" lon="121.6135824">
        <ele>572.0</ele>
      </trkpt>
      <trkpt lat="24.9662917" lon="121.6135805">
        <ele>572.0</ele>
      </trkpt>
      <trkpt lat="24.9662895" lon="121.6135769">
        <ele>572.0</ele>
      </trkpt>
      <trkpt lat="24.9662824" lon="121.6135883">
        <ele>572.0</ele>
      </trkpt>
      <trkpt lat="24.9662799" lon="121.6135794">
        <ele>572.0</ele>
      </trkpt>
      <trkpt lat="24.9663064" lon="121.6135078">
        <ele>570.0</ele>
      </trkpt>
      <trkpt lat="24.9663087" lon="121.6134753">
        <ele>569.0</ele>
      </trkpt>
      <trkpt lat="24.966296" lon="121.6134393">
        <ele>569.0</ele>
      </trkpt>
      <trkpt lat="24.9662797" lon="121.6134065">
        <ele>569.0</ele>
      </trkpt>
      <trkpt lat="24.9662368" lon="121.6133574">
        <ele>569.0</ele>
      </trkpt>
      <trkpt lat="24.9662135" lon="121.6133439">
        <ele>569.0</ele>
      </trkpt>
      <trkpt lat="24.9662003" lon="121.6133142">
        <ele>569.0</ele>
      </trkpt>
      <trkpt lat="24.9661826" lon="121.6132857">
        <ele>569.0</ele>
      </trkpt>
      <trkpt lat="24.9661865" lon="121.613254">
        <ele>568.0</ele>
      </trkpt>
      <trkpt lat="24.9661747" lon="121.6132441">
        <ele>569.0</ele>
      </trkpt>
      <trkpt lat="24.9661634" lon="121.6132103">
        <ele>568.0</ele>
      </trkpt>
      <trkpt lat="24.9661422" lon="121.6131749">
        <ele>568.0</ele>
      </trkpt>
      <trkpt lat="24.9661352" lon="121.6131061">
        <ele>568.0</ele>
      </trkpt>
      <trkpt lat="24.966122" lon="121.6130517">
        <ele>567.0</ele>
      </trkpt>
      <trkpt lat="24.9661236" lon="121.6130361">
        <ele>567.0</ele>
      </trkpt>
      <trkpt lat="24.9660946" lon="121.6129646">
        <ele>567.0</ele>
      </trkpt>
      <trkpt lat="24.9660743" lon="121.6129309">
        <ele>567.0</ele>
      </trkpt>
      <trkpt lat="24.9660693" lon="121.6129143">
        <ele>567.0</ele>
      </trkpt>
      <trkpt lat="24.9660752" lon="121.6128964">
        <ele>567.0</ele>
      </trkpt>
      <trkpt lat="24.9660637" lon="121.6128764">
        <ele>567.0</ele>
      </trkpt>
      <trkpt lat="24.9660748" lon="121.6128252">
        <ele>566.0</ele>
      </trkpt>
      <trkpt lat="24.9660747" lon="121.6128048">
        <ele>566.0</ele>
      </trkpt>
      <trkpt lat="24.9660478" lon="121.61279">
        <ele>567.0</ele>
      </trkpt>
      <trkpt lat="24.96603" lon="121.6127755">
        <ele>567.0</ele>
      </trkpt>
      <trkpt lat="24.9659995" lon="121.6127622">
        <ele>568.0</ele>
      </trkpt>
      <trkpt lat="24.9659991" lon="121.6127386">
        <ele>568.0</ele>
      </trkpt>
      <trkpt lat="24.9659926" lon="121.6127319">
        <ele>568.0</ele>
      </trkpt>
      <trkpt lat="24.965954" lon="121.6127102">
        <ele>569.0</ele>
      </trkpt>
      <trkpt lat="24.9659516" lon="121.6127116">
        <ele>569.0</ele>
      </trkpt>
      <trkpt lat="24.9659729" lon="121.6127201">
        <ele>569.0</ele>
      </trkpt>
      <trkpt lat="24.9659849" lon="121.6127111">
        <ele>568.0</ele>
      </trkpt>
      <trkpt lat="24.9659668" lon="121.6126918">
        <ele>568.0</ele>
      </trkpt>
      <trkpt lat="24.9659807" lon="121.6126906">
        <ele>568.0</ele>
      </trkpt>
      <trkpt lat="24.965973" lon="121.6127032">
        <ele>568.0</ele>
      </trkpt>
      <trkpt lat="24.9659641" lon="121.6127073">
        <ele>569.0</ele>
      </trkpt>
      <trkpt lat="24.9659272" lon="121.6127079">
        <ele>570.0</ele>
      </trkpt>
      <trkpt lat="24.9659147" lon="121.612701">
        <ele>570.0</ele>
      </trkpt>
      <trkpt lat="24.9659111" lon="121.6126911">
        <ele>571.0</ele>
      </trkpt>
      <trkpt lat="24.9658983" lon="121.612688">
        <ele>571.0</ele>
      </trkpt>
      <trkpt lat="24.9658828" lon="121.6126712">
        <ele>571.0</ele>
      </trkpt>
      <trkpt lat="24.9658761" lon="121.6126688">
        <ele>572.0</ele>
      </trkpt>
      <trkpt lat="24.9658609" lon="121.6126701">
        <ele>572.0</ele>
      </trkpt>
      <trkpt lat="24.9658502" lon="121.6126663">
        <ele>573.0</ele>
      </trkpt>
      <trkpt lat="24.9658485" lon="121.6126499">
        <ele>573.0</ele>
      </trkpt>
      <trkpt lat="24.9658536" lon="121.6126384">
        <ele>572.0</ele>
      </trkpt>
      <trkpt lat="24.965841" lon="121.6126249">
        <ele>573.0</ele>
      </trkpt>
      <trkpt lat="24.9658319" lon="121.612621">
        <ele>573.0</ele>
      </trkpt>
      <trkpt lat="24.96582" lon="121.6125931">
        <ele>573.0</ele>
      </trkpt>
      <trkpt lat="24.9658227" lon="121.6125701">
        <ele>572.0</ele>
      </trkpt>
      <trkpt lat="24.9657961" lon="121.6125262">
        <ele>572.0</ele>
      </trkpt>
      <trkpt lat="24.9657967" lon="121.6125095">
        <ele>572.0</ele>
      </trkpt>
      <trkpt lat="24.9657785" lon="121.6125143">
        <ele>572.0</ele>
      </trkpt>
      <trkpt lat="24.9657766" lon="121.6125187">
        <ele>572.0</ele>
      </trkpt>
      <trkpt lat="24.9657259" lon="121.6124688">
        <ele>571.0</ele>
      </trkpt>
      <trkpt lat="24.9657155" lon="121.6124625">
        <ele>571.0</ele>
      </trkpt>
      <trkpt lat="24.9656862" lon="121.6124548">
        <ele>570.0</ele>
      </trkpt>
      <trkpt lat="24.9656686" lon="121.6124305">
        <ele>570.0</ele>
      </trkpt>
      <trkpt lat="24.9656129" lon="121.6124005">
        <ele>569.0</ele>
      </trkpt>
      <trkpt lat="24.9655974" lon="121.6123888">
        <ele>569.0</ele>
      </trkpt>
      <trkpt lat="24.9655408" lon="121.6123301">
        <ele>569.0</ele>
      </trkpt>
      <trkpt lat="24.96552" lon="121.6123131">
        <ele>568.0</ele>
      </trkpt>
      <trkpt lat="24.9655173" lon="121.6122903">
        <ele>568.0</ele>
      </trkpt>
      <trkpt lat="24.9655206" lon="121.6122829">
        <ele>568.0</ele>
      </trkpt>
      <trkpt lat="24.96552" lon="121.6122462">
        <ele>568.0</ele>
      </trkpt>
      <trkpt lat="24.9655147" lon="121.6122235">
        <ele>568.0</ele>
      </trkpt>
      <trkpt lat="24.9655007" lon="121.6122095">
        <ele>568.0</ele>
      </trkpt>
      <trkpt lat="24.9654934" lon="121.6121926">
        <ele>568.0</ele>
      </trkpt>
      <trkpt lat="24.9654868" lon="121.6121465">
        <ele>567.0</ele>
      </trkpt>
      <trkpt lat="24.9654926" lon="121.6121238">
        <ele>567.0</ele>
      </trkpt>
      <trkpt lat="24.965475" lon="121.6120893">
        <ele>567.0</ele>
      </trkpt>
      <trkpt lat="24.9654136" lon="121.6120323">
        <ele>567.0</ele>
      </trkpt>
      <trkpt lat="24.9653467" lon="121.6119954">
        <ele>567.0</ele>
      </trkpt>
      <trkpt lat="24.9653253" lon="121.6119656">
        <ele>567.0</ele>
      </trkpt>
      <trkpt lat="24.9653056" lon="121.6118773">
        <ele>567.0</ele>
      </trkpt>
      <trkpt lat="24.9653217" lon="121.6118657">
        <ele>567.0</ele>
      </trkpt>
      <trkpt lat="24.9653077" lon="121.6118482">
        <ele>567.0</ele>
      </trkpt>
      <trkpt lat="24.9653013" lon="121.6118457">
        <ele>567.0</ele>
      </trkpt>
      <trkpt lat="24.9652988" lon="121.6117962">
        <ele>567.0</ele>
      </trkpt>
      <trkpt lat="24.9652952" lon="121.6117848">
        <ele>567.0</ele>
      </trkpt>
      <trkpt lat="24.9652953" lon="121.6117512">
        <ele>567.0</ele>
      </trkpt>
      <trkpt lat="24.9653058" lon="121.6117355">
        <ele>567.0</ele>
      </trkpt>
      <trkpt lat="24.965306" lon="121.6116898">
        <ele>567.0</ele>
      </trkpt>
      <trkpt lat="24.96534" lon="121.6116586">
        <ele>567.0</ele>
      </trkpt>
      <trkpt lat="24.9653629" lon="121.6116124">
        <ele>565.0</ele>
      </trkpt>
      <trkpt lat="24.9653401" lon="121.6116021">
        <ele>565.0</ele>
      </trkpt>
      <trkpt lat="24.9653393" lon="121.6115975">
        <ele>565.0</ele>
      </trkpt>
      <trkpt lat="24.9653709" lon="121.6115813">
        <ele>564.0</ele>
      </trkpt>
      <trkpt lat="24.9653536" lon="121.6115789">
        <ele>564.0</ele>
      </trkpt>
      <trkpt lat="24.9653559" lon="121.6115738">
        <ele>564.0</ele>
      </trkpt>
      <trkpt lat="24.9653539" lon="121.6115757">
        <ele>564.0</ele>
      </trkpt>
      <trkpt lat="24.965334" lon="121.6115679">
        <ele>564.0</ele>
      </trkpt>
      <trkpt lat="24.9653416" lon="121.6115411">
        <ele>563.0</ele>
      </trkpt>
      <trkpt lat="24.9653304" lon="121.6115311">
        <ele>563.0</ele>
      </trkpt>
      <trkpt lat="24.9653108" lon="121.611504">
        <ele>562.0</ele>
      </trkpt>
      <trkpt lat="24.9653132" lon="121.6114867">
        <ele>561.0</ele>
      </trkpt>
      <trkpt lat="24.9652968" lon="121.6114659">
        <ele>561.0</ele>
      </trkpt>
      <trkpt lat="24.9653108" lon="121.6114732">
        <ele>561.0</ele>
      </trkpt>
      <trkpt lat="24.9652934" lon="121.6114619">
        <ele>561.0</ele>
      </trkpt>
      <trkpt lat="24.9652997" lon="121.6114373">
        <ele>560.0</ele>
      </trkpt>
      <trkpt lat="24.965293" lon="121.6114022">
        <ele>559.0</ele>
      </trkpt>
      <trkpt lat="24.9653046" lon="121.6113468">
        <ele>557.0</ele>
      </trkpt>
      <trkpt lat="24.9652999" lon="121.6112543">
        <ele>554.0</ele>
      </trkpt>
      <trkpt lat="24.965293" lon="121.6112485">
        <ele>554.0</ele>
      </trkpt>
      <trkpt lat="24.9652835" lon="121.6112297">
        <ele>553.0</ele>
      </trkpt>
      <trkpt lat="24.9652849" lon="121.6112231">
        <ele>553.0</ele>
      </trkpt>
      <trkpt lat="24.9652764" lon="121.6112063">
        <ele>553.0</ele>
      </trkpt>
      <trkpt lat="24.9652931" lon="121.6111868">
        <ele>552.0</ele>
      </trkpt>
      <trkpt lat="24.9652761" lon="121.6111821">
        <ele>552.0</ele>
      </trkpt>
      <trkpt lat="24.9652636" lon="121.6111737">
        <ele>552.0</ele>
      </trkpt>
      <trkpt lat="24.9652557" lon="121.6111559">
        <ele>552.0</ele>
      </trkpt>
      <trkpt lat="24.9652366" lon="121.6111331">
        <ele>551.0</ele>
      </trkpt>
      <trkpt lat="24.9652497" lon="121.6110862">
        <ele>549.0</ele>
      </trkpt>
      <trkpt lat="24.9652578" lon="121.6110844">
        <ele>549.0</ele>
      </trkpt>
      <trkpt lat="24.965244" lon="121.6110608">
        <ele>549.0</ele>
      </trkpt>
      <trkpt lat="24.9652362" lon="121.6110339">
        <ele>548.0</ele>
      </trkpt>
      <trkpt lat="24.9652018" lon="121.6110155">
        <ele>548.0</ele>
      </trkpt>
      <trkpt lat="24.9651958" lon="121.6109902">
        <ele>548.0</ele>
      </trkpt>
      <trkpt lat="24.9651971" lon="121.6109749">
        <ele>547.0</ele>
      </trkpt>
      <trkpt lat="24.9651848" lon="121.6109685">
        <ele>547.0</ele>
      </trkpt>
      <trkpt lat="24.9651832" lon="121.6109324">
        <ele>546.0</ele>
      </trkpt>
      <trkpt lat="24.9651213" lon="121.6108977">
        <ele>547.0</ele>
      </trkpt>
      <trkpt lat="24.9651241" lon="121.6108818">
        <ele>546.0</ele>
      </trkpt>
      <trkpt lat="24.9650953" lon="121.6107813">
        <ele>544.0</ele>
      </trkpt>
      <trkpt lat="24.9650601" lon="121.6107286">
        <ele>543.0</ele>
      </trkpt>
      <trkpt lat="24.9650542" lon="121.6107057">
        <ele>543.0</ele>
      </trkpt>
      <trkpt lat="24.9649504" lon="121.6105603">
        <ele>539.0</ele>
      </trkpt>
      <trkpt lat="24.9649506" lon="121.6105436">
        <ele>539.0</ele>
      </trkpt>
      <trkpt lat="24.9649159" lon="121.6105156">
        <ele>537.0</ele>
      </trkpt>
      <trkpt lat="24.9648964" lon="121.610495">
        <ele>536.0</ele>
      </trkpt>
      <trkpt lat="24.9648959" lon="121.6104191">
        <ele>534.0</ele>
      </trkpt>
      <trkpt lat="24.9648869" lon="121.6104057">
        <ele>534.0</ele>
      </trkpt>
      <trkpt lat="24.9648861" lon="121.610384">
        <ele>534.0</ele>
      </trkpt>
      <trkpt lat="24.9648672" lon="121.6103315">
        <ele>532.0</ele>
      </trkpt>
      <trkpt lat="24.9648508" lon="121.61031">
        <ele>532.0</ele>
      </trkpt>
      <trkpt lat="24.9647852" lon="121.6102752">
        <ele>530.0</ele>
      </trkpt>
      <trkpt lat="24.9647709" lon="121.6102488">
        <ele>530.0</ele>
      </trkpt>
      <trkpt lat="24.9647625" lon="121.6102429">
        <ele>530.0</ele>
      </trkpt>
      <trkpt lat="24.9647268" lon="121.6102019">
        <ele>529.0</ele>
      </trkpt>
      <trkpt lat="24.9647189" lon="121.6101884">
        <ele>529.0</ele>
      </trkpt>
      <trkpt lat="24.9647088" lon="121.6101797">
        <ele>529.0</ele>
      </trkpt>
      <trkpt lat="24.9647046" lon="121.6101682">
        <ele>529.0</ele>
      </trkpt>
      <trkpt lat="24.964684" lon="121.6101621">
        <ele>528.0</ele>
      </trkpt>
      <trkpt lat="24.9646451" lon="121.6101275">
        <ele>528.0</ele>
      </trkpt>
      <trkpt lat="24.9646348" lon="121.6101059">
        <ele>528.0</ele>
      </trkpt>
      <trkpt lat="24.9645994" lon="121.6100891">
        <ele>528.0</ele>
      </trkpt>
      <trkpt lat="24.9645902" lon="121.6100787">
        <ele>528.0</ele>
      </trkpt>
      <trkpt lat="24.9645701" lon="121.61003">
        <ele>528.0</ele>
      </trkpt>
      <trkpt lat="24.9645741" lon="121.6100226">
        <ele>528.0</ele>
      </trkpt>
      <trkpt lat="24.9645518" lon="121.6100075">
        <ele>528.0</ele>
      </trkpt>
      <trkpt lat="24.9645491" lon="121.6099927">
        <ele>528.0</ele>
      </trkpt>
      <trkpt lat="24.9645271" lon="121.6099666">
        <ele>528.0</ele>
      </trkpt>
      <trkpt lat="24.9645121" lon="121.6099605">
        <ele>528.0</ele>
      </trkpt>
      <trkpt lat="24.9644733" lon="121.6099211">
        <ele>528.0</ele>
      </trkpt>
      <trkpt lat="24.9644624" lon="121.6099021">
        <ele>528.0</ele>
      </trkpt>
      <trkpt lat="24.964459" lon="121.6098857">
        <ele>528.0</ele>
      </trkpt>
      <trkpt lat="24.9644341" lon="121.6098539">
        <ele>529.0</ele>
      </trkpt>
      <trkpt lat="24.964397" lon="121.6097897">
        <ele>529.0</ele>
      </trkpt>
      <trkpt lat="24.9643889" lon="121.6097383">
        <ele>529.0</ele>
      </trkpt>
      <trkpt lat="24.9643801" lon="121.6097174">
        <ele>530.0</ele>
      </trkpt>
      <trkpt lat="24.9643875" lon="121.6097084">
        <ele>529.0</ele>
      </trkpt>
      <trkpt lat="24.964391" lon="121.6097084">
        <ele>529.0</ele>
      </trkpt>
      <trkpt lat="24.9643824" lon="121.6096887">
        <ele>530.0</ele>
      </trkpt>
      <trkpt lat="24.9643618" lon="121.6096618">
        <ele>530.0</ele>
      </trkpt>
      <trkpt lat="24.9643302" lon="121.6096365">
        <ele>531.0</ele>
      </trkpt>
      <trkpt lat="24.9642751" lon="121.6096006">
        <ele>533.0</ele>
      </trkpt>
      <trkpt lat="24.9642773" lon="121.6095795">
        <ele>533.0</ele>
      </trkpt>
      <trkpt lat="24.9642516" lon="121.609559">
        <ele>534.0</ele>
      </trkpt>
      <trkpt lat="24.9642558" lon="121.6095453">
        <ele>534.0</ele>
      </trkpt>
      <trkpt lat="24.9642512" lon="121.6095138">
        <ele>534.0</ele>
      </trkpt>
      <trkpt lat="24.9642289" lon="121.6094965">
        <ele>535.0</ele>
      </trkpt>
      <trkpt lat="24.9642251" lon="121.6095094">
        <ele>535.0</ele>
      </trkpt>
      <trkpt lat="24.9642199" lon="121.6095114">
        <ele>535.0</ele>
      </trkpt>
      <trkpt lat="24.9642153" lon="121.6095089">
        <ele>535.0</ele>
      </trkpt>
      <trkpt lat="24.9642085" lon="121.6095131">
        <ele>535.0</ele>
      </trkpt>
      <trkpt lat="24.9641729" lon="121.6095185">
        <ele>537.0</ele>
      </trkpt>
      <trkpt lat="24.9641655" lon="121.6095157">
        <ele>537.0</ele>
      </trkpt>
      <trkpt lat="24.9641489" lon="121.6094885">
        <ele>537.0</ele>
      </trkpt>
      <trkpt lat="24.9641185" lon="121.6094798">
        <ele>536.0</ele>
      </trkpt>
      <trkpt lat="24.9641204" lon="121.6094636">
        <ele>537.0</ele>
      </trkpt>
      <trkpt lat="24.964106" lon="121.6094373">
        <ele>537.0</ele>
      </trkpt>
      <trkpt lat="24.9640786" lon="121.6094211">
        <ele>537.0</ele>
      </trkpt>
      <trkpt lat="24.9640751" lon="121.6093793">
        <ele>537.0</ele>
      </trkpt>
      <trkpt lat="24.9640221" lon="121.6093368">
        <ele>537.0</ele>
      </trkpt>
      <trkpt lat="24.9639863" lon="121.6092799">
        <ele>537.0</ele>
      </trkpt>
      <trkpt lat="24.9639855" lon="121.6092629">
        <ele>538.0</ele>
      </trkpt>
      <trkpt lat="24.9639334" lon="121.6092304">
        <ele>537.0</ele>
      </trkpt>
      <trkpt lat="24.9639205" lon="121.6092268">
        <ele>537.0</ele>
      </trkpt>
      <trkpt lat="24.9639015" lon="121.6092052">
        <ele>537.0</ele>
      </trkpt>
      <trkpt lat="24.9638949" lon="121.609197">
        <ele>538.0</ele>
      </trkpt>
      <trkpt lat="24.9638826" lon="121.609167">
        <ele>538.0</ele>
      </trkpt>
      <trkpt lat="24.963848" lon="121.6091294">
        <ele>536.0</ele>
      </trkpt>
      <trkpt lat="24.963821" lon="121.6090891">
        <ele>535.0</ele>
      </trkpt>
      <trkpt lat="24.9638064" lon="121.6090797">
        <ele>535.0</ele>
      </trkpt>
      <trkpt lat="24.9637788" lon="121.6090514">
        <ele>534.0</ele>
      </trkpt>
      <trkpt lat="24.9637164" lon="121.609022">
        <ele>532.0</ele>
      </trkpt>
      <trkpt lat="24.9637044" lon="121.6090106">
        <ele>532.0</ele>
      </trkpt>
      <trkpt lat="24.9636984" lon="121.6090159">
        <ele>532.0</ele>
      </trkpt>
      <trkpt lat="24.9636927" lon="121.6090146">
        <ele>532.0</ele>
      </trkpt>
      <trkpt lat="24.9636284" lon="121.6089807">
        <ele>531.0</ele>
      </trkpt>
      <trkpt lat="24.9636293" lon="121.608953">
        <ele>530.0</ele>
      </trkpt>
      <trkpt lat="24.9635942" lon="121.6089206">
        <ele>529.0</ele>
      </trkpt>
      <trkpt lat="24.9635678" lon="121.6088887">
        <ele>529.0</ele>
      </trkpt>
      <trkpt lat="24.9635302" lon="121.608864">
        <ele>528.0</ele>
      </trkpt>
      <trkpt lat="24.9635297" lon="121.6088562">
        <ele>528.0</ele>
      </trkpt>
      <trkpt lat="24.9634995" lon="121.6088347">
        <ele>528.0</ele>
      </trkpt>
      <trkpt lat="24.9634859" lon="121.6088207">
        <ele>528.0</ele>
      </trkpt>
      <trkpt lat="24.9634817" lon="121.6088077">
        <ele>527.0</ele>
      </trkpt>
      <trkpt lat="24.9634634" lon="121.6087965">
        <ele>527.0</ele>
      </trkpt>
      <trkpt lat="24.9634635" lon="121.6087927">
        <ele>527.0</ele>
      </trkpt>
      <trkpt lat="24.9634495" lon="121.6087732">
        <ele>527.0</ele>
      </trkpt>
      <trkpt lat="24.9634263" lon="121.6087212">
        <ele>526.0</ele>
      </trkpt>
      <trkpt lat="24.963403" lon="121.6086845">
        <ele>526.0</ele>
      </trkpt>
      <trkpt lat="24.9634042" lon="121.6086475">
        <ele>525.0</ele>
      </trkpt>
      <trkpt lat="24.9634019" lon="121.6086386">
        <ele>525.0</ele>
      </trkpt>
      <trkpt lat="24.9633403" lon="121.6085573">
        <ele>525.0</ele>
      </trkpt>
      <trkpt lat="24.9632993" lon="121.6084862">
        <ele>523.0</ele>
      </trkpt>
      <trkpt lat="24.9632684" lon="121.6084665">
        <ele>522.0</ele>
      </trkpt>
      <trkpt lat="24.9632472" lon="121.6084285">
        <ele>521.0</ele>
      </trkpt>
      <trkpt lat="24.963222" lon="121.6084014">
        <ele>520.0</ele>
      </trkpt>
      <trkpt lat="24.9632181" lon="121.6084024">
        <ele>520.0</ele>
      </trkpt>
      <trkpt lat="24.9632114" lon="121.6084147">
        <ele>520.0</ele>
      </trkpt>
      <trkpt lat="24.9632023" lon="121.6083982">
        <ele>519.0</ele>
      </trkpt>
      <trkpt lat="24.9631617" lon="121.6083826">
        <ele>518.0</ele>
      </trkpt>
      <trkpt lat="24.9631564" lon="121.6083775">
        <ele>518.0</ele>
      </trkpt>
      <trkpt lat="24.9631578" lon="121.6083636">
        <ele>518.0</ele>
      </trkpt>
      <trkpt lat="24.9631504" lon="121.6083493">
        <ele>518.0</ele>
      </trkpt>
      <trkpt lat="24.9631473" lon="121.6083346">
        <ele>518.0</ele>
      </trkpt>
      <trkpt lat="24.9631284" lon="121.6083184">
        <ele>517.0</ele>
      </trkpt>
      <trkpt lat="24.9631018" lon="121.6083061">
        <ele>516.0</ele>
      </trkpt>
      <trkpt lat="24.9630999" lon="121.6083147">
        <ele>516.0</ele>
      </trkpt>
      <trkpt lat="24.9630902" lon="121.6083159">
        <ele>516.0</ele>
      </trkpt>
      <trkpt lat="24.9630604" lon="121.6083017">
        <ele>515.0</ele>
      </trkpt>
      <trkpt lat="24.9630629" lon="121.6082994">
        <ele>515.0</ele>
      </trkpt>
      <trkpt lat="24.9630399" lon="121.6082762">
        <ele>514.0</ele>
      </trkpt>
      <trkpt lat="24.9630492" lon="121.608274">
        <ele>515.0</ele>
      </trkpt>
      <trkpt lat="24.9630514" lon="121.6082786">
        <ele>515.0</ele>
      </trkpt>
      <trkpt lat="24.9630398" lon="121.6082733">
        <ele>514.0</ele>
      </trkpt>
      <trkpt lat="24.9630386" lon="121.6082501">
        <ele>514.0</ele>
      </trkpt>
      <trkpt lat="24.9630386" lon="121.6082022">
        <ele>514.0</ele>
      </trkpt>
      <trkpt lat="24.9630487" lon="121.6081782">
        <ele>514.0</ele>
      </trkpt>
      <trkpt lat="24.9630489" lon="121.6081372">
        <ele>513.0</ele>
      </trkpt>
      <trkpt lat="24.9630437" lon="121.6081177">
        <ele>513.0</ele>
      </trkpt>
      <trkpt lat="24.9630217" lon="121.6081108">
        <ele>512.0</ele>
      </trkpt>
      <trkpt lat="24.962985" lon="121.6080634">
        <ele>511.0</ele>
      </trkpt>
      <trkpt lat="24.9629835" lon="121.6080465">
        <ele>511.0</ele>
      </trkpt>
      <trkpt lat="24.962994" lon="121.6080286">
        <ele>511.0</ele>
      </trkpt>
      <trkpt lat="24.9630116" lon="121.6080196">
        <ele>511.0</ele>
      </trkpt>
      <trkpt lat="24.9630426" lon="121.6079705">
        <ele>511.0</ele>
      </trkpt>
      <trkpt lat="24.9630578" lon="121.6079647">
        <ele>511.0</ele>
      </trkpt>
      <trkpt lat="24.9631011" lon="121.6079567">
        <ele>512.0</ele>
      </trkpt>
      <trkpt lat="24.9631502" lon="121.6079801">
        <ele>513.0</ele>
      </trkpt>
      <trkpt lat="24.9631611" lon="121.6080006">
        <ele>514.0</ele>
      </trkpt>
      <trkpt lat="24.963173" lon="121.6080026">
        <ele>514.0</ele>
      </trkpt>
      <trkpt lat="24.9631729" lon="121.6080197">
        <ele>514.0</ele>
      </trkpt>
      <trkpt lat="24.9631791" lon="121.6080163">
        <ele>514.0</ele>
      </trkpt>
      <trkpt lat="24.9632854" lon="121.6080035">
        <ele>516.0</ele>
      </trkpt>
      <trkpt lat="24.9632704" lon="121.6080311">
        <ele>516.0</ele>
      </trkpt>
      <trkpt lat="24.9632731" lon="121.6080321">
        <ele>516.0</ele>
      </trkpt>
      <trkpt lat="24.9632617" lon="121.6080144">
        <ele>515.0</ele>
      </trkpt>
      <trkpt lat="24.9632121" lon="121.6080025">
        <ele>514.0</ele>
      </trkpt>
      <trkpt lat="24.9631979" lon="121.6079781">
        <ele>514.0</ele>
      </trkpt>
      <trkpt lat="24.9631456" lon="121.6079896">
        <ele>513.0</ele>
      </trkpt>
      <trkpt lat="24.9631143" lon="121.6079873">
        <ele>513.0</ele>
      </trkpt>
      <trkpt lat="24.9630906" lon="121.607979">
        <ele>512.0</ele>
      </trkpt>
      <trkpt lat="24.9630521" lon="121.6079946">
        <ele>512.0</ele>
      </trkpt>
      <trkpt lat="24.9630186" lon="121.6080128">
        <ele>511.0</ele>
      </trkpt>
      <trkpt lat="24.9629719" lon="121.6080618">
        <ele>511.0</ele>
      </trkpt>
      <trkpt lat="24.9629547" lon="121.6080656">
        <ele>511.0</ele>
      </trkpt>
      <trkpt lat="24.962955" lon="121.6080604">
        <ele>511.0</ele>
      </trkpt>
      <trkpt lat="24.962915" lon="121.6080025">
        <ele>509.0</ele>
      </trkpt>
      <trkpt lat="24.9629257" lon="121.6079807">
        <ele>509.0</ele>
      </trkpt>
      <trkpt lat="24.9629597" lon="121.6079416">
        <ele>510.0</ele>
      </trkpt>
      <trkpt lat="24.9629963" lon="121.607927">
        <ele>510.0</ele>
      </trkpt>
      <trkpt lat="24.963029" lon="121.6079244">
        <ele>511.0</ele>
      </trkpt>
      <trkpt lat="24.9630628" lon="121.6079291">
        <ele>511.0</ele>
      </trkpt>
      <trkpt lat="24.963065" lon="121.607916">
        <ele>511.0</ele>
      </trkpt>
      <trkpt lat="24.9630821" lon="121.6078887">
        <ele>511.0</ele>
      </trkpt>
      <trkpt lat="24.9631013" lon="121.6078818">
        <ele>511.0</ele>
      </trkpt>
      <trkpt lat="24.9631274" lon="121.6078935">
        <ele>512.0</ele>
      </trkpt>
      <trkpt lat="24.9631706" lon="121.6078464">
        <ele>512.0</ele>
      </trkpt>
      <trkpt lat="24.9631767" lon="121.6078187">
        <ele>511.0</ele>
      </trkpt>
      <trkpt lat="24.9632041" lon="121.6077643">
        <ele>511.0</ele>
      </trkpt>
      <trkpt lat="24.9632123" lon="121.6077328">
        <ele>511.0</ele>
      </trkpt>
      <trkpt lat="24.9632317" lon="121.607707">
        <ele>510.0</ele>
      </trkpt>
      <trkpt lat="24.9632404" lon="121.6076845">
        <ele>510.0</ele>
      </trkpt>
      <trkpt lat="24.9632495" lon="121.607585">
        <ele>509.0</ele>
      </trkpt>
      <trkpt lat="24.9632635" lon="121.6075582">
        <ele>508.0</ele>
      </trkpt>
      <trkpt lat="24.9632641" lon="121.6075034">
        <ele>508.0</ele>
      </trkpt>
      <trkpt lat="24.9632538" lon="121.6074165">
        <ele>508.0</ele>
      </trkpt>
      <trkpt lat="24.9632375" lon="121.607375">
        <ele>508.0</ele>
      </trkpt>
      <trkpt lat="24.9631956" lon="121.6073024">
        <ele>508.0</ele>
      </trkpt>
      <trkpt lat="24.9631631" lon="121.6071948">
        <ele>508.0</ele>
      </trkpt>
      <trkpt lat="24.9631555" lon="121.6071794">
        <ele>508.0</ele>
      </trkpt>
      <trkpt lat="24.9631548" lon="121.6071675">
        <ele>508.0</ele>
      </trkpt>
      <trkpt lat="24.9631721" lon="121.6070172">
        <ele>509.0</ele>
      </trkpt>
      <trkpt lat="24.9632096" lon="121.606971">
        <ele>510.0</ele>
      </trkpt>
      <trkpt lat="24.963231" lon="121.6069388">
        <ele>511.0</ele>
      </trkpt>
      <trkpt lat="24.9632453" lon="121.6068873">
        <ele>511.0</ele>
      </trkpt>
      <trkpt lat="24.9632751" lon="121.6068442">
        <ele>512.0</ele>
      </trkpt>
      <trkpt lat="24.9632689" lon="121.6068062">
        <ele>512.0</ele>
      </trkpt>
      <trkpt lat="24.9632467" lon="121.6067215">
        <ele>512.0</ele>
      </trkpt>
      <trkpt lat="24.9632248" lon="121.606694">
        <ele>512.0</ele>
      </trkpt>
      <trkpt lat="24.9631874" lon="121.6066096">
        <ele>511.0</ele>
      </trkpt>
      <trkpt lat="24.9631727" lon="121.606604">
        <ele>511.0</ele>
      </trkpt>
      <trkpt lat="24.9631044" lon="121.6065599">
        <ele>509.0</ele>
      </trkpt>
      <trkpt lat="24.9630559" lon="121.6064835">
        <ele>509.0</ele>
      </trkpt>
      <trkpt lat="24.9630449" lon="121.6064744">
        <ele>508.0</ele>
      </trkpt>
      <trkpt lat="24.9629917" lon="121.6063893">
        <ele>507.0</ele>
      </trkpt>
      <trkpt lat="24.9629601" lon="121.6063033">
        <ele>507.0</ele>
      </trkpt>
      <trkpt lat="24.9629613" lon="121.6062649">
        <ele>507.0</ele>
      </trkpt>
      <trkpt lat="24.9629673" lon="121.6062198">
        <ele>507.0</ele>
      </trkpt>
      <trkpt lat="24.9629915" lon="121.6061384">
        <ele>508.0</ele>
      </trkpt>
      <trkpt lat="24.9630057" lon="121.6061117">
        <ele>508.0</ele>
      </trkpt>
      <trkpt lat="24.9630444" lon="121.6060013">
        <ele>508.0</ele>
      </trkpt>
      <trkpt lat="24.9630698" lon="121.6059562">
        <ele>508.0</ele>
      </trkpt>
      <trkpt lat="24.9630818" lon="121.6059035">
        <ele>508.0</ele>
      </trkpt>
      <trkpt lat="24.9630915" lon="121.6057699">
        <ele>509.0</ele>
      </trkpt>
      <trkpt lat="24.9630844" lon="121.6057334">
        <ele>510.0</ele>
      </trkpt>
      <trkpt lat="24.9630585" lon="121.6056503">
        <ele>511.0</ele>
      </trkpt>
      <trkpt lat="24.9630522" lon="121.6055834">
        <ele>512.0</ele>
      </trkpt>
      <trkpt lat="24.9630404" lon="121.6055448">
        <ele>512.0</ele>
      </trkpt>
      <trkpt lat="24.9630082" lon="121.6054674">
        <ele>514.0</ele>
      </trkpt>
      <trkpt lat="24.9629862" lon="121.6054346">
        <ele>514.0</ele>
      </trkpt>
      <trkpt lat="24.9629635" lon="121.6053649">
        <ele>516.0</ele>
      </trkpt>
      <trkpt lat="24.9629317" lon="121.6052883">
        <ele>517.0</ele>
      </trkpt>
      <trkpt lat="24.9629238" lon="121.6051949">
        <ele>519.0</ele>
      </trkpt>
      <trkpt lat="24.9629078" lon="121.6051754">
        <ele>520.0</ele>
      </trkpt>
      <trkpt lat="24.9628691" lon="121.6051079">
        <ele>522.0</ele>
      </trkpt>
      <trkpt lat="24.9628477" lon="121.6050797">
        <ele>523.0</ele>
      </trkpt>
      <trkpt lat="24.962734" lon="121.605051">
        <ele>525.0</ele>
      </trkpt>
      <trkpt lat="24.9627056" lon="121.6050447">
        <ele>526.0</ele>
      </trkpt>
      <trkpt lat="24.9626622" lon="121.6050528">
        <ele>526.0</ele>
      </trkpt>
      <trkpt lat="24.9626245" lon="121.6050526">
        <ele>527.0</ele>
      </trkpt>
      <trkpt lat="24.9625621" lon="121.6050073">
        <ele>530.0</ele>
      </trkpt>
      <trkpt lat="24.9625375" lon="121.6049574">
        <ele>530.0</ele>
      </trkpt>
      <trkpt lat="24.9624817" lon="121.6048671">
        <ele>530.0</ele>
      </trkpt>
      <trkpt lat="24.9624646" lon="121.604847">
        <ele>529.0</ele>
      </trkpt>
      <trkpt lat="24.962441" lon="121.6048055">
        <ele>528.0</ele>
      </trkpt>
      <trkpt lat="24.9624369" lon="121.6047801">
        <ele>527.0</ele>
      </trkpt>
      <trkpt lat="24.9624342" lon="121.6047797">
        <ele>527.0</ele>
      </trkpt>
      <trkpt lat="24.9624545" lon="121.6048361">
        <ele>528.0</ele>
      </trkpt>
      <trkpt lat="24.9624529" lon="121.6048403">
        <ele>528.0</ele>
      </trkpt>
      <trkpt lat="24.9624436" lon="121.6048354">
        <ele>528.0</ele>
      </trkpt>
      <trkpt lat="24.9623956" lon="121.6047027">
        <ele>526.0</ele>
      </trkpt>
      <trkpt lat="24.9623904" lon="121.6046582">
        <ele>525.0</ele>
      </trkpt>
      <trkpt lat="24.9624308" lon="121.6045743">
        <ele>526.0</ele>
      </trkpt>
      <trkpt lat="24.9624483" lon="121.6045624">
        <ele>527.0</ele>
      </trkpt>
      <trkpt lat="24.9624558" lon="121.6045638">
        <ele>527.0</ele>
      </trkpt>
      <trkpt lat="24.9624627" lon="121.6045759">
        <ele>527.0</ele>
      </trkpt>
      <trkpt lat="24.9624787" lon="121.6045666">
        <ele>528.0</ele>
      </trkpt>
      <trkpt lat="24.9624193" lon="121.6046196">
        <ele>526.0</ele>
      </trkpt>
      <trkpt lat="24.9623945" lon="121.6045938">
        <ele>525.0</ele>
      </trkpt>
      <trkpt lat="24.962393" lon="121.6045698">
        <ele>525.0</ele>
      </trkpt>
      <trkpt lat="24.9623961" lon="121.6045666">
        <ele>525.0</ele>
      </trkpt>
      <trkpt lat="24.9624045" lon="121.604568">
        <ele>525.0</ele>
      </trkpt>
      <trkpt lat="24.9624058" lon="121.6045556">
        <ele>525.0</ele>
      </trkpt>
      <trkpt lat="24.962418" lon="121.6045283">
        <ele>525.0</ele>
      </trkpt>
      <trkpt lat="24.9624265" lon="121.6045252">
        <ele>526.0</ele>
      </trkpt>
      <trkpt lat="24.9624343" lon="121.6045028">
        <ele>526.0</ele>
      </trkpt>
      <trkpt lat="24.9624261" lon="121.6044951">
        <ele>526.0</ele>
      </trkpt>
      <trkpt lat="24.9624381" lon="121.6044986">
        <ele>526.0</ele>
      </trkpt>
      <trkpt lat="24.962459" lon="121.6044552">
        <ele>526.0</ele>
      </trkpt>
      <trkpt lat="24.9624843" lon="121.6044386">
        <ele>527.0</ele>
      </trkpt>
      <trkpt lat="24.962454" lon="121.6044397">
        <ele>526.0</ele>
      </trkpt>
      <trkpt lat="24.9624623" lon="121.6044279">
        <ele>526.0</ele>
      </trkpt>
      <trkpt lat="24.9624674" lon="121.6043914">
        <ele>526.0</ele>
      </trkpt>
      <trkpt lat="24.962477" lon="121.6043706">
        <ele>526.0</ele>
      </trkpt>
      <trkpt lat="24.9625078" lon="121.604352">
        <ele>527.0</ele>
      </trkpt>
      <trkpt lat="24.9625138" lon="121.604345">
        <ele>527.0</ele>
      </trkpt>
      <trkpt lat="24.9625331" lon="121.6043403">
        <ele>526.0</ele>
      </trkpt>
      <trkpt lat="24.9625451" lon="121.6043223">
        <ele>526.0</ele>
      </trkpt>
      <trkpt lat="24.9625459" lon="121.604286">
        <ele>525.0</ele>
      </trkpt>
      <trkpt lat="24.9625493" lon="121.6042727">
        <ele>525.0</ele>
      </trkpt>
      <trkpt lat="24.9625431" lon="121.6042787">
        <ele>525.0</ele>
      </trkpt>
      <trkpt lat="24.9625266" lon="121.6041759">
        <ele>525.0</ele>
      </trkpt>
      <trkpt lat="24.9625038" lon="121.6040879">
        <ele>525.0</ele>
      </trkpt>
      <trkpt lat="24.9625011" lon="121.6040623">
        <ele>525.0</ele>
      </trkpt>
      <trkpt lat="24.9624763" lon="121.60399">
        <ele>523.0</ele>
      </trkpt>
      <trkpt lat="24.9624487" lon="121.6039821">
        <ele>522.0</ele>
      </trkpt>
      <trkpt lat="24.9624441" lon="121.6039165">
        <ele>521.0</ele>
      </trkpt>
      <trkpt lat="24.9624599" lon="121.6038655">
        <ele>521.0</ele>
      </trkpt>
      <trkpt lat="24.9625084" lon="121.6038242">
        <ele>521.0</ele>
      </trkpt>
      <trkpt lat="24.9625294" lon="121.6037924">
        <ele>520.0</ele>
      </trkpt>
      <trkpt lat="24.9625287" lon="121.6037831">
        <ele>520.0</ele>
      </trkpt>
      <trkpt lat="24.9625083" lon="121.6037042">
        <ele>520.0</ele>
      </trkpt>
      <trkpt lat="24.9624934" lon="121.6036876">
        <ele>520.0</ele>
      </trkpt>
      <trkpt lat="24.9624736" lon="121.6036768">
        <ele>519.0</ele>
      </trkpt>
      <trkpt lat="24.9624616" lon="121.6036757">
        <ele>519.0</ele>
      </trkpt>
      <trkpt lat="24.9624676" lon="121.6036553">
        <ele>519.0</ele>
      </trkpt>
      <trkpt lat="24.9624592" lon="121.6036254">
        <ele>518.0</ele>
      </trkpt>
      <trkpt lat="24.9624519" lon="121.6035655">
        <ele>517.0</ele>
      </trkpt>
      <trkpt lat="24.9624311" lon="121.6035126">
        <ele>517.0</ele>
      </trkpt>
      <trkpt lat="24.9624331" lon="121.6034944">
        <ele>516.0</ele>
      </trkpt>
      <trkpt lat="24.962427" lon="121.6034524">
        <ele>516.0</ele>
      </trkpt>
      <trkpt lat="24.9624023" lon="121.6034418">
        <ele>516.0</ele>
      </trkpt>
      <trkpt lat="24.9624029" lon="121.6034242">
        <ele>515.0</ele>
      </trkpt>
      <trkpt lat="24.9624139" lon="121.6034046">
        <ele>515.0</ele>
      </trkpt>
      <trkpt lat="24.9623629" lon="121.6033376">
        <ele>514.0</ele>
      </trkpt>
      <trkpt lat="24.9623289" lon="121.6033319">
        <ele>514.0</ele>
      </trkpt>
      <trkpt lat="24.9623301" lon="121.6033277">
        <ele>514.0</ele>
      </trkpt>
      <trkpt lat="24.9623165" lon="121.6033354">
        <ele>514.0</ele>
      </trkpt>
      <trkpt lat="24.9623134" lon="121.6033467">
        <ele>514.0</ele>
      </trkpt>
      <trkpt lat="24.9623087" lon="121.6033493">
        <ele>514.0</ele>
      </trkpt>
      <trkpt lat="24.962266" lon="121.6033112">
        <ele>513.0</ele>
      </trkpt>
      <trkpt lat="24.9622632" lon="121.6033152">
        <ele>513.0</ele>
      </trkpt>
      <trkpt lat="24.9622602" lon="121.6033021">
        <ele>513.0</ele>
      </trkpt>
      <trkpt lat="24.9622529" lon="121.6032938">
        <ele>513.0</ele>
      </trkpt>
      <trkpt lat="24.9622544" lon="121.6032686">
        <ele>512.0</ele>
      </trkpt>
      <trkpt lat="24.9622411" lon="121.6032588">
        <ele>512.0</ele>
      </trkpt>
      <trkpt lat="24.9622292" lon="121.6032596">
        <ele>512.0</ele>
      </trkpt>
      <trkpt lat="24.9621558" lon="121.6032201">
        <ele>511.0</ele>
      </trkpt>
      <trkpt lat="24.9621221" lon="121.6032187">
        <ele>511.0</ele>
      </trkpt>
      <trkpt lat="24.9620945" lon="121.6032217">
        <ele>511.0</ele>
      </trkpt>
      <trkpt lat="24.96205" lon="121.6031871">
        <ele>511.0</ele>
      </trkpt>
      <trkpt lat="24.9620115" lon="121.6031763">
        <ele>511.0</ele>
      </trkpt>
      <trkpt lat="24.9619695" lon="121.6031593">
        <ele>511.0</ele>
      </trkpt>
      <trkpt lat="24.961955" lon="121.6031428">
        <ele>511.0</ele>
      </trkpt>
      <trkpt lat="24.9619068" lon="121.6031192">
        <ele>511.0</ele>
      </trkpt>
      <trkpt lat="24.9618761" lon="121.6030649">
        <ele>512.0</ele>
      </trkpt>
      <trkpt lat="24.9618638" lon="121.6030702">
        <ele>512.0</ele>
      </trkpt>
      <trkpt lat="24.9618348" lon="121.6030669">
        <ele>512.0</ele>
      </trkpt>
      <trkpt lat="24.9618189" lon="121.6030561">
        <ele>513.0</ele>
      </trkpt>
      <trkpt lat="24.9618147" lon="121.6030496">
        <ele>513.0</ele>
      </trkpt>
      <trkpt lat="24.9618125" lon="121.6030286">
        <ele>513.0</ele>
      </trkpt>
      <trkpt lat="24.9618157" lon="121.603011">
        <ele>513.0</ele>
      </trkpt>
      <trkpt lat="24.9617917" lon="121.6029839">
        <ele>513.0</ele>
      </trkpt>
      <trkpt lat="24.9617761" lon="121.6029811">
        <ele>514.0</ele>
      </trkpt>
      <trkpt lat="24.9617457" lon="121.602956">
        <ele>514.0</ele>
      </trkpt>
      <trkpt lat="24.9617194" lon="121.602946">
        <ele>515.0</ele>
      </trkpt>
      <trkpt lat="24.9617123" lon="121.6029295">
        <ele>515.0</ele>
      </trkpt>
      <trkpt lat="24.9616868" lon="121.6029051">
        <ele>516.0</ele>
      </trkpt>
      <trkpt lat="24.9616586" lon="121.6028883">
        <ele>517.0</ele>
      </trkpt>
      <trkpt lat="24.9616226" lon="121.6028583">
        <ele>517.0</ele>
      </trkpt>
      <trkpt lat="24.9615947" lon="121.6028272">
        <ele>517.0</ele>
      </trkpt>
      <trkpt lat="24.9616018" lon="121.6027784">
        <ele>518.0</ele>
      </trkpt>
      <trkpt lat="24.9615849" lon="121.602766">
        <ele>518.0</ele>
      </trkpt>
      <trkpt lat="24.9615777" lon="121.6027542">
        <ele>518.0</ele>
      </trkpt>
      <trkpt lat="24.9615846" lon="121.6027325">
        <ele>518.0</ele>
      </trkpt>
      <trkpt lat="24.9615746" lon="121.6026652">
        <ele>519.0</ele>
      </trkpt>
      <trkpt lat="24.9615537" lon="121.6026445">
        <ele>519.0</ele>
      </trkpt>
      <trkpt lat="24.9615459" lon="121.6026111">
        <ele>520.0</ele>
      </trkpt>
      <trkpt lat="24.9615207" lon="121.6025976">
        <ele>520.0</ele>
      </trkpt>
      <trkpt lat="24.9615042" lon="121.6025593">
        <ele>520.0</ele>
      </trkpt>
      <trkpt lat="24.9614983" lon="121.6025576">
        <ele>520.0</ele>
      </trkpt>
      <trkpt lat="24.9614848" lon="121.6025257">
        <ele>521.0</ele>
      </trkpt>
      <trkpt lat="24.9614853" lon="121.6025184">
        <ele>521.0</ele>
      </trkpt>
      <trkpt lat="24.9614459" lon="121.602436">
        <ele>521.0</ele>
      </trkpt>
      <trkpt lat="24.9614064" lon="121.6023832">
        <ele>520.0</ele>
      </trkpt>
      <trkpt lat="24.9613765" lon="121.6023498">
        <ele>520.0</ele>
      </trkpt>
      <trkpt lat="24.9613775" lon="121.6023451">
        <ele>520.0</ele>
      </trkpt>
      <trkpt lat="24.961361" lon="121.6022945">
        <ele>520.0</ele>
      </trkpt>
      <trkpt lat="24.9613522" lon="121.602287">
        <ele>520.0</ele>
      </trkpt>
      <trkpt lat="24.961335" lon="121.6022449">
        <ele>520.0</ele>
      </trkpt>
      <trkpt lat="24.9613195" lon="121.6022467">
        <ele>520.0</ele>
      </trkpt>
      <trkpt lat="24.9612868" lon="121.6022219">
        <ele>520.0</ele>
      </trkpt>
      <trkpt lat="24.9612639" lon="121.6022101">
        <ele>520.0</ele>
      </trkpt>
      <trkpt lat="24.9612574" lon="121.6021897">
        <ele>520.0</ele>
      </trkpt>
      <trkpt lat="24.9612475" lon="121.6021893">
        <ele>520.0</ele>
      </trkpt>
      <trkpt lat="24.9612364" lon="121.6021655">
        <ele>520.0</ele>
      </trkpt>
      <trkpt lat="24.9612059" lon="121.6021226">
        <ele>521.0</ele>
      </trkpt>
      <trkpt lat="24.9611971" lon="121.6021153">
        <ele>521.0</ele>
      </trkpt>
      <trkpt lat="24.961188" lon="121.6020619">
        <ele>521.0</ele>
      </trkpt>
      <trkpt lat="24.9611905" lon="121.6020532">
        <ele>521.0</ele>
      </trkpt>
      <trkpt lat="24.9611795" lon="121.6020384">
        <ele>521.0</ele>
      </trkpt>
      <trkpt lat="24.9611837" lon="121.6020216">
        <ele>521.0</ele>
      </trkpt>
      <trkpt lat="24.9611827" lon="121.6020058">
        <ele>521.0</ele>
      </trkpt>
      <trkpt lat="24.9611936" lon="121.6019945">
        <ele>521.0</ele>
      </trkpt>
      <trkpt lat="24.9611925" lon="121.601982">
        <ele>521.0</ele>
      </trkpt>
      <trkpt lat="24.9611807" lon="121.6019606">
        <ele>522.0</ele>
      </trkpt>
      <trkpt lat="24.9611969" lon="121.6019142">
        <ele>522.0</ele>
      </trkpt>
      <trkpt lat="24.9611905" lon="121.6018769">
        <ele>522.0</ele>
      </trkpt>
      <trkpt lat="24.9611832" lon="121.6018622">
        <ele>522.0</ele>
      </trkpt>
      <trkpt lat="24.9611904" lon="121.6018566">
        <ele>522.0</ele>
      </trkpt>
      <trkpt lat="24.9611905" lon="121.6018444">
        <ele>522.0</ele>
      </trkpt>
      <trkpt lat="24.9611635" lon="121.6018172">
        <ele>522.0</ele>
      </trkpt>
      <trkpt lat="24.9611335" lon="121.6017931">
        <ele>523.0</ele>
      </trkpt>
      <trkpt lat="24.961098" lon="121.6017109">
        <ele>524.0</ele>
      </trkpt>
      <trkpt lat="24.9610823" lon="121.6016571">
        <ele>525.0</ele>
      </trkpt>
      <trkpt lat="24.9610852" lon="121.6016598">
        <ele>525.0</ele>
      </trkpt>
      <trkpt lat="24.9610964" lon="121.6015341">
        <ele>525.0</ele>
      </trkpt>
      <trkpt lat="24.9611008" lon="121.6015214">
        <ele>525.0</ele>
      </trkpt>
      <trkpt lat="24.9610899" lon="121.6014801">
        <ele>525.0</ele>
      </trkpt>
      <trkpt lat="24.9610659" lon="121.6014308">
        <ele>526.0</ele>
      </trkpt>
      <trkpt lat="24.9610683" lon="121.6014142">
        <ele>525.0</ele>
      </trkpt>
      <trkpt lat="24.9610595" lon="121.6013979">
        <ele>526.0</ele>
      </trkpt>
      <trkpt lat="24.9610558" lon="121.6013752">
        <ele>526.0</ele>
      </trkpt>
      <trkpt lat="24.9610736" lon="121.6013803">
        <ele>525.0</ele>
      </trkpt>
      <trkpt lat="24.9610819" lon="121.6013633">
        <ele>525.0</ele>
      </trkpt>
      <trkpt lat="24.9610859" lon="121.6013131">
        <ele>525.0</ele>
      </trkpt>
      <trkpt lat="24.9611013" lon="121.6012969">
        <ele>524.0</ele>
      </trkpt>
      <trkpt lat="24.9611114" lon="121.6012773">
        <ele>524.0</ele>
      </trkpt>
      <trkpt lat="24.9611074" lon="121.6012535">
        <ele>524.0</ele>
      </trkpt>
      <trkpt lat="24.9610802" lon="121.6012021">
        <ele>525.0</ele>
      </trkpt>
      <trkpt lat="24.9610756" lon="121.6011307">
        <ele>525.0</ele>
      </trkpt>
      <trkpt lat="24.9610705" lon="121.601127">
        <ele>526.0</ele>
      </trkpt>
      <trkpt lat="24.961061" lon="121.6010857">
        <ele>526.0</ele>
      </trkpt>
      <trkpt lat="24.9610322" lon="121.6010626">
        <ele>527.0</ele>
      </trkpt>
      <trkpt lat="24.9610251" lon="121.6010384">
        <ele>527.0</ele>
      </trkpt>
      <trkpt lat="24.9610222" lon="121.6010359">
        <ele>527.0</ele>
      </trkpt>
      <trkpt lat="24.961016" lon="121.6010372">
        <ele>527.0</ele>
      </trkpt>
      <trkpt lat="24.9610156" lon="121.6010117">
        <ele>528.0</ele>
      </trkpt>
      <trkpt lat="24.9610407" lon="121.6009832">
        <ele>527.0</ele>
      </trkpt>
      <trkpt lat="24.9610362" lon="121.6009679">
        <ele>527.0</ele>
      </trkpt>
      <trkpt lat="24.961024" lon="121.6009618">
        <ele>527.0</ele>
      </trkpt>
      <trkpt lat="24.9610273" lon="121.6009394">
        <ele>527.0</ele>
      </trkpt>
      <trkpt lat="24.9610163" lon="121.6009201">
        <ele>528.0</ele>
      </trkpt>
      <trkpt lat="24.9610298" lon="121.6009151">
        <ele>527.0</ele>
      </trkpt>
      <trkpt lat="24.9610313" lon="121.6009095">
        <ele>527.0</ele>
      </trkpt>
      <trkpt lat="24.9610423" lon="121.6009219">
        <ele>527.0</ele>
      </trkpt>
      <trkpt lat="24.961118" lon="121.6008841">
        <ele>524.0</ele>
      </trkpt>
      <trkpt lat="24.9611314" lon="121.600886">
        <ele>523.0</ele>
      </trkpt>
      <trkpt lat="24.9611426" lon="121.6009017">
        <ele>523.0</ele>
      </trkpt>
      <trkpt lat="24.9611505" lon="121.6008997">
        <ele>523.0</ele>
      </trkpt>
      <trkpt lat="24.9611667" lon="121.600869">
        <ele>522.0</ele>
      </trkpt>
      <trkpt lat="24.9611684" lon="121.6008704">
        <ele>522.0</ele>
      </trkpt>
      <trkpt lat="24.9611558" lon="121.6008679">
        <ele>522.0</ele>
      </trkpt>
      <trkpt lat="24.9611429" lon="121.6008754">
        <ele>523.0</ele>
      </trkpt>
      <trkpt lat="24.9611363" lon="121.600872">
        <ele>523.0</ele>
      </trkpt>
      <trkpt lat="24.9611294" lon="121.6008624">
        <ele>523.0</ele>
      </trkpt>
      <trkpt lat="24.9611385" lon="121.6008652">
        <ele>523.0</ele>
      </trkpt>
      <trkpt lat="24.9611371" lon="121.6008604">
        <ele>523.0</ele>
      </trkpt>
      <trkpt lat="24.9611355" lon="121.6008881">
        <ele>523.0</ele>
      </trkpt>
      <trkpt lat="24.9611264" lon="121.6008908">
        <ele>523.0</ele>
      </trkpt>
      <trkpt lat="24.9611237" lon="121.6008879">
        <ele>524.0</ele>
      </trkpt>
      <trkpt lat="24.961125" lon="121.6008671">
        <ele>523.0</ele>
      </trkpt>
      <trkpt lat="24.9611212" lon="121.6008711">
        <ele>524.0</ele>
      </trkpt>
      <trkpt lat="24.9611276" lon="121.6008483">
        <ele>523.0</ele>
      </trkpt>
      <trkpt lat="24.9611241" lon="121.6008506">
        <ele>523.0</ele>
      </trkpt>
      <trkpt lat="24.9611287" lon="121.6008298">
        <ele>523.0</ele>
      </trkpt>
      <trkpt lat="24.9611217" lon="121.6008082">
        <ele>523.0</ele>
      </trkpt>
      <trkpt lat="24.9611118" lon="121.6008025">
        <ele>524.0</ele>
      </trkpt>
      <trkpt lat="24.9611025" lon="121.6007791">
        <ele>524.0</ele>
      </trkpt>
      <trkpt lat="24.9610847" lon="121.600759">
        <ele>524.0</ele>
      </trkpt>
      <trkpt lat="24.9610574" lon="121.6007406">
        <ele>525.0</ele>
      </trkpt>
      <trkpt lat="24.9610584" lon="121.6007064">
        <ele>524.0</ele>
      </trkpt>
      <trkpt lat="24.9610496" lon="121.6006839">
        <ele>524.0</ele>
      </trkpt>
      <trkpt lat="24.9610524" lon="121.6006671">
        <ele>524.0</ele>
      </trkpt>
      <trkpt lat="24.9610556" lon="121.6006714">
        <ele>524.0</ele>
      </trkpt>
      <trkpt lat="24.9610577" lon="121.6006523">
        <ele>523.0</ele>
      </trkpt>
      <trkpt lat="24.9610521" lon="121.6006467">
        <ele>524.0</ele>
      </trkpt>
      <trkpt lat="24.961075" lon="121.6006397">
        <ele>523.0</ele>
      </trkpt>
      <trkpt lat="24.9610913" lon="121.6006461">
        <ele>522.0</ele>
      </trkpt>
      <trkpt lat="24.9611012" lon="121.6006223">
        <ele>522.0</ele>
      </trkpt>
      <trkpt lat="24.9611145" lon="121.6006044">
        <ele>521.0</ele>
      </trkpt>
      <trkpt lat="24.9611213" lon="121.6005427">
        <ele>520.0</ele>
      </trkpt>
      <trkpt lat="24.9611348" lon="121.6005287">
        <ele>519.0</ele>
      </trkpt>
      <trkpt lat="24.9611377" lon="121.6005163">
        <ele>519.0</ele>
      </trkpt>
      <trkpt lat="24.9611284" lon="121.6005132">
        <ele>519.0</ele>
      </trkpt>
      <trkpt lat="24.9611081" lon="121.6004774">
        <ele>519.0</ele>
      </trkpt>
      <trkpt lat="24.9611079" lon="121.6004392">
        <ele>519.0</ele>
      </trkpt>
      <trkpt lat="24.9611144" lon="121.6003614">
        <ele>518.0</ele>
      </trkpt>
      <trkpt lat="24.9611255" lon="121.6003577">
        <ele>517.0</ele>
      </trkpt>
      <trkpt lat="24.9611365" lon="121.600324">
        <ele>517.0</ele>
      </trkpt>
      <trkpt lat="24.961128" lon="121.6003127">
        <ele>517.0</ele>
      </trkpt>
      <trkpt lat="24.9611358" lon="121.6002806">
        <ele>516.0</ele>
      </trkpt>
      <trkpt lat="24.9611301" lon="121.6002738">
        <ele>516.0</ele>
      </trkpt>
      <trkpt lat="24.9611666" lon="121.6001816">
        <ele>514.0</ele>
      </trkpt>
      <trkpt lat="24.9611841" lon="121.6001549">
        <ele>514.0</ele>
      </trkpt>
      <trkpt lat="24.9611905" lon="121.6001519">
        <ele>513.0</ele>
      </trkpt>
      <trkpt lat="24.9612084" lon="121.6001539">
        <ele>513.0</ele>
      </trkpt>
      <trkpt lat="24.9612276" lon="121.6001454">
        <ele>513.0</ele>
      </trkpt>
      <trkpt lat="24.9612427" lon="121.6001194">
        <ele>512.0</ele>
      </trkpt>
      <trkpt lat="24.9612543" lon="121.6000911">
        <ele>512.0</ele>
      </trkpt>
      <trkpt lat="24.9612868" lon="121.6000743">
        <ele>511.0</ele>
      </trkpt>
      <trkpt lat="24.961303" lon="121.6000448">
        <ele>511.0</ele>
      </trkpt>
      <trkpt lat="24.9613371" lon="121.6000397">
        <ele>510.0</ele>
      </trkpt>
      <trkpt lat="24.9613652" lon="121.5999886">
        <ele>509.0</ele>
      </trkpt>
      <trkpt lat="24.9613919" lon="121.5999589">
        <ele>508.0</ele>
      </trkpt>
      <trkpt lat="24.9614119" lon="121.5999656">
        <ele>508.0</ele>
      </trkpt>
      <trkpt lat="24.9614419" lon="121.5999451">
        <ele>507.0</ele>
      </trkpt>
      <trkpt lat="24.9614481" lon="121.5999601">
        <ele>507.0</ele>
      </trkpt>
      <trkpt lat="24.9614756" lon="121.5999721">
        <ele>507.0</ele>
      </trkpt>
      <trkpt lat="24.9614958" lon="121.5999675">
        <ele>507.0</ele>
      </trkpt>
      <trkpt lat="24.9615061" lon="121.5999496">
        <ele>506.0</ele>
      </trkpt>
      <trkpt lat="24.9614826" lon="121.5999362">
        <ele>506.0</ele>
      </trkpt>
      <trkpt lat="24.9614501" lon="121.5998926">
        <ele>506.0</ele>
      </trkpt>
      <trkpt lat="24.9614175" lon="121.599873">
        <ele>506.0</ele>
      </trkpt>
      <trkpt lat="24.9614057" lon="121.5997928">
        <ele>504.0</ele>
      </trkpt>
      <trkpt lat="24.9613793" lon="121.5997679">
        <ele>504.0</ele>
      </trkpt>
      <trkpt lat="24.9613907" lon="121.599761">
        <ele>504.0</ele>
      </trkpt>
      <trkpt lat="24.9613818" lon="121.5997222">
        <ele>503.0</ele>
      </trkpt>
      <trkpt lat="24.9613864" lon="121.5997185">
        <ele>503.0</ele>
      </trkpt>
      <trkpt lat="24.9613749" lon="121.5997064">
        <ele>503.0</ele>
      </trkpt>
      <trkpt lat="24.9613807" lon="121.5997068">
        <ele>503.0</ele>
      </trkpt>
      <trkpt lat="24.9613843" lon="121.5996975">
        <ele>503.0</ele>
      </trkpt>
      <trkpt lat="24.9613843" lon="121.5996839">
        <ele>502.0</ele>
      </trkpt>
      <trkpt lat="24.9613598" lon="121.5997053">
        <ele>503.0</ele>
      </trkpt>
      <trkpt lat="24.9614108" lon="121.5996948">
        <ele>502.0</ele>
      </trkpt>
      <trkpt lat="24.9614162" lon="121.59971">
        <ele>503.0</ele>
      </trkpt>
      <trkpt lat="24.9614056" lon="121.5997068">
        <ele>503.0</ele>
      </trkpt>
      <trkpt lat="24.961406" lon="121.5996867">
        <ele>502.0</ele>
      </trkpt>
      <trkpt lat="24.961394" lon="121.5996608">
        <ele>502.0</ele>
      </trkpt>
      <trkpt lat="24.9613727" lon="121.5996374">
        <ele>502.0</ele>
      </trkpt>
      <trkpt lat="24.9613734" lon="121.5995626">
        <ele>500.0</ele>
      </trkpt>
      <trkpt lat="24.9613858" lon="121.5995227">
        <ele>499.0</ele>
      </trkpt>
      <trkpt lat="24.9613889" lon="121.5994626">
        <ele>498.0</ele>
      </trkpt>
      <trkpt lat="24.9613512" lon="121.5993745">
        <ele>496.0</ele>
      </trkpt>
      <trkpt lat="24.9613636" lon="121.5993511">
        <ele>496.0</ele>
      </trkpt>
      <trkpt lat="24.9613834" lon="121.5993251">
        <ele>495.0</ele>
      </trkpt>
      <trkpt lat="24.9613672" lon="121.5993152">
        <ele>495.0</ele>
      </trkpt>
      <trkpt lat="24.9613709" lon="121.5992989">
        <ele>495.0</ele>
      </trkpt>
      <trkpt lat="24.9613594" lon="121.5992781">
        <ele>494.0</ele>
      </trkpt>
      <trkpt lat="24.9613463" lon="121.5992705">
        <ele>494.0</ele>
      </trkpt>
      <trkpt lat="24.9613425" lon="121.5992544">
        <ele>494.0</ele>
      </trkpt>
      <trkpt lat="24.9613299" lon="121.5992368">
        <ele>494.0</ele>
      </trkpt>
      <trkpt lat="24.9613286" lon="121.5992278">
        <ele>494.0</ele>
      </trkpt>
      <trkpt lat="24.9613116" lon="121.5991952">
        <ele>493.0</ele>
      </trkpt>
      <trkpt lat="24.9612914" lon="121.5991648">
        <ele>493.0</ele>
      </trkpt>
      <trkpt lat="24.9612905" lon="121.599157">
        <ele>493.0</ele>
      </trkpt>
      <trkpt lat="24.9613014" lon="121.5991341">
        <ele>492.0</ele>
      </trkpt>
      <trkpt lat="24.9613051" lon="121.599098">
        <ele>492.0</ele>
      </trkpt>
      <trkpt lat="24.9612985" lon="121.5990917">
        <ele>492.0</ele>
      </trkpt>
      <trkpt lat="24.9612843" lon="121.5990665">
        <ele>492.0</ele>
      </trkpt>
      <trkpt lat="24.9612844" lon="121.5990595">
        <ele>491.0</ele>
      </trkpt>
      <trkpt lat="24.9612641" lon="121.5990398">
        <ele>491.0</ele>
      </trkpt>
      <trkpt lat="24.9612659" lon="121.599018">
        <ele>491.0</ele>
      </trkpt>
      <trkpt lat="24.9612537" lon="121.599003">
        <ele>491.0</ele>
      </trkpt>
      <trkpt lat="24.9612325" lon="121.5990088">
        <ele>492.0</ele>
      </trkpt>
      <trkpt lat="24.9611905" lon="121.5989999">
        <ele>492.0</ele>
      </trkpt>
      <trkpt lat="24.9611858" lon="121.5989709">
        <ele>492.0</ele>
      </trkpt>
      <trkpt lat="24.9611672" lon="121.5989243">
        <ele>492.0</ele>
      </trkpt>
      <trkpt lat="24.9611579" lon="121.598946">
        <ele>492.0</ele>
      </trkpt>
      <trkpt lat="24.9612077" lon="121.5989415">
        <ele>491.0</ele>
      </trkpt>
      <trkpt lat="24.9612095" lon="121.5989453">
        <ele>491.0</ele>
      </trkpt>
      <trkpt lat="24.9612082" lon="121.5989332">
        <ele>491.0</ele>
      </trkpt>
      <trkpt lat="24.9611987" lon="121.5989384">
        <ele>491.0</ele>
      </trkpt>
      <trkpt lat="24.961183" lon="121.598939">
        <ele>491.0</ele>
      </trkpt>
      <trkpt lat="24.9611372" lon="121.598924">
        <ele>492.0</ele>
      </trkpt>
      <trkpt lat="24.9610764" lon="121.59891">
        <ele>493.0</ele>
      </trkpt>
      <trkpt lat="24.9610279" lon="121.5989073">
        <ele>494.0</ele>
      </trkpt>
      <trkpt lat="24.9610163" lon="121.5988907">
        <ele>494.0</ele>
      </trkpt>
      <trkpt lat="24.9609722" lon="121.5988752">
        <ele>495.0</ele>
      </trkpt>
      <trkpt lat="24.960964" lon="121.5988555">
        <ele>495.0</ele>
      </trkpt>
      <trkpt lat="24.9609333" lon="121.59884">
        <ele>495.0</ele>
      </trkpt>
      <trkpt lat="24.9608944" lon="121.5988832">
        <ele>496.0</ele>
      </trkpt>
      <trkpt lat="24.9608385" lon="121.5988794">
        <ele>498.0</ele>
      </trkpt>
      <trkpt lat="24.9607953" lon="121.5988716">
        <ele>497.0</ele>
      </trkpt>
      <trkpt lat="24.9607908" lon="121.5988638">
        <ele>497.0</ele>
      </trkpt>
      <trkpt lat="24.9606869" lon="121.5988701">
        <ele>494.0</ele>
      </trkpt>
      <trkpt lat="24.9606026" lon="121.5989052">
        <ele>492.0</ele>
      </trkpt>
      <trkpt lat="24.9605824" lon="121.5989208">
        <ele>492.0</ele>
      </trkpt>
      <trkpt lat="24.9605594" lon="121.5989521">
        <ele>491.0</ele>
      </trkpt>
      <trkpt lat="24.9605205" lon="121.5989879">
        <ele>491.0</ele>
      </trkpt>
      <trkpt lat="24.9605049" lon="121.5989876">
        <ele>490.0</ele>
      </trkpt>
      <trkpt lat="24.9604804" lon="121.5990058">
        <ele>490.0</ele>
      </trkpt>
      <trkpt lat="24.9604619" lon="121.5990113">
        <ele>489.0</ele>
      </trkpt>
      <trkpt lat="24.9604072" lon="121.5989993">
        <ele>488.0</ele>
      </trkpt>
      <trkpt lat="24.9603955" lon="121.5989929">
        <ele>488.0</ele>
      </trkpt>
      <trkpt lat="24.9603679" lon="121.5989902">
        <ele>487.0</ele>
      </trkpt>
      <trkpt lat="24.9603301" lon="121.5990236">
        <ele>486.0</ele>
      </trkpt>
      <trkpt lat="24.9602595" lon="121.5990306">
        <ele>484.0</ele>
      </trkpt>
      <trkpt lat="24.9602172" lon="121.5989977">
        <ele>483.0</ele>
      </trkpt>
      <trkpt lat="24.9602115" lon="121.5990058">
        <ele>483.0</ele>
      </trkpt>
      <trkpt lat="24.9601651" lon="121.599012">
        <ele>482.0</ele>
      </trkpt>
      <trkpt lat="24.9601169" lon="121.5990271">
        <ele>481.0</ele>
      </trkpt>
      <trkpt lat="24.9601049" lon="121.5990218">
        <ele>480.0</ele>
      </trkpt>
      <trkpt lat="24.9600839" lon="121.5989734">
        <ele>480.0</ele>
      </trkpt>
      <trkpt lat="24.9600427" lon="121.5989537">
        <ele>479.0</ele>
      </trkpt>
      <trkpt lat="24.9600501" lon="121.59894">
        <ele>480.0</ele>
      </trkpt>
      <trkpt lat="24.9600273" lon="121.5989333">
        <ele>479.0</ele>
      </trkpt>
      <trkpt lat="24.9600297" lon="121.5989388">
        <ele>479.0</ele>
      </trkpt>
      <trkpt lat="24.9600214" lon="121.5989068">
        <ele>479.0</ele>
      </trkpt>
      <trkpt lat="24.960027" lon="121.5988974">
        <ele>479.0</ele>
      </trkpt>
      <trkpt lat="24.9600047" lon="121.5988746">
        <ele>479.0</ele>
      </trkpt>
      <trkpt lat="24.9599966" lon="121.5988747">
        <ele>479.0</ele>
      </trkpt>
      <trkpt lat="24.9599503" lon="121.5988551">
        <ele>477.0</ele>
      </trkpt>
      <trkpt lat="24.9599194" lon="121.5988132">
        <ele>477.0</ele>
      </trkpt>
      <trkpt lat="24.9598739" lon="121.5987806">
        <ele>475.0</ele>
      </trkpt>
      <trkpt lat="24.959868" lon="121.5987436">
        <ele>475.0</ele>
      </trkpt>
      <trkpt lat="24.9598413" lon="121.598698">
        <ele>474.0</ele>
      </trkpt>
      <trkpt lat="24.9598225" lon="121.5986437">
        <ele>474.0</ele>
      </trkpt>
      <trkpt lat="24.9598121" lon="121.5986214">
        <ele>474.0</ele>
      </trkpt>
      <trkpt lat="24.9597969" lon="121.5985991">
        <ele>473.0</ele>
      </trkpt>
      <trkpt lat="24.9597914" lon="121.5985706">
        <ele>473.0</ele>
      </trkpt>
      <trkpt lat="24.9597786" lon="121.5985543">
        <ele>473.0</ele>
      </trkpt>
      <trkpt lat="24.9597631" lon="121.5985445">
        <ele>472.0</ele>
      </trkpt>
      <trkpt lat="24.9597556" lon="121.598524">
        <ele>472.0</ele>
      </trkpt>
      <trkpt lat="24.9597441" lon="121.5985354">
        <ele>472.0</ele>
      </trkpt>
      <trkpt lat="24.9597159" lon="121.5985209">
        <ele>471.0</ele>
      </trkpt>
      <trkpt lat="24.9596951" lon="121.5984918">
        <ele>470.0</ele>
      </trkpt>
      <trkpt lat="24.9596835" lon="121.5984817">
        <ele>470.0</ele>
      </trkpt>
      <trkpt lat="24.9596518" lon="121.5984365">
        <ele>468.0</ele>
      </trkpt>
      <trkpt lat="24.9596205" lon="121.5984164">
        <ele>467.0</ele>
      </trkpt>
      <trkpt lat="24.9596013" lon="121.5984193">
        <ele>467.0</ele>
      </trkpt>
      <trkpt lat="24.9595852" lon="121.5984159">
        <ele>466.0</ele>
      </trkpt>
      <trkpt lat="24.9595453" lon="121.5983798">
        <ele>465.0</ele>
      </trkpt>
      <trkpt lat="24.9595383" lon="121.598324">
        <ele>464.0</ele>
      </trkpt>
      <trkpt lat="24.9595442" lon="121.5983176">
        <ele>465.0</ele>
      </trkpt>
      <trkpt lat="24.9595598" lon="121.5982519">
        <ele>466.0</ele>
      </trkpt>
      <trkpt lat="24.9595547" lon="121.5982311">
        <ele>466.0</ele>
      </trkpt>
      <trkpt lat="24.959533" lon="121.5982277">
        <ele>466.0</ele>
      </trkpt>
      <trkpt lat="24.9594973" lon="121.598206">
        <ele>465.0</ele>
      </trkpt>
      <trkpt lat="24.9594923" lon="121.598206">
        <ele>464.0</ele>
      </trkpt>
      <trkpt lat="24.9595007" lon="121.5981954">
        <ele>465.0</ele>
      </trkpt>
      <trkpt lat="24.9595192" lon="121.5982275">
        <ele>465.0</ele>
      </trkpt>
      <trkpt lat="24.9595221" lon="121.5982251">
        <ele>465.0</ele>
      </trkpt>
      <trkpt lat="24.9595247" lon="121.5982028">
        <ele>466.0</ele>
      </trkpt>
      <trkpt lat="24.9595249" lon="121.598225">
        <ele>465.0</ele>
      </trkpt>
      <trkpt lat="24.9595492" lon="121.5982763">
        <ele>466.0</ele>
      </trkpt>
      <trkpt lat="24.9595532" lon="121.5983089">
        <ele>465.0</ele>
      </trkpt>
      <trkpt lat="24.9595674" lon="121.5983227">
        <ele>466.0</ele>
      </trkpt>
      <trkpt lat="24.9596168" lon="121.5983533">
        <ele>467.0</ele>
      </trkpt>
      <trkpt lat="24.9596671" lon="121.5983718">
        <ele>469.0</ele>
      </trkpt>
      <trkpt lat="24.9597672" lon="121.5984604">
        <ele>473.0</ele>
      </trkpt>
      <trkpt lat="24.959795" lon="121.5985012">
        <ele>474.0</ele>
      </trkpt>
      <trkpt lat="24.9598044" lon="121.5985025">
        <ele>474.0</ele>
      </trkpt>
      <trkpt lat="24.9597981" lon="121.5984861">
        <ele>474.0</ele>
      </trkpt>
      <trkpt lat="24.9598024" lon="121.5984682">
        <ele>474.0</ele>
      </trkpt>
      <trkpt lat="24.9597927" lon="121.5984624">
        <ele>474.0</ele>
      </trkpt>
      <trkpt lat="24.9597964" lon="121.5984356">
        <ele>474.0</ele>
      </trkpt>
      <trkpt lat="24.9597884" lon="121.5984147">
        <ele>474.0</ele>
      </trkpt>
      <trkpt lat="24.9597893" lon="121.5983542">
        <ele>474.0</ele>
      </trkpt>
      <trkpt lat="24.959822" lon="121.5983254">
        <ele>475.0</ele>
      </trkpt>
      <trkpt lat="24.9598196" lon="121.59831">
        <ele>475.0</ele>
      </trkpt>
      <trkpt lat="24.9598348" lon="121.5982469">
        <ele>477.0</ele>
      </trkpt>
      <trkpt lat="24.9598462" lon="121.5982371">
        <ele>478.0</ele>
      </trkpt>
      <trkpt lat="24.9598712" lon="121.598172">
        <ele>480.0</ele>
      </trkpt>
      <trkpt lat="24.9598802" lon="121.5981402">
        <ele>480.0</ele>
      </trkpt>
      <trkpt lat="24.959888" lon="121.598139">
        <ele>481.0</ele>
      </trkpt>
      <trkpt lat="24.9598858" lon="121.5981119">
        <ele>481.0</ele>
      </trkpt>
      <trkpt lat="24.959897" lon="121.5980502">
        <ele>482.0</ele>
      </trkpt>
      <trkpt lat="24.9598969" lon="121.5980039">
        <ele>483.0</ele>
      </trkpt>
      <trkpt lat="24.9599067" lon="121.5979847">
        <ele>484.0</ele>
      </trkpt>
      <trkpt lat="24.9599299" lon="121.5979159">
        <ele>486.0</ele>
      </trkpt>
      <trkpt lat="24.9599349" lon="121.5978713">
        <ele>487.0</ele>
      </trkpt>
      <trkpt lat="24.95994" lon="121.5978692">
        <ele>487.0</ele>
      </trkpt>
      <trkpt lat="24.9599618" lon="121.5978332">
        <ele>488.0</ele>
      </trkpt>
      <trkpt lat="24.9599571" lon="121.5978101">
        <ele>489.0</ele>
      </trkpt>
      <trkpt lat="24.9599656" lon="121.5977879">
        <ele>489.0</ele>
      </trkpt>
      <trkpt lat="24.9599677" lon="121.5977427">
        <ele>490.0</ele>
      </trkpt>
      <trkpt lat="24.9599426" lon="121.5976914">
        <ele>490.0</ele>
      </trkpt>
      <trkpt lat="24.9599422" lon="121.5976776">
        <ele>490.0</ele>
      </trkpt>
      <trkpt lat="24.9599096" lon="121.5976231">
        <ele>490.0</ele>
      </trkpt>
      <trkpt lat="24.9598884" lon="121.5975323">
        <ele>490.0</ele>
      </trkpt>
      <trkpt lat="24.9598717" lon="121.5974857">
        <ele>490.0</ele>
      </trkpt>
      <trkpt lat="24.9598423" lon="121.5974413">
        <ele>490.0</ele>
      </trkpt>
      <trkpt lat="24.9598353" lon="121.5973879">
        <ele>490.0</ele>
      </trkpt>
      <trkpt lat="24.9598291" lon="121.5973793">
        <ele>490.0</ele>
      </trkpt>
      <trkpt lat="24.9598152" lon="121.5973408">
        <ele>490.0</ele>
      </trkpt>
      <trkpt lat="24.9598048" lon="121.5973258">
        <ele>490.0</ele>
      </trkpt>
      <trkpt lat="24.9597989" lon="121.5973095">
        <ele>490.0</ele>
      </trkpt>
      <trkpt lat="24.9598043" lon="121.5972392">
        <ele>491.0</ele>
      </trkpt>
      <trkpt lat="24.959802" lon="121.5972247">
        <ele>491.0</ele>
      </trkpt>
      <trkpt lat="24.9598115" lon="121.5971679">
        <ele>492.0</ele>
      </trkpt>
      <trkpt lat="24.9598172" lon="121.5971606">
        <ele>493.0</ele>
      </trkpt>
      <trkpt lat="24.9598199" lon="121.5971434">
        <ele>493.0</ele>
      </trkpt>
      <trkpt lat="24.9598258" lon="121.5971334">
        <ele>493.0</ele>
      </trkpt>
      <trkpt lat="24.9598701" lon="121.5971081">
        <ele>495.0</ele>
      </trkpt>
      <trkpt lat="24.9598963" lon="121.5971074">
        <ele>496.0</ele>
      </trkpt>
      <trkpt lat="24.9598986" lon="121.5970756">
        <ele>496.0</ele>
      </trkpt>
      <trkpt lat="24.9599062" lon="121.5970423">
        <ele>497.0</ele>
      </trkpt>
      <trkpt lat="24.9599175" lon="121.5970471">
        <ele>497.0</ele>
      </trkpt>
      <trkpt lat="24.9599377" lon="121.5970254">
        <ele>498.0</ele>
      </trkpt>
      <trkpt lat="24.9599774" lon="121.5970181">
        <ele>499.0</ele>
      </trkpt>
      <trkpt lat="24.960029" lon="121.5969936">
        <ele>500.0</ele>
      </trkpt>
      <trkpt lat="24.9600377" lon="121.5969516">
        <ele>500.0</ele>
      </trkpt>
      <trkpt lat="24.9600675" lon="121.5969309">
        <ele>500.0</ele>
      </trkpt>
      <trkpt lat="24.9600907" lon="121.5968818">
        <ele>500.0</ele>
      </trkpt>
      <trkpt lat="24.9601114" lon="121.5968756">
        <ele>500.0</ele>
      </trkpt>
      <trkpt lat="24.9601157" lon="121.596869">
        <ele>500.0</ele>
      </trkpt>
      <trkpt lat="24.9601255" lon="121.5968636">
        <ele>500.0</ele>
      </trkpt>
      <trkpt lat="24.9601711" lon="121.5968652">
        <ele>500.0</ele>
      </trkpt>
      <trkpt lat="24.9601897" lon="121.5968288">
        <ele>500.0</ele>
      </trkpt>
      <trkpt lat="24.960226" lon="121.5967875">
        <ele>500.0</ele>
      </trkpt>
      <trkpt lat="24.9602597" lon="121.5967978">
        <ele>499.0</ele>
      </trkpt>
      <trkpt lat="24.9603332" lon="121.5967578">
        <ele>499.0</ele>
      </trkpt>
      <trkpt lat="24.9603432" lon="121.5967161">
        <ele>499.0</ele>
      </trkpt>
      <trkpt lat="24.9603711" lon="121.5966802">
        <ele>499.0</ele>
      </trkpt>
      <trkpt lat="24.9604112" lon="121.5966416">
        <ele>498.0</ele>
      </trkpt>
      <trkpt lat="24.9604234" lon="121.5966334">
        <ele>498.0</ele>
      </trkpt>
      <trkpt lat="24.9604553" lon="121.596621">
        <ele>497.0</ele>
      </trkpt>
      <trkpt lat="24.9605047" lon="121.5965923">
        <ele>496.0</ele>
      </trkpt>
      <trkpt lat="24.9605443" lon="121.5965734">
        <ele>495.0</ele>
      </trkpt>
      <trkpt lat="24.9605712" lon="121.5965775">
        <ele>495.0</ele>
      </trkpt>
      <trkpt lat="24.9606584" lon="121.5965796">
        <ele>494.0</ele>
      </trkpt>
      <trkpt lat="24.9606788" lon="121.5965879">
        <ele>494.0</ele>
      </trkpt>
      <trkpt lat="24.9607827" lon="121.5965827">
        <ele>492.0</ele>
      </trkpt>
      <trkpt lat="24.9608026" lon="121.5965661">
        <ele>492.0</ele>
      </trkpt>
      <trkpt lat="24.9608375" lon="121.5965497">
        <ele>491.0</ele>
      </trkpt>
      <trkpt lat="24.9608458" lon="121.5965397">
        <ele>490.0</ele>
      </trkpt>
      <trkpt lat="24.9608633" lon="121.5965311">
        <ele>490.0</ele>
      </trkpt>
      <trkpt lat="24.9608842" lon="121.5964848">
        <ele>488.0</ele>
      </trkpt>
      <trkpt lat="24.960907" lon="121.5964737">
        <ele>487.0</ele>
      </trkpt>
      <trkpt lat="24.9609238" lon="121.5964584">
        <ele>486.0</ele>
      </trkpt>
      <trkpt lat="24.9609174" lon="121.5964558">
        <ele>486.0</ele>
      </trkpt>
      <trkpt lat="24.9609235" lon="121.5964143">
        <ele>485.0</ele>
      </trkpt>
      <trkpt lat="24.9609258" lon="121.5963367">
        <ele>483.0</ele>
      </trkpt>
      <trkpt lat="24.9609538" lon="121.5962836">
        <ele>481.0</ele>
      </trkpt>
      <trkpt lat="24.9609789" lon="121.5962749">
        <ele>481.0</ele>
      </trkpt>
      <trkpt lat="24.9609887" lon="121.5962623">
        <ele>480.0</ele>
      </trkpt>
      <trkpt lat="24.9609865" lon="121.5962552">
        <ele>480.0</ele>
      </trkpt>
      <trkpt lat="24.9609993" lon="121.5962066">
        <ele>479.0</ele>
      </trkpt>
      <trkpt lat="24.9610201" lon="121.5961754">
        <ele>478.0</ele>
      </trkpt>
      <trkpt lat="24.9610323" lon="121.5961755">
        <ele>478.0</ele>
      </trkpt>
      <trkpt lat="24.961055" lon="121.5961621">
        <ele>477.0</ele>
      </trkpt>
      <trkpt lat="24.9610701" lon="121.5961283">
        <ele>476.0</ele>
      </trkpt>
      <trkpt lat="24.9610674" lon="121.5960874">
        <ele>475.0</ele>
      </trkpt>
      <trkpt lat="24.9610615" lon="121.5960774">
        <ele>475.0</ele>
      </trkpt>
      <trkpt lat="24.9610828" lon="121.5960492">
        <ele>474.0</ele>
      </trkpt>
      <trkpt lat="24.9611021" lon="121.596006">
        <ele>473.0</ele>
      </trkpt>
      <trkpt lat="24.9611083" lon="121.5959734">
        <ele>472.0</ele>
      </trkpt>
      <trkpt lat="24.961128" lon="121.5959541">
        <ele>472.0</ele>
      </trkpt>
      <trkpt lat="24.9611387" lon="121.5959588">
        <ele>472.0</ele>
      </trkpt>
      <trkpt lat="24.9612259" lon="121.5958672">
        <ele>469.0</ele>
      </trkpt>
      <trkpt lat="24.9612398" lon="121.5958457">
        <ele>469.0</ele>
      </trkpt>
      <trkpt lat="24.9612439" lon="121.5958241">
        <ele>468.0</ele>
      </trkpt>
      <trkpt lat="24.9612386" lon="121.5957358">
        <ele>467.0</ele>
      </trkpt>
      <trkpt lat="24.9612444" lon="121.5957267">
        <ele>467.0</ele>
      </trkpt>
      <trkpt lat="24.9613175" lon="121.5956709">
        <ele>466.0</ele>
      </trkpt>
      <trkpt lat="24.9613242" lon="121.5956696">
        <ele>466.0</ele>
      </trkpt>
      <trkpt lat="24.9613295" lon="121.5956644">
        <ele>465.0</ele>
      </trkpt>
      <trkpt lat="24.9613357" lon="121.5956651">
        <ele>465.0</ele>
      </trkpt>
      <trkpt lat="24.9613485" lon="121.5956525">
        <ele>465.0</ele>
      </trkpt>
      <trkpt lat="24.961352" lon="121.5956397">
        <ele>465.0</ele>
      </trkpt>
      <trkpt lat="24.9613619" lon="121.5956238">
        <ele>465.0</ele>
      </trkpt>
      <trkpt lat="24.9613734" lon="121.5955901">
        <ele>464.0</ele>
      </trkpt>
      <trkpt lat="24.9613936" lon="121.5955014">
        <ele>463.0</ele>
      </trkpt>
      <trkpt lat="24.9613884" lon="121.5954519">
        <ele>463.0</ele>
      </trkpt>
      <trkpt lat="24.9613951" lon="121.5953305">
        <ele>461.0</ele>
      </trkpt>
      <trkpt lat="24.9613779" lon="121.5952923">
        <ele>461.0</ele>
      </trkpt>
      <trkpt lat="24.9613584" lon="121.595212">
        <ele>460.0</ele>
      </trkpt>
      <trkpt lat="24.9613926" lon="121.595147">
        <ele>459.0</ele>
      </trkpt>
      <trkpt lat="24.9614081" lon="121.5951419">
        <ele>459.0</ele>
      </trkpt>
      <trkpt lat="24.9614298" lon="121.5951398">
        <ele>460.0</ele>
      </trkpt>
      <trkpt lat="24.9614623" lon="121.5951131">
        <ele>460.0</ele>
      </trkpt>
      <trkpt lat="24.9614787" lon="121.5950922">
        <ele>460.0</ele>
      </trkpt>
      <trkpt lat="24.9614897" lon="121.595064">
        <ele>459.0</ele>
      </trkpt>
      <trkpt lat="24.9615211" lon="121.5950084">
        <ele>459.0</ele>
      </trkpt>
      <trkpt lat="24.9615258" lon="121.5949769">
        <ele>459.0</ele>
      </trkpt>
      <trkpt lat="24.9615452" lon="121.5949668">
        <ele>459.0</ele>
      </trkpt>
      <trkpt lat="24.9615614" lon="121.5949793">
        <ele>459.0</ele>
      </trkpt>
      <trkpt lat="24.9615788" lon="121.594975">
        <ele>459.0</ele>
      </trkpt>
      <trkpt lat="24.9615856" lon="121.5949621">
        <ele>459.0</ele>
      </trkpt>
      <trkpt lat="24.9616132" lon="121.5949321">
        <ele>459.0</ele>
      </trkpt>
      <trkpt lat="24.9616339" lon="121.5948938">
        <ele>459.0</ele>
      </trkpt>
      <trkpt lat="24.9616395" lon="121.5948596">
        <ele>458.0</ele>
      </trkpt>
      <trkpt lat="24.9616718" lon="121.5948516">
        <ele>458.0</ele>
      </trkpt>
      <trkpt lat="24.9616942" lon="121.594854">
        <ele>458.0</ele>
      </trkpt>
      <trkpt lat="24.9617238" lon="121.5948352">
        <ele>457.0</ele>
      </trkpt>
      <trkpt lat="24.9617899" lon="121.5948342">
        <ele>455.0</ele>
      </trkpt>
      <trkpt lat="24.9618366" lon="121.5948511">
        <ele>454.0</ele>
      </trkpt>
      <trkpt lat="24.9618683" lon="121.5948409">
        <ele>453.0</ele>
      </trkpt>
      <trkpt lat="24.9619871" lon="121.5948268">
        <ele>450.0</ele>
      </trkpt>
      <trkpt lat="24.9620002" lon="121.5948016">
        <ele>449.0</ele>
      </trkpt>
      <trkpt lat="24.9620404" lon="121.5947763">
        <ele>448.0</ele>
      </trkpt>
      <trkpt lat="24.9620521" lon="121.5947371">
        <ele>447.0</ele>
      </trkpt>
      <trkpt lat="24.962053" lon="121.5947228">
        <ele>447.0</ele>
      </trkpt>
      <trkpt lat="24.9620853" lon="121.5947005">
        <ele>447.0</ele>
      </trkpt>
      <trkpt lat="24.9621208" lon="121.5946847">
        <ele>446.0</ele>
      </trkpt>
      <trkpt lat="24.9621336" lon="121.5946731">
        <ele>445.0</ele>
      </trkpt>
      <trkpt lat="24.9621578" lon="121.5946768">
        <ele>445.0</ele>
      </trkpt>
      <trkpt lat="24.9621824" lon="121.5946696">
        <ele>444.0</ele>
      </trkpt>
      <trkpt lat="24.9622536" lon="121.5946336">
        <ele>443.0</ele>
      </trkpt>
      <trkpt lat="24.9623111" lon="121.5945822">
        <ele>442.0</ele>
      </trkpt>
      <trkpt lat="24.9623989" lon="121.5945251">
        <ele>441.0</ele>
      </trkpt>
      <trkpt lat="24.9624471" lon="121.5945011">
        <ele>440.0</ele>
      </trkpt>
      <trkpt lat="24.9624656" lon="121.5944757">
        <ele>440.0</ele>
      </trkpt>
      <trkpt lat="24.9625135" lon="121.5943941">
        <ele>440.0</ele>
      </trkpt>
      <trkpt lat="24.9625814" lon="121.594351">
        <ele>440.0</ele>
      </trkpt>
      <trkpt lat="24.9626424" lon="121.5942923">
        <ele>441.0</ele>
      </trkpt>
      <trkpt lat="24.9626542" lon="121.5942867">
        <ele>441.0</ele>
      </trkpt>
      <trkpt lat="24.9627151" lon="121.594281">
        <ele>441.0</ele>
      </trkpt>
      <trkpt lat="24.9627202" lon="121.5942831">
        <ele>441.0</ele>
      </trkpt>
      <trkpt lat="24.9627354" lon="121.5942623">
        <ele>442.0</ele>
      </trkpt>
      <trkpt lat="24.9627808" lon="121.5942352">
        <ele>442.0</ele>
      </trkpt>
      <trkpt lat="24.9628135" lon="121.5942014">
        <ele>443.0</ele>
      </trkpt>
      <trkpt lat="24.9628484" lon="121.594178">
        <ele>444.0</ele>
      </trkpt>
      <trkpt lat="24.9628839" lon="121.5941598">
        <ele>444.0</ele>
      </trkpt>
      <trkpt lat="24.9629216" lon="121.5941552">
        <ele>444.0</ele>
      </trkpt>
      <trkpt lat="24.9629394" lon="121.5941493">
        <ele>444.0</ele>
      </trkpt>
      <trkpt lat="24.9629924" lon="121.5941109">
        <ele>444.0</ele>
      </trkpt>
      <trkpt lat="24.963036" lon="121.5941146">
        <ele>445.0</ele>
      </trkpt>
      <trkpt lat="24.9630994" lon="121.5940905">
        <ele>445.0</ele>
      </trkpt>
      <trkpt lat="24.9631449" lon="121.5940526">
        <ele>445.0</ele>
      </trkpt>
      <trkpt lat="24.9631721" lon="121.5939871">
        <ele>445.0</ele>
      </trkpt>
      <trkpt lat="24.9631875" lon="121.5939396">
        <ele>445.0</ele>
      </trkpt>
      <trkpt lat="24.9632365" lon="121.5938973">
        <ele>446.0</ele>
      </trkpt>
      <trkpt lat="24.9632925" lon="121.593875">
        <ele>447.0</ele>
      </trkpt>
      <trkpt lat="24.9633211" lon="121.5937806">
        <ele>447.0</ele>
      </trkpt>
      <trkpt lat="24.9633363" lon="121.59376">
        <ele>448.0</ele>
      </trkpt>
      <trkpt lat="24.9633414" lon="121.5937429">
        <ele>448.0</ele>
      </trkpt>
      <trkpt lat="24.9633434" lon="121.5936591">
        <ele>448.0</ele>
      </trkpt>
      <trkpt lat="24.9633724" lon="121.5935495">
        <ele>448.0</ele>
      </trkpt>
      <trkpt lat="24.9633776" lon="121.5935405">
        <ele>448.0</ele>
      </trkpt>
      <trkpt lat="24.9634295" lon="121.5935383">
        <ele>449.0</ele>
      </trkpt>
      <trkpt lat="24.9634695" lon="121.5935251">
        <ele>450.0</ele>
      </trkpt>
      <trkpt lat="24.9635545" lon="121.5935036">
        <ele>452.0</ele>
      </trkpt>
      <trkpt lat="24.9636242" lon="121.5934763">
        <ele>453.0</ele>
      </trkpt>
      <trkpt lat="24.963659" lon="121.5934552">
        <ele>454.0</ele>
      </trkpt>
      <trkpt lat="24.963686" lon="121.5933939">
        <ele>455.0</ele>
      </trkpt>
      <trkpt lat="24.963751" lon="121.5933838">
        <ele>456.0</ele>
      </trkpt>
      <trkpt lat="24.9637671" lon="121.59339">
        <ele>456.0</ele>
      </trkpt>
      <trkpt lat="24.9638146" lon="121.5933617">
        <ele>458.0</ele>
      </trkpt>
      <trkpt lat="24.9638275" lon="121.5933244">
        <ele>458.0</ele>
      </trkpt>
      <trkpt lat="24.9638144" lon="121.5932771">
        <ele>458.0</ele>
      </trkpt>
      <trkpt lat="24.9638397" lon="121.5932735">
        <ele>458.0</ele>
      </trkpt>
      <trkpt lat="24.9638464" lon="121.5932382">
        <ele>458.0</ele>
      </trkpt>
      <trkpt lat="24.9638245" lon="121.5931895">
        <ele>457.0</ele>
      </trkpt>
      <trkpt lat="24.9638232" lon="121.5931765">
        <ele>457.0</ele>
      </trkpt>
      <trkpt lat="24.9637954" lon="121.5931268">
        <ele>457.0</ele>
      </trkpt>
      <trkpt lat="24.9637996" lon="121.593107">
        <ele>457.0</ele>
      </trkpt>
      <trkpt lat="24.963808" lon="121.5929238">
        <ele>456.0</ele>
      </trkpt>
      <trkpt lat="24.9638178" lon="121.592887">
        <ele>456.0</ele>
      </trkpt>
      <trkpt lat="24.9638188" lon="121.5928299">
        <ele>456.0</ele>
      </trkpt>
      <trkpt lat="24.9637791" lon="121.5927305">
        <ele>454.0</ele>
      </trkpt>
      <trkpt lat="24.9637659" lon="121.5927051">
        <ele>454.0</ele>
      </trkpt>
      <trkpt lat="24.9637101" lon="121.5926192">
        <ele>453.0</ele>
      </trkpt>
      <trkpt lat="24.9636913" lon="121.592596">
        <ele>452.0</ele>
      </trkpt>
      <trkpt lat="24.9636658" lon="121.5925357">
        <ele>452.0</ele>
      </trkpt>
      <trkpt lat="24.9636439" lon="121.5924313">
        <ele>451.0</ele>
      </trkpt>
      <trkpt lat="24.9636449" lon="121.5922957">
        <ele>451.0</ele>
      </trkpt>
      <trkpt lat="24.9636047" lon="121.5921858">
        <ele>450.0</ele>
      </trkpt>
      <trkpt lat="24.9635955" lon="121.5921335">
        <ele>450.0</ele>
      </trkpt>
      <trkpt lat="24.9635767" lon="121.5920774">
        <ele>450.0</ele>
      </trkpt>
      <trkpt lat="24.9635666" lon="121.5920623">
        <ele>449.0</ele>
      </trkpt>
      <trkpt lat="24.9635796" lon="121.5920112">
        <ele>450.0</ele>
      </trkpt>
      <trkpt lat="24.9636092" lon="121.5919671">
        <ele>450.0</ele>
      </trkpt>
      <trkpt lat="24.9636545" lon="121.5919185">
        <ele>451.0</ele>
      </trkpt>
      <trkpt lat="24.9636817" lon="121.5919062">
        <ele>452.0</ele>
      </trkpt>
      <trkpt lat="24.9637221" lon="121.5918769">
        <ele>452.0</ele>
      </trkpt>
      <trkpt lat="24.963756" lon="121.5918769">
        <ele>453.0</ele>
      </trkpt>
      <trkpt lat="24.9637796" lon="121.5918849">
        <ele>454.0</ele>
      </trkpt>
      <trkpt lat="24.9637904" lon="121.591882">
        <ele>454.0</ele>
      </trkpt>
      <trkpt lat="24.963842" lon="121.5918463">
        <ele>455.0</ele>
      </trkpt>
      <trkpt lat="24.9638625" lon="121.5918008">
        <ele>455.0</ele>
      </trkpt>
      <trkpt lat="24.9638789" lon="121.5917967">
        <ele>456.0</ele>
      </trkpt>
      <trkpt lat="24.9639092" lon="121.591811">
        <ele>456.0</ele>
      </trkpt>
      <trkpt lat="24.9639181" lon="121.5918064">
        <ele>456.0</ele>
      </trkpt>
      <trkpt lat="24.9639262" lon="121.5917911">
        <ele>457.0</ele>
      </trkpt>
      <trkpt lat="24.9639245" lon="121.5917697">
        <ele>457.0</ele>
      </trkpt>
      <trkpt lat="24.9639137" lon="121.5917356">
        <ele>456.0</ele>
      </trkpt>
      <trkpt lat="24.9639206" lon="121.5916188">
        <ele>457.0</ele>
      </trkpt>
      <trkpt lat="24.9638744" lon="121.5915306">
        <ele>455.0</ele>
      </trkpt>
      <trkpt lat="24.963882" lon="121.5915">
        <ele>456.0</ele>
      </trkpt>
      <trkpt lat="24.9638925" lon="121.5914738">
        <ele>456.0</ele>
      </trkpt>
      <trkpt lat="24.9639137" lon="121.591445">
        <ele>456.0</ele>
      </trkpt>
      <trkpt lat="24.9639226" lon="121.5914401">
        <ele>456.0</ele>
      </trkpt>
      <trkpt lat="24.9639856" lon="121.5914438">
        <ele>458.0</ele>
      </trkpt>
      <trkpt lat="24.9640264" lon="121.5914233">
        <ele>459.0</ele>
      </trkpt>
      <trkpt lat="24.9640378" lon="121.5914223">
        <ele>459.0</ele>
      </trkpt>
      <trkpt lat="24.9640564" lon="121.5913806">
        <ele>459.0</ele>
      </trkpt>
      <trkpt lat="24.9640525" lon="121.5913622">
        <ele>459.0</ele>
      </trkpt>
      <trkpt lat="24.9640751" lon="121.5913218">
        <ele>460.0</ele>
      </trkpt>
      <trkpt lat="24.964097" lon="121.5913007">
        <ele>460.0</ele>
      </trkpt>
      <trkpt lat="24.9641185" lon="121.5912871">
        <ele>460.0</ele>
      </trkpt>
      <trkpt lat="24.9641324" lon="121.5912232">
        <ele>461.0</ele>
      </trkpt>
      <trkpt lat="24.9641406" lon="121.5912081">
        <ele>461.0</ele>
      </trkpt>
      <trkpt lat="24.9641717" lon="121.5911786">
        <ele>461.0</ele>
      </trkpt>
      <trkpt lat="24.9642224" lon="121.5911496">
        <ele>459.0</ele>
      </trkpt>
      <trkpt lat="24.964237" lon="121.5911344">
        <ele>459.0</ele>
      </trkpt>
      <trkpt lat="24.9642519" lon="121.5910678">
        <ele>458.0</ele>
      </trkpt>
      <trkpt lat="24.9642592" lon="121.5910483">
        <ele>458.0</ele>
      </trkpt>
      <trkpt lat="24.9642613" lon="121.5910321">
        <ele>457.0</ele>
      </trkpt>
      <trkpt lat="24.9642587" lon="121.591004">
        <ele>458.0</ele>
      </trkpt>
      <trkpt lat="24.9642644" lon="121.5909856">
        <ele>457.0</ele>
      </trkpt>
      <trkpt lat="24.9642587" lon="121.5909465">
        <ele>458.0</ele>
      </trkpt>
      <trkpt lat="24.9642463" lon="121.5909165">
        <ele>458.0</ele>
      </trkpt>
      <trkpt lat="24.9642481" lon="121.5909065">
        <ele>458.0</ele>
      </trkpt>
      <trkpt lat="24.9642296" lon="121.590872">
        <ele>459.0</ele>
      </trkpt>
      <trkpt lat="24.9642285" lon="121.5908205">
        <ele>458.0</ele>
      </trkpt>
      <trkpt lat="24.9642383" lon="121.5907969">
        <ele>457.0</ele>
      </trkpt>
      <trkpt lat="24.9642271" lon="121.5907698">
        <ele>457.0</ele>
      </trkpt>
      <trkpt lat="24.964223" lon="121.5907738">
        <ele>457.0</ele>
      </trkpt>
      <trkpt lat="24.9642189" lon="121.5907688">
        <ele>457.0</ele>
      </trkpt>
      <trkpt lat="24.9643078" lon="121.5907759">
        <ele>454.0</ele>
      </trkpt>
      <trkpt lat="24.9643339" lon="121.5908">
        <ele>454.0</ele>
      </trkpt>
      <trkpt lat="24.9643603" lon="121.5908305">
        <ele>453.0</ele>
      </trkpt>
      <trkpt lat="24.9644036" lon="121.5908502">
        <ele>452.0</ele>
      </trkpt>
      <trkpt lat="24.9644131" lon="121.5908635">
        <ele>452.0</ele>
      </trkpt>
      <trkpt lat="24.9644447" lon="121.5908809">
        <ele>450.0</ele>
      </trkpt>
      <trkpt lat="24.9644669" lon="121.590881">
        <ele>449.0</ele>
      </trkpt>
      <trkpt lat="24.9644743" lon="121.5908643">
        <ele>449.0</ele>
      </trkpt>
      <trkpt lat="24.9645009" lon="121.5908533">
        <ele>448.0</ele>
      </trkpt>
      <trkpt lat="24.9645054" lon="121.5908419">
        <ele>448.0</ele>
      </trkpt>
      <trkpt lat="24.9644945" lon="121.5908569">
        <ele>448.0</ele>
      </trkpt>
      <trkpt lat="24.9644994" lon="121.590861">
        <ele>448.0</ele>
      </trkpt>
      <trkpt lat="24.9645022" lon="121.5908857">
        <ele>448.0</ele>
      </trkpt>
      <trkpt lat="24.9644772" lon="121.5908823">
        <ele>449.0</ele>
      </trkpt>
      <trkpt lat="24.9644741" lon="121.5908843">
        <ele>449.0</ele>
      </trkpt>
      <trkpt lat="24.9643515" lon="121.5908642">
        <ele>454.0</ele>
      </trkpt>
      <trkpt lat="24.9643164" lon="121.5908543">
        <ele>455.0</ele>
      </trkpt>
      <trkpt lat="24.9642532" lon="121.5908209">
        <ele>457.0</ele>
      </trkpt>
      <trkpt lat="24.9642266" lon="121.5908022">
        <ele>458.0</ele>
      </trkpt>
      <trkpt lat="24.9641683" lon="121.5907398">
        <ele>459.0</ele>
      </trkpt>
      <trkpt lat="24.9641655" lon="121.5907135">
        <ele>458.0</ele>
      </trkpt>
      <trkpt lat="24.9641693" lon="121.5906153">
        <ele>456.0</ele>
      </trkpt>
      <trkpt lat="24.9641761" lon="121.59057">
        <ele>455.0</ele>
      </trkpt>
      <trkpt lat="24.9641663" lon="121.5905534">
        <ele>455.0</ele>
      </trkpt>
      <trkpt lat="24.9641589" lon="121.5905281">
        <ele>454.0</ele>
      </trkpt>
      <trkpt lat="24.9641349" lon="121.5904782">
        <ele>452.0</ele>
      </trkpt>
      <trkpt lat="24.9641276" lon="121.5904737">
        <ele>452.0</ele>
      </trkpt>
      <trkpt lat="24.9641025" lon="121.5904321">
        <ele>451.0</ele>
      </trkpt>
      <trkpt lat="24.9641063" lon="121.5904203">
        <ele>451.0</ele>
      </trkpt>
      <trkpt lat="24.9641148" lon="121.5904108">
        <ele>451.0</ele>
      </trkpt>
      <trkpt lat="24.9640944" lon="121.5903855">
        <ele>450.0</ele>
      </trkpt>
      <trkpt lat="24.9640878" lon="121.5903659">
        <ele>449.0</ele>
      </trkpt>
      <trkpt lat="24.9640415" lon="121.5903115">
        <ele>448.0</ele>
      </trkpt>
      <trkpt lat="24.9640394" lon="121.5902776">
        <ele>447.0</ele>
      </trkpt>
      <trkpt lat="24.9640328" lon="121.590253">
        <ele>446.0</ele>
      </trkpt>
      <trkpt lat="24.9640376" lon="121.5902073">
        <ele>445.0</ele>
      </trkpt>
      <trkpt lat="24.9640585" lon="121.5901778">
        <ele>445.0</ele>
      </trkpt>
      <trkpt lat="24.9640698" lon="121.5901773">
        <ele>445.0</ele>
      </trkpt>
      <trkpt lat="24.9640901" lon="121.5901878">
        <ele>446.0</ele>
      </trkpt>
      <trkpt lat="24.9641061" lon="121.59017">
        <ele>445.0</ele>
      </trkpt>
      <trkpt lat="24.9641592" lon="121.5901633">
        <ele>446.0</ele>
      </trkpt>
      <trkpt lat="24.9641763" lon="121.5901291">
        <ele>445.0</ele>
      </trkpt>
      <trkpt lat="24.9641891" lon="121.5901172">
        <ele>444.0</ele>
      </trkpt>
      <trkpt lat="24.9642183" lon="121.5901216">
        <ele>442.0</ele>
      </trkpt>
      <trkpt lat="24.9642464" lon="121.5901408">
        <ele>442.0</ele>
      </trkpt>
      <trkpt lat="24.9642639" lon="121.5901403">
        <ele>441.0</ele>
      </trkpt>
      <trkpt lat="24.9642595" lon="121.5901258">
        <ele>441.0</ele>
      </trkpt>
      <trkpt lat="24.964267" lon="121.5901048">
        <ele>440.0</ele>
      </trkpt>
      <trkpt lat="24.9642489" lon="121.5900711">
        <ele>440.0</ele>
      </trkpt>
      <trkpt lat="24.9642522" lon="121.5900694">
        <ele>440.0</ele>
      </trkpt>
      <trkpt lat="24.9642559" lon="121.590059">
        <ele>439.0</ele>
      </trkpt>
      <trkpt lat="24.9642561" lon="121.5900411">
        <ele>439.0</ele>
      </trkpt>
      <trkpt lat="24.9642403" lon="121.589983">
        <ele>438.0</ele>
      </trkpt>
      <trkpt lat="24.9642389" lon="121.5899531">
        <ele>438.0</ele>
      </trkpt>
      <trkpt lat="24.9642455" lon="121.5899043">
        <ele>438.0</ele>
      </trkpt>
      <trkpt lat="24.9642789" lon="121.589867">
        <ele>436.0</ele>
      </trkpt>
      <trkpt lat="24.9642778" lon="121.58986">
        <ele>436.0</ele>
      </trkpt>
      <trkpt lat="24.9642934" lon="121.5898569">
        <ele>435.0</ele>
      </trkpt>
      <trkpt lat="24.9643141" lon="121.5898362">
        <ele>434.0</ele>
      </trkpt>
      <trkpt lat="24.9643221" lon="121.5898182">
        <ele>433.0</ele>
      </trkpt>
      <trkpt lat="24.964346" lon="121.5898054">
        <ele>432.0</ele>
      </trkpt>
      <trkpt lat="24.9643806" lon="121.5897759">
        <ele>430.0</ele>
      </trkpt>
      <trkpt lat="24.9643686" lon="121.5897561">
        <ele>430.0</ele>
      </trkpt>
      <trkpt lat="24.9643779" lon="121.5897485">
        <ele>429.0</ele>
      </trkpt>
      <trkpt lat="24.9643829" lon="121.5897334">
        <ele>429.0</ele>
      </trkpt>
      <trkpt lat="24.9643905" lon="121.5897316">
        <ele>428.0</ele>
      </trkpt>
      <trkpt lat="24.9643865" lon="121.5897186">
        <ele>429.0</ele>
      </trkpt>
      <trkpt lat="24.964324" lon="121.5896904">
        <ele>431.0</ele>
      </trkpt>
      <trkpt lat="24.964327" lon="121.5896672">
        <ele>431.0</ele>
      </trkpt>
      <trkpt lat="24.964332" lon="121.5896639">
        <ele>431.0</ele>
      </trkpt>
      <trkpt lat="24.9643675" lon="121.5896655">
        <ele>429.0</ele>
      </trkpt>
      <trkpt lat="24.9644165" lon="121.5896726">
        <ele>426.0</ele>
      </trkpt>
      <trkpt lat="24.964419" lon="121.5896624">
        <ele>426.0</ele>
      </trkpt>
      <trkpt lat="24.9644366" lon="121.5896513">
        <ele>425.0</ele>
      </trkpt>
      <trkpt lat="24.964425" lon="121.5896496">
        <ele>426.0</ele>
      </trkpt>
      <trkpt lat="24.9644236" lon="121.5896284">
        <ele>425.0</ele>
      </trkpt>
      <trkpt lat="24.9644377" lon="121.5896141">
        <ele>424.0</ele>
      </trkpt>
      <trkpt lat="24.9644434" lon="121.5895994">
        <ele>424.0</ele>
      </trkpt>
      <trkpt lat="24.9644423" lon="121.5895933">
        <ele>424.0</ele>
      </trkpt>
      <trkpt lat="24.9645173" lon="121.5895844">
        <ele>420.0</ele>
      </trkpt>
      <trkpt lat="24.9645541" lon="121.5895492">
        <ele>417.0</ele>
      </trkpt>
      <trkpt lat="24.9646279" lon="121.5895464">
        <ele>413.0</ele>
      </trkpt>
      <trkpt lat="24.96464" lon="121.589542">
        <ele>412.0</ele>
      </trkpt>
      <trkpt lat="24.9646252" lon="121.5895316">
        <ele>413.0</ele>
      </trkpt>
      <trkpt lat="24.964627" lon="121.5895186">
        <ele>412.0</ele>
      </trkpt>
      <trkpt lat="24.9645875" lon="121.5894871">
        <ele>414.0</ele>
      </trkpt>
      <trkpt lat="24.964617" lon="121.5894812">
        <ele>412.0</ele>
      </trkpt>
      <trkpt lat="24.9646357" lon="121.5894715">
        <ele>411.0</ele>
      </trkpt>
      <trkpt lat="24.9646182" lon="121.5894563">
        <ele>412.0</ele>
      </trkpt>
      <trkpt lat="24.9645488" lon="121.5894436">
        <ele>416.0</ele>
      </trkpt>
      <trkpt lat="24.964534" lon="121.5894375">
        <ele>416.0</ele>
      </trkpt>
      <trkpt lat="24.9645459" lon="121.5894322">
        <ele>416.0</ele>
      </trkpt>
      <trkpt lat="24.9645851" lon="121.589436">
        <ele>413.0</ele>
      </trkpt>
      <trkpt lat="24.9645888" lon="121.5894298">
        <ele>413.0</ele>
      </trkpt>
      <trkpt lat="24.9646056" lon="121.5894356">
        <ele>412.0</ele>
      </trkpt>
      <trkpt lat="24.9645837" lon="121.5894075">
        <ele>413.0</ele>
      </trkpt>
      <trkpt lat="24.9645644" lon="121.5893631">
        <ele>413.0</ele>
      </trkpt>
      <trkpt lat="24.9646852" lon="121.5893291">
        <ele>406.0</ele>
      </trkpt>
      <trkpt lat="24.9646907" lon="121.5893433">
        <ele>405.0</ele>
      </trkpt>
      <trkpt lat="24.9647726" lon="121.5893486">
        <ele>401.0</ele>
      </trkpt>
      <trkpt lat="24.9647871" lon="121.5893253">
        <ele>399.0</ele>
      </trkpt>
      <trkpt lat="24.9647455" lon="121.5892973">
        <ele>401.0</ele>
      </trkpt>
      <trkpt lat="24.9647457" lon="121.5892806">
        <ele>401.0</ele>
      </trkpt>
      <trkpt lat="24.9647604" lon="121.5892703">
        <ele>400.0</ele>
      </trkpt>
      <trkpt lat="24.9647213" lon="121.5892672">
        <ele>402.0</ele>
      </trkpt>
      <trkpt lat="24.9646984" lon="121.5892466">
        <ele>403.0</ele>
      </trkpt>
      <trkpt lat="24.9646892" lon="121.5892419">
        <ele>404.0</ele>
      </trkpt>
      <trkpt lat="24.9647323" lon="121.5892293">
        <ele>401.0</ele>
      </trkpt>
      <trkpt lat="24.9646999" lon="121.5892143">
        <ele>402.0</ele>
      </trkpt>
      <trkpt lat="24.9646291" lon="121.5891713">
        <ele>406.0</ele>
      </trkpt>
      <trkpt lat="24.9646208" lon="121.5891581">
        <ele>407.0</ele>
      </trkpt>
      <trkpt lat="24.9646172" lon="121.5891443">
        <ele>407.0</ele>
      </trkpt>
      <trkpt lat="24.9646384" lon="121.5891356">
        <ele>405.0</ele>
      </trkpt>
      <trkpt lat="24.9646456" lon="121.5891218">
        <ele>405.0</ele>
      </trkpt>
      <trkpt lat="24.964655" lon="121.5891205">
        <ele>404.0</ele>
      </trkpt>
      <trkpt lat="24.9647751" lon="121.5890434">
        <ele>397.0</ele>
      </trkpt>
      <trkpt lat="24.964785" lon="121.5890018">
        <ele>396.0</ele>
      </trkpt>
      <trkpt lat="24.9648071" lon="121.5889856">
        <ele>395.0</ele>
      </trkpt>
      <trkpt lat="24.9648337" lon="121.5889422">
        <ele>393.0</ele>
      </trkpt>
      <trkpt lat="24.964834" lon="121.5889347">
        <ele>393.0</ele>
      </trkpt>
      <trkpt lat="24.9648092" lon="121.5889066">
        <ele>394.0</ele>
      </trkpt>
      <trkpt lat="24.964804" lon="121.5888662">
        <ele>395.0</ele>
      </trkpt>
      <trkpt lat="24.9647876" lon="121.5888331">
        <ele>396.0</ele>
      </trkpt>
      <trkpt lat="24.9648033" lon="121.5887966">
        <ele>395.0</ele>
      </trkpt>
      <trkpt lat="24.9647976" lon="121.5887876">
        <ele>395.0</ele>
      </trkpt>
      <trkpt lat="24.964811" lon="121.5887716">
        <ele>394.0</ele>
      </trkpt>
      <trkpt lat="24.9648327" lon="121.5887574">
        <ele>393.0</ele>
      </trkpt>
      <trkpt lat="24.9648396" lon="121.5887589">
        <ele>392.0</ele>
      </trkpt>
      <trkpt lat="24.9648604" lon="121.5887247">
        <ele>391.0</ele>
      </trkpt>
      <trkpt lat="24.9649168" lon="121.5887238">
        <ele>387.0</ele>
      </trkpt>
      <trkpt lat="24.9649166" lon="121.5887201">
        <ele>387.0</ele>
      </trkpt>
      <trkpt lat="24.9648833" lon="121.5887247">
        <ele>389.0</ele>
      </trkpt>
      <trkpt lat="24.9648909" lon="121.5886767">
        <ele>389.0</ele>
      </trkpt>
      <trkpt lat="24.9648665" lon="121.5886689">
        <ele>391.0</ele>
      </trkpt>
      <trkpt lat="24.9649016" lon="121.5887104">
        <ele>388.0</ele>
      </trkpt>
      <trkpt lat="24.9649118" lon="121.5887164">
        <ele>387.0</ele>
      </trkpt>
      <trkpt lat="24.9649315" lon="121.5886942">
        <ele>386.0</ele>
      </trkpt>
      <trkpt lat="24.9649553" lon="121.5886885">
        <ele>384.0</ele>
      </trkpt>
      <trkpt lat="24.9649832" lon="121.5887013">
        <ele>383.0</ele>
      </trkpt>
      <trkpt lat="24.9650262" lon="121.58868">
        <ele>380.0</ele>
      </trkpt>
      <trkpt lat="24.9650641" lon="121.5886818">
        <ele>379.0</ele>
      </trkpt>
      <trkpt lat="24.9651077" lon="121.5886576">
        <ele>377.0</ele>
      </trkpt>
      <trkpt lat="24.9651178" lon="121.588661">
        <ele>377.0</ele>
      </trkpt>
      <trkpt lat="24.965142" lon="121.5886521">
        <ele>376.0</ele>
      </trkpt>
      <trkpt lat="24.965171" lon="121.5886569">
        <ele>375.0</ele>
      </trkpt>
      <trkpt lat="24.9652357" lon="121.5886261">
        <ele>373.0</ele>
      </trkpt>
      <trkpt lat="24.965279" lon="121.5886204">
        <ele>371.0</ele>
      </trkpt>
      <trkpt lat="24.9653019" lon="121.5886301">
        <ele>370.0</ele>
      </trkpt>
      <trkpt lat="24.9653839" lon="121.5886276">
        <ele>367.0</ele>
      </trkpt>
      <trkpt lat="24.9653938" lon="121.5886244">
        <ele>367.0</ele>
      </trkpt>
      <trkpt lat="24.9654085" lon="121.5886134">
        <ele>366.0</ele>
      </trkpt>
      <trkpt lat="24.9654548" lon="121.588618">
        <ele>364.0</ele>
      </trkpt>
      <trkpt lat="24.9654781" lon="121.5886105">
        <ele>364.0</ele>
      </trkpt>
      <trkpt lat="24.9655467" lon="121.5886362">
        <ele>361.0</ele>
      </trkpt>
      <trkpt lat="24.9655636" lon="121.5886464">
        <ele>360.0</ele>
      </trkpt>
      <trkpt lat="24.9655716" lon="121.5886681">
        <ele>360.0</ele>
      </trkpt>
      <trkpt lat="24.96559" lon="121.5886802">
        <ele>359.0</ele>
      </trkpt>
      <trkpt lat="24.9656686" lon="121.5887158">
        <ele>357.0</ele>
      </trkpt>
      <trkpt lat="24.9657292" lon="121.5887735">
        <ele>354.0</ele>
      </trkpt>
      <trkpt lat="24.9657428" lon="121.5888104">
        <ele>354.0</ele>
      </trkpt>
      <trkpt lat="24.965806" lon="121.5888694">
        <ele>352.0</ele>
      </trkpt>
      <trkpt lat="24.9658271" lon="121.5888785">
        <ele>351.0</ele>
      </trkpt>
      <trkpt lat="24.9658863" lon="121.5889309">
        <ele>349.0</ele>
      </trkpt>
      <trkpt lat="24.9659582" lon="121.5889431">
        <ele>347.0</ele>
      </trkpt>
      <trkpt lat="24.9660035" lon="121.5889208">
        <ele>345.0</ele>
      </trkpt>
      <trkpt lat="24.9660354" lon="121.5888828">
        <ele>344.0</ele>
      </trkpt>
      <trkpt lat="24.9660743" lon="121.5888698">
        <ele>343.0</ele>
      </trkpt>
      <trkpt lat="24.9660892" lon="121.5888594">
        <ele>343.0</ele>
      </trkpt>
      <trkpt lat="24.966123" lon="121.5888209">
        <ele>342.0</ele>
      </trkpt>
      <trkpt lat="24.9661453" lon="121.5888181">
        <ele>341.0</ele>
      </trkpt>
      <trkpt lat="24.9661605" lon="121.5888034">
        <ele>341.0</ele>
      </trkpt>
      <trkpt lat="24.9661758" lon="121.588798">
        <ele>340.0</ele>
      </trkpt>
      <trkpt lat="24.9661921" lon="121.5888061">
        <ele>340.0</ele>
      </trkpt>
      <trkpt lat="24.9662019" lon="121.5888213">
        <ele>339.0</ele>
      </trkpt>
      <trkpt lat="24.9662458" lon="121.5888149">
        <ele>338.0</ele>
      </trkpt>
      <trkpt lat="24.9662506" lon="121.5888096">
        <ele>338.0</ele>
      </trkpt>
      <trkpt lat="24.9662924" lon="121.588801">
        <ele>336.0</ele>
      </trkpt>
      <trkpt lat="24.9663435" lon="121.5887695">
        <ele>335.0</ele>
      </trkpt>
      <trkpt lat="24.9663669" lon="121.5887828">
        <ele>334.0</ele>
      </trkpt>
      <trkpt lat="24.966382" lon="121.5887835">
        <ele>334.0</ele>
      </trkpt>
      <trkpt lat="24.9664236" lon="121.5887653">
        <ele>332.0</ele>
      </trkpt>
      <trkpt lat="24.9664266" lon="121.5887715">
        <ele>332.0</ele>
      </trkpt>
      <trkpt lat="24.9664722" lon="121.5887686">
        <ele>331.0</ele>
      </trkpt>
      <trkpt lat="24.9664992" lon="121.5887629">
        <ele>330.0</ele>
      </trkpt>
      <trkpt lat="24.9665114" lon="121.5887664">
        <ele>330.0</ele>
      </trkpt>
      <trkpt lat="24.9665478" lon="121.5887668">
        <ele>329.0</ele>
      </trkpt>
      <trkpt lat="24.9665718" lon="121.5887534">
        <ele>328.0</ele>
      </trkpt>
      <trkpt lat="24.9666034" lon="121.588769">
        <ele>327.0</ele>
      </trkpt>
      <trkpt lat="24.9666286" lon="121.5887611">
        <ele>326.0</ele>
      </trkpt>
      <trkpt lat="24.9666788" lon="121.5887367">
        <ele>325.0</ele>
      </trkpt>
      <trkpt lat="24.9666811" lon="121.5887305">
        <ele>325.0</ele>
      </trkpt>
      <trkpt lat="24.9666923" lon="121.5887246">
        <ele>325.0</ele>
      </trkpt>
      <trkpt lat="24.9667151" lon="121.5887169">
        <ele>324.0</ele>
      </trkpt>
      <trkpt lat="24.9667636" lon="121.5886914">
        <ele>323.0</ele>
      </trkpt>
      <trkpt lat="24.9667962" lon="121.5886633">
        <ele>323.0</ele>
      </trkpt>
      <trkpt lat="24.966854" lon="121.5886448">
        <ele>322.0</ele>
      </trkpt>
      <trkpt lat="24.9668871" lon="121.5886268">
        <ele>321.0</ele>
      </trkpt>
      <trkpt lat="24.9669049" lon="121.5886206">
        <ele>321.0</ele>
      </trkpt>
      <trkpt lat="24.9669292" lon="121.5886229">
        <ele>320.0</ele>
      </trkpt>
      <trkpt lat="24.9669395" lon="121.5886274">
        <ele>320.0</ele>
      </trkpt>
      <trkpt lat="24.9669652" lon="121.5886227">
        <ele>320.0</ele>
      </trkpt>
      <trkpt lat="24.967067" lon="121.5886165">
        <ele>318.0</ele>
      </trkpt>
      <trkpt lat="24.9670779" lon="121.5886217">
        <ele>318.0</ele>
      </trkpt>
      <trkpt lat="24.9671338" lon="121.5886333">
        <ele>317.0</ele>
      </trkpt>
      <trkpt lat="24.9672017" lon="121.5886159">
        <ele>316.0</ele>
      </trkpt>
      <trkpt lat="24.9672323" lon="121.5885966">
        <ele>315.0</ele>
      </trkpt>
      <trkpt lat="24.9673264" lon="121.5885696">
        <ele>314.0</ele>
      </trkpt>
      <trkpt lat="24.9673466" lon="121.5885355">
        <ele>313.0</ele>
      </trkpt>
      <trkpt lat="24.967375" lon="121.5885198">
        <ele>313.0</ele>
      </trkpt>
      <trkpt lat="24.9674195" lon="121.5884887">
        <ele>312.0</ele>
      </trkpt>
      <trkpt lat="24.9674561" lon="121.5884808">
        <ele>312.0</ele>
      </trkpt>
      <trkpt lat="24.9674982" lon="121.5884606">
        <ele>311.0</ele>
      </trkpt>
      <trkpt lat="24.9675379" lon="121.5884551">
        <ele>311.0</ele>
      </trkpt>
      <trkpt lat="24.9675786" lon="121.5884368">
        <ele>310.0</ele>
      </trkpt>
      <trkpt lat="24.9676443" lon="121.5884171">
        <ele>309.0</ele>
      </trkpt>
      <trkpt lat="24.9676636" lon="121.5884052">
        <ele>309.0</ele>
      </trkpt>
      <trkpt lat="24.967722" lon="121.5883851">
        <ele>308.0</ele>
      </trkpt>
      <trkpt lat="24.9677316" lon="121.5883856">
        <ele>308.0</ele>
      </trkpt>
      <trkpt lat="24.9677449" lon="121.5883705">
        <ele>308.0</ele>
      </trkpt>
      <trkpt lat="24.9677689" lon="121.5883561">
        <ele>308.0</ele>
      </trkpt>
      <trkpt lat="24.9677848" lon="121.5883536">
        <ele>307.0</ele>
      </trkpt>
      <trkpt lat="24.9678164" lon="121.5883177">
        <ele>307.0</ele>
      </trkpt>
      <trkpt lat="24.9678505" lon="121.5882933">
        <ele>306.0</ele>
      </trkpt>
      <trkpt lat="24.9679265" lon="121.5882778">
        <ele>305.0</ele>
      </trkpt>
      <trkpt lat="24.9679941" lon="121.5882713">
        <ele>304.0</ele>
      </trkpt>
      <trkpt lat="24.9680285" lon="121.5882522">
        <ele>303.0</ele>
      </trkpt>
      <trkpt lat="24.9680965" lon="121.588226">
        <ele>302.0</ele>
      </trkpt>
      <trkpt lat="24.9681119" lon="121.5882261">
        <ele>302.0</ele>
      </trkpt>
      <trkpt lat="24.9681514" lon="121.5882371">
        <ele>301.0</ele>
      </trkpt>
      <trkpt lat="24.9681755" lon="121.5882396">
        <ele>301.0</ele>
      </trkpt>
      <trkpt lat="24.9682305" lon="121.5882338">
        <ele>300.0</ele>
      </trkpt>
      <trkpt lat="24.9682643" lon="121.5882251">
        <ele>299.0</ele>
      </trkpt>
      <trkpt lat="24.9682884" lon="121.5882327">
        <ele>299.0</ele>
      </trkpt>
      <trkpt lat="24.9682956" lon="121.5882213">
        <ele>299.0</ele>
      </trkpt>
      <trkpt lat="24.9683136" lon="121.5882161">
        <ele>298.0</ele>
      </trkpt>
      <trkpt lat="24.9683567" lon="121.588217">
        <ele>298.0</ele>
      </trkpt>
      <trkpt lat="24.9684587" lon="121.5882513">
        <ele>297.0</ele>
      </trkpt>
      <trkpt lat="24.9685207" lon="121.5882757">
        <ele>296.0</ele>
      </trkpt>
      <trkpt lat="24.9685658" lon="121.5883021">
        <ele>295.0</ele>
      </trkpt>
      <trkpt lat="24.9686172" lon="121.5883236">
        <ele>295.0</ele>
      </trkpt>
    </trkseg>
  </trk>
</gpx>
